Learner_ID,Age,Profession,Region,Learner_Segment,Subscription_Plan,Monthly_Fee,Months_Active,Courses_Enrolled,Courses_Completed,Completion_Rate,Weekly_Hours,Login_Frequency,Last_Login_Days,Coupon_Used,Discount_Availed,Payment_Mode,Support_Tickets,Renewed_Last_Cycle
L00001,25,Ex-Marketer,Hyderabad,Career Switcher,Standard,599,12,1,1,1.0,5.7,16,2,Y,7,UPI,0,Y
L00002,31,Freelancer,Jaipur,Casual Learner,Basic,299,1,3,1,0.33,3.2,2,74,Y,25,UPI,1,N
L00003,29,HR Executive,Pune,Working Professional,Pro,999,12,5,3,0.6,6.8,9,12,N,0,Netbanking,1,Y
L00004,19,Student,Bengaluru,College Student,Pro,999,2,3,2,0.67,4.7,11,40,Y,14,Netbanking,0,N
L00005,23,Student,Delhi NCR,College Student,Standard,599,5,6,3,0.5,8.9,14,35,N,0,UPI,1,N
L00006,30,Student,Bengaluru,Casual Learner,Basic,299,10,7,2,0.29,3.6,3,47,N,0,Wallet,2,N
L00007,22,Student,Ahmedabad,College Student,Pro,999,7,13,7,0.54,4.5,6,32,Y,12,Card,3,N
L00008,33,Sales Executive,Pune,Working Professional,Premium,1499,1,13,10,0.77,8.1,9,17,N,0,UPI,1,Y
L00009,35,Data Analyst,Delhi NCR,Working Professional,Pro,999,2,4,3,0.75,9.2,12,20,Y,13,UPI,1,Y
L00010,20,Student,Hyderabad,College Student,Basic,299,10,13,9,0.69,8.6,5,31,Y,13,Wallet,1,Y
L00011,35,Consultant,Hyderabad,Certification Seeker,Pro,999,7,8,7,0.88,8.0,11,14,Y,7,Netbanking,0,Y
L00012,19,Student,Bengaluru,College Student,Standard,599,1,4,2,0.5,3.6,4,21,Y,20,Card,3,Y
L00013,30,Marketing Executive,Bengaluru,Working Professional,Basic,299,7,1,1,1.0,6.1,14,14,N,0,UPI,0,Y
L00014,25,Marketing Executive,Hyderabad,Working Professional,Standard,599,8,14,10,0.71,4.8,10,8,N,0,Wallet,0,Y
L00015,20,Software Engineer,Hyderabad,Power Learner,Pro,999,8,1,1,1.0,14.8,26,0,N,0,Netbanking,1,Y
L00016,41,Part-time Worker,Jaipur,Casual Learner,Basic,299,5,6,1,0.17,1.3,1,89,Y,22,Card,1,N
L00017,19,Student,Bengaluru,College Student,Standard,599,4,1,1,1.0,4.8,13,15,N,0,Wallet,1,N
L00018,23,Student,Hyderabad,College Student,Basic,299,3,13,6,0.46,6.7,8,29,N,0,UPI,3,N
L00019,28,Ex-Teacher,Hyderabad,Career Switcher,Pro,999,3,3,2,0.67,11.5,9,7,N,0,Netbanking,0,Y
L00020,28,Ex-Banker,Pune,Career Switcher,Standard,599,2,4,2,0.5,10.2,10,8,N,0,Card,2,Y
L00021,18,Student,Ahmedabad,College Student,Standard,599,1,3,2,0.67,2.0,6,40,N,0,Wallet,0,Y
L00022,42,Data Scientist,Mumbai,Power Learner,Premium,1499,10,6,5,0.83,15.5,26,1,N,0,UPI,1,Y
L00023,18,Student,Ahmedabad,College Student,Premium,1499,12,13,10,0.77,3.1,7,10,Y,18,Card,1,Y
L00024,34,Marketing Executive,Pune,Working Professional,Standard,599,12,14,9,0.64,4.6,8,15,N,0,Netbanking,2,N
L00025,29,Software Engineer,Hyderabad,Certification Seeker,Standard,599,5,7,6,0.86,7.3,10,11,N,0,Netbanking,0,Y
L00026,25,Consultant,Mumbai,Power Learner,Pro,999,7,9,8,0.89,13.5,25,3,Y,14,Card,1,Y
L00027,32,HR Executive,Hyderabad,Working Professional,Standard,599,2,14,9,0.64,9.7,13,19,Y,14,Netbanking,3,Y
L00028,35,Freelancer,Hyderabad,Casual Learner,Basic,299,7,14,3,0.21,2.9,2,58,Y,16,Wallet,5,N
L00029,31,Sales Executive,Hyderabad,Working Professional,Pro,999,12,11,8,0.73,5.0,9,9,N,0,UPI,0,Y
L00030,19,Student,Mumbai,College Student,Basic,299,8,11,6,0.55,6.3,5,29,N,0,Wallet,3,Y
L00031,23,Student,Bengaluru,College Student,Standard,599,4,4,1,0.25,3.2,12,29,N,0,UPI,4,Y
L00032,32,HR Executive,Chennai,Working Professional,Premium,1499,8,9,7,0.78,7.7,16,13,N,0,Card,1,Y
L00033,44,Student,Jaipur,Casual Learner,Basic,299,5,6,1,0.17,2.0,6,56,Y,21,Card,2,N
L00034,40,Freelancer,Bengaluru,Casual Learner,Basic,299,6,7,1,0.14,2.4,4,27,Y,25,UPI,5,Y
L00035,20,Student,Ahmedabad,College Student,Pro,999,7,8,6,0.75,5.8,12,38,Y,19,UPI,1,Y
L00036,37,Ex-Banker,Jaipur,Career Switcher,Premium,1499,10,7,4,0.57,8.7,14,0,Y,10,UPI,2,Y
L00037,20,Student,Ahmedabad,College Student,Basic,299,7,9,3,0.33,3.8,5,30,Y,29,Card,1,N
L00038,25,Ex-Banker,Hyderabad,Career Switcher,Pro,999,10,10,7,0.7,6.1,10,15,N,0,Wallet,1,Y
L00039,22,Student,Delhi NCR,College Student,Pro,999,2,7,4,0.57,6.1,8,36,Y,24,UPI,1,Y
L00040,45,Part-time Worker,Bengaluru,Casual Learner,Standard,599,10,6,1,0.17,3.2,3,88,Y,23,UPI,4,N
L00041,20,Student,Delhi NCR,College Student,Basic,299,12,15,9,0.6,5.7,14,17,Y,20,Wallet,2,Y
L00042,18,Student,Jaipur,College Student,Basic,299,8,8,4,0.5,6.0,14,24,N,0,Card,3,Y
L00043,28,Student,Pune,Casual Learner,Basic,299,9,8,3,0.38,3.8,1,50,N,0,Card,4,N
L00044,24,Software Engineer,Pune,Working Professional,Standard,599,12,6,4,0.67,5.5,13,15,N,0,Netbanking,2,Y
L00045,20,Student,Bengaluru,College Student,Standard,599,6,12,5,0.42,2.8,12,11,Y,24,Netbanking,0,N
L00046,29,Marketing Executive,Pune,Working Professional,Basic,299,9,12,9,0.75,4.8,8,1,N,0,Wallet,0,N
L00047,40,Ex-Operations,Jaipur,Career Switcher,Standard,599,1,7,5,0.71,6.8,15,3,N,0,UPI,0,Y
L00048,34,Ex-Teacher,Hyderabad,Career Switcher,Standard,599,7,7,5,0.71,9.2,17,7,N,0,Wallet,1,N
L00049,29,Software Engineer,Bengaluru,Power Learner,Premium,1499,4,3,2,0.67,16.3,24,0,N,0,Card,0,Y
L00050,33,Student,Mumbai,Casual Learner,Basic,299,12,15,5,0.33,1.5,4,29,Y,26,Card,4,Y
L00051,19,Student,Delhi NCR,College Student,Basic,299,3,8,6,0.75,7.5,13,36,Y,24,Wallet,1,Y
L00052,25,HR Executive,Mumbai,Working Professional,Premium,1499,12,11,6,0.55,5.9,12,0,N,0,UPI,2,Y
L00053,23,Retired,Jaipur,Casual Learner,Pro,999,3,8,4,0.5,4.0,4,82,Y,17,UPI,1,N
L00054,27,Retired,Mumbai,Casual Learner,Basic,299,6,14,6,0.43,1.4,1,71,N,0,Wallet,3,Y
L00055,33,Sales Executive,Jaipur,Working Professional,Pro,999,4,12,8,0.67,5.6,10,9,N,0,UPI,1,N
L00056,24,HR Executive,Ahmedabad,Working Professional,Basic,299,2,8,6,0.75,6.8,9,20,N,0,Netbanking,1,Y
L00057,31,Marketing Executive,Jaipur,Working Professional,Pro,999,7,5,4,0.8,5.1,16,4,N,0,Wallet,1,N
L00058,24,Data Analyst,Pune,Working Professional,Pro,999,10,8,5,0.62,10.0,15,4,N,0,Wallet,3,N
L00059,29,Manager,Hyderabad,Certification Seeker,Pro,999,7,7,6,0.86,3.2,13,22,N,0,Card,1,N
L00060,22,Student,Bengaluru,College Student,Pro,999,8,7,4,0.57,2.7,11,0,N,0,Card,0,Y
L00061,30,Entrepreneur,Bengaluru,Power Learner,Premium,1499,11,15,13,0.87,18.6,26,2,N,0,UPI,0,Y
L00062,27,Freelancer,Bengaluru,Casual Learner,Basic,299,2,12,3,0.25,3.2,6,32,Y,11,Netbanking,1,Y
L00063,26,Marketing Executive,Ahmedabad,Working Professional,Pro,999,3,10,8,0.8,5.0,9,19,N,0,Wallet,0,Y
L00064,39,Ex-Marketer,Mumbai,Career Switcher,Premium,1499,8,6,3,0.5,11.3,18,5,N,0,Netbanking,3,Y
L00065,28,Marketing Executive,Ahmedabad,Working Professional,Premium,1499,2,12,8,0.67,5.4,13,18,N,0,Wallet,2,Y
L00066,23,Manager,Pune,Certification Seeker,Pro,999,4,10,8,0.8,6.0,11,7,N,0,Card,0,N
L00067,34,Ex-Operations,Mumbai,Career Switcher,Pro,999,12,3,2,0.67,5.9,12,10,N,0,Netbanking,2,N
L00068,21,Student,Chennai,College Student,Standard,599,8,12,8,0.67,8.7,6,14,N,0,Wallet,2,Y
L00069,28,HR Executive,Bengaluru,Working Professional,Pro,999,11,11,7,0.64,8.5,12,18,N,0,UPI,1,Y
L00070,35,Unemployed (Upskilling),Hyderabad,Career Switcher,Pro,999,11,1,1,1.0,10.8,12,13,N,0,Netbanking,1,Y
L00071,22,Student,Ahmedabad,College Student,Standard,599,11,12,7,0.58,8.6,12,26,Y,18,UPI,3,Y
L00072,30,Software Engineer,Chennai,Certification Seeker,Standard,599,8,6,5,0.83,7.8,11,3,N,0,Netbanking,0,Y
L00073,18,Student,Bengaluru,College Student,Standard,599,11,4,3,0.75,6.5,4,3,N,0,Card,0,Y
L00074,31,Ex-Banker,Chennai,Career Switcher,Pro,999,10,13,9,0.69,5.0,10,4,Y,12,UPI,1,Y
L00075,25,Part-time Worker,Chennai,Casual Learner,Basic,299,5,12,3,0.25,0.7,6,73,Y,19,Netbanking,5,N
L00076,27,HR Executive,Mumbai,Working Professional,Pro,999,11,1,1,1.0,7.1,15,20,N,0,Wallet,1,Y
L00077,31,Software Engineer,Bengaluru,Working Professional,Standard,599,3,9,7,0.78,4.4,12,19,N,0,Wallet,1,Y
L00078,28,Ex-Teacher,Hyderabad,Career Switcher,Pro,999,4,2,1,0.5,7.9,15,12,N,0,Netbanking,2,Y
L00079,21,Student,Bengaluru,College Student,Standard,599,2,10,6,0.6,5.0,9,8,N,0,Netbanking,0,Y
L00080,35,Software Engineer,Pune,Certification Seeker,Pro,999,6,8,5,0.62,3.5,14,6,N,0,UPI,2,N
L00081,28,HR Executive,Hyderabad,Working Professional,Pro,999,9,11,8,0.73,9.8,16,0,N,0,Netbanking,0,Y
L00082,27,Student,Chennai,Casual Learner,Basic,299,3,11,2,0.18,2.5,4,28,N,0,UPI,5,Y
L00083,29,Marketing Executive,Chennai,Working Professional,Standard,599,6,13,8,0.62,8.7,9,1,N,0,UPI,2,Y
L00084,33,Sales Executive,Ahmedabad,Working Professional,Standard,599,9,11,7,0.64,4.7,14,3,N,0,Netbanking,0,Y
L00085,21,Software Engineer,Hyderabad,Power Learner,Pro,999,4,1,1,1.0,17.7,24,2,N,0,Wallet,0,Y
L00086,32,Unemployed (Upskilling),Chennai,Career Switcher,Basic,299,12,14,11,0.79,5.3,8,14,N,0,Wallet,1,Y
L00087,25,Sales Executive,Mumbai,Working Professional,Premium,1499,3,14,8,0.57,8.8,15,11,Y,9,Wallet,0,Y
L00088,29,Marketing Executive,Chennai,Working Professional,Pro,999,2,15,11,0.73,7.1,9,16,N,0,Netbanking,0,Y
L00089,19,Student,Delhi NCR,College Student,Standard,599,11,10,5,0.5,2.5,14,31,N,0,Wallet,2,N
L00090,29,Ex-Operations,Bengaluru,Career Switcher,Pro,999,11,2,1,0.5,7.1,12,1,N,0,Wallet,0,Y
L00091,24,Software Engineer,Ahmedabad,Certification Seeker,Standard,599,9,10,9,0.9,7.8,6,14,N,0,Netbanking,1,Y
L00092,34,Software Engineer,Chennai,Power Learner,Premium,1499,2,8,6,0.75,15.0,22,0,N,0,Card,1,Y
L00093,30,Data Analyst,Mumbai,Working Professional,Pro,999,11,7,5,0.71,6.0,13,3,N,0,Card,1,Y
L00094,36,Ex-Marketer,Ahmedabad,Career Switcher,Standard,599,12,6,4,0.67,11.6,12,12,N,0,UPI,3,Y
L00095,20,Student,Hyderabad,College Student,Basic,299,8,14,5,0.36,3.3,6,9,N,0,UPI,3,N
L00096,37,Ex-Banker,Delhi NCR,Career Switcher,Standard,599,12,6,3,0.5,10.4,10,14,N,0,Card,3,Y
L00097,43,Retired,Hyderabad,Casual Learner,Basic,299,5,10,2,0.2,3.9,4,44,N,0,Wallet,3,N
L00098,30,Marketing Executive,Hyderabad,Working Professional,Pro,999,3,6,4,0.67,9.2,8,20,N,0,UPI,0,Y
L00099,26,Retired,Delhi NCR,Casual Learner,Standard,599,2,15,6,0.4,3.8,2,77,Y,11,Netbanking,1,N
L00100,19,Student,Chennai,College Student,Pro,999,12,15,5,0.33,6.5,6,8,N,0,Card,4,Y
L00101,18,Student,Pune,College Student,Basic,299,3,13,7,0.54,5.8,13,33,Y,16,UPI,1,Y
L00102,32,Homemaker,Bengaluru,Casual Learner,Standard,599,8,12,4,0.33,2.6,1,85,Y,19,Netbanking,2,N
L00103,23,Student,Chennai,College Student,Basic,299,9,14,5,0.36,5.8,12,35,Y,23,Netbanking,3,N
L00104,25,Data Analyst,Hyderabad,Working Professional,Pro,999,11,9,5,0.56,4.6,13,4,N,0,Card,3,N
L00105,26,Marketing Executive,Bengaluru,Working Professional,Pro,999,8,15,12,0.8,4.2,11,1,Y,14,Wallet,1,Y
L00106,24,Student,Chennai,Casual Learner,Standard,599,1,6,1,0.17,3.5,3,54,Y,18,Wallet,4,N
L00107,23,Student,Chennai,College Student,Pro,999,9,10,4,0.4,3.9,5,27,N,0,Card,2,Y
L00108,23,Student,Pune,College Student,Basic,299,12,12,6,0.5,5.0,11,22,N,0,Netbanking,3,Y
L00109,21,Software Engineer,Ahmedabad,Power Learner,Pro,999,12,11,10,0.91,16.8,20,1,N,0,UPI,0,Y
L00110,29,Student,Ahmedabad,Casual Learner,Pro,999,1,6,3,0.5,2.6,6,77,Y,12,Card,2,N
L00111,32,Ex-Teacher,Mumbai,Career Switcher,Pro,999,8,5,3,0.6,8.6,16,3,N,0,Card,2,Y
L00112,26,Software Engineer,Delhi NCR,Power Learner,Premium,1499,8,14,13,0.93,11.7,27,0,N,0,Netbanking,0,Y
L00113,28,Marketing Executive,Delhi NCR,Working Professional,Pro,999,9,8,5,0.62,5.3,11,4,Y,11,Netbanking,3,N
L00114,27,Ex-Teacher,Pune,Career Switcher,Pro,999,12,14,10,0.71,10.0,16,13,N,0,Card,1,Y
L00115,34,HR Executive,Chennai,Working Professional,Standard,599,9,15,10,0.67,7.8,10,4,N,0,UPI,1,Y
L00116,23,Student,Chennai,College Student,Pro,999,9,9,4,0.44,8.3,5,16,Y,23,UPI,1,Y
L00117,30,Unemployed (Upskilling),Chennai,Career Switcher,Pro,999,10,11,6,0.55,5.3,8,2,N,0,Netbanking,1,Y
L00118,34,Software Engineer,Jaipur,Working Professional,Premium,1499,9,13,8,0.62,5.7,12,15,N,0,Netbanking,3,Y
L00119,21,Student,Jaipur,College Student,Standard,599,6,14,9,0.64,6.2,9,20,Y,18,Netbanking,0,Y
L00120,28,Sales Executive,Hyderabad,Working Professional,Standard,599,1,14,9,0.64,5.7,14,19,N,0,Netbanking,2,Y
L00121,22,Student,Jaipur,College Student,Pro,999,8,4,2,0.5,2.2,10,32,Y,17,UPI,2,Y
L00122,37,Analyst,Mumbai,Certification Seeker,Pro,999,7,7,5,0.71,3.7,10,23,N,0,Wallet,0,Y
L00123,22,Student,Bengaluru,College Student,Basic,299,8,2,1,0.5,7.4,8,39,Y,12,Netbanking,2,Y
L00124,26,Marketing Executive,Ahmedabad,Working Professional,Pro,999,1,3,2,0.67,4.2,13,15,N,0,Card,2,N
L00125,30,HR Executive,Pune,Working Professional,Pro,999,9,5,4,0.8,9.0,16,15,N,0,UPI,1,Y
L00126,21,Student,Mumbai,College Student,Standard,599,5,1,0,0.0,8.8,13,36,N,0,Card,5,N
L00127,37,Ex-Banker,Hyderabad,Career Switcher,Basic,299,12,3,2,0.67,5.8,8,14,N,0,Card,3,Y
L00128,40,Ex-Teacher,Delhi NCR,Career Switcher,Pro,999,9,6,4,0.67,7.3,18,15,N,0,Wallet,2,Y
L00129,33,Unemployed (Upskilling),Jaipur,Career Switcher,Standard,599,4,5,4,0.8,7.0,12,7,N,0,Card,1,Y
L00130,35,Data Analyst,Pune,Working Professional,Standard,599,11,13,11,0.85,7.3,14,11,Y,5,UPI,1,N
L00131,40,Ex-Banker,Hyderabad,Career Switcher,Pro,999,5,12,6,0.5,11.5,12,4,N,0,Card,0,N
L00132,32,Ex-Teacher,Bengaluru,Career Switcher,Pro,999,12,9,5,0.56,8.3,18,4,N,0,Card,3,Y
L00133,37,Manager,Hyderabad,Certification Seeker,Pro,999,5,10,6,0.6,4.6,6,24,N,0,UPI,1,Y
L00134,23,Manager,Jaipur,Certification Seeker,Standard,599,12,10,6,0.6,7.8,10,1,N,0,Netbanking,2,Y
L00135,40,Ex-Banker,Jaipur,Career Switcher,Standard,599,2,1,1,1.0,7.3,15,8,N,0,Netbanking,0,Y
L00136,34,Manager,Chennai,Certification Seeker,Basic,299,11,4,3,0.75,3.5,8,15,Y,9,Wallet,1,N
L00137,35,HR Executive,Mumbai,Working Professional,Standard,599,6,3,2,0.67,8.2,8,3,N,0,Netbanking,0,Y
L00138,31,Data Scientist,Hyderabad,Power Learner,Premium,1499,8,9,8,0.89,11.5,29,2,N,0,Card,0,Y
L00139,27,Unemployed (Upskilling),Jaipur,Career Switcher,Pro,999,6,9,5,0.56,5.5,17,3,N,0,Card,1,Y
L00140,36,Software Engineer,Hyderabad,Certification Seeker,Pro,999,8,8,7,0.88,3.5,14,14,Y,9,UPI,1,Y
L00141,24,Sales Executive,Pune,Working Professional,Pro,999,12,12,8,0.67,5.3,9,1,Y,15,UPI,3,Y
L00142,26,Sales Executive,Chennai,Working Professional,Premium,1499,7,11,6,0.55,6.7,14,12,N,0,Card,2,Y
L00143,32,Data Scientist,Hyderabad,Power Learner,Premium,1499,1,14,12,0.86,19.8,27,3,N,0,Wallet,1,Y
L00144,23,Student,Mumbai,College Student,Standard,599,7,2,1,0.5,6.3,4,15,N,0,Wallet,0,Y
L00145,21,Student,Hyderabad,College Student,Standard,599,1,12,8,0.67,3.0,8,14,N,0,Netbanking,1,Y
L00146,23,Student,Ahmedabad,College Student,Basic,299,1,7,4,0.57,5.9,13,11,N,0,UPI,2,N
L00147,35,Ex-Operations,Ahmedabad,Career Switcher,Standard,599,7,4,2,0.5,6.3,16,15,N,0,Card,3,N
L00148,38,Unemployed (Upskilling),Delhi NCR,Career Switcher,Pro,999,5,14,11,0.79,6.4,18,2,N,0,Card,0,Y
L00149,26,Ex-Teacher,Hyderabad,Career Switcher,Pro,999,10,14,9,0.64,10.1,16,6,N,0,Netbanking,0,Y
L00150,23,Student,Jaipur,College Student,Pro,999,12,9,6,0.67,6.2,7,25,Y,16,Wallet,2,Y
L00151,31,Sales Executive,Bengaluru,Working Professional,Pro,999,12,7,5,0.71,6.8,13,6,Y,14,Card,0,Y
L00152,40,Manager,Pune,Certification Seeker,Standard,599,6,11,8,0.73,4.2,9,15,N,0,Wallet,1,Y
L00153,29,Freelancer,Delhi NCR,Casual Learner,Standard,599,8,14,4,0.29,1.1,5,27,N,0,UPI,1,Y
L00154,29,Software Engineer,Delhi NCR,Certification Seeker,Basic,299,9,15,12,0.8,5.3,6,19,N,0,Wallet,1,Y
L00155,38,Ex-Teacher,Mumbai,Career Switcher,Pro,999,5,12,8,0.67,8.8,12,0,N,0,Card,0,N
L00156,32,Ex-Banker,Pune,Career Switcher,Pro,999,5,8,6,0.75,10.6,9,11,N,0,Card,1,Y
L00157,23,Software Engineer,Ahmedabad,Certification Seeker,Standard,599,9,8,5,0.62,5.4,6,22,N,0,Netbanking,0,N
L00158,29,Consultant,Jaipur,Certification Seeker,Standard,599,2,1,1,1.0,6.4,10,17,Y,14,UPI,0,Y
L00159,40,Retired,Bengaluru,Casual Learner,Basic,299,10,13,3,0.23,1.3,4,89,N,0,UPI,5,N
L00160,25,Sales Executive,Hyderabad,Working Professional,Pro,999,6,5,3,0.6,7.6,14,10,N,0,Wallet,3,Y
L00161,37,Ex-Operations,Delhi NCR,Career Switcher,Pro,999,11,12,9,0.75,7.7,17,9,Y,8,Wallet,0,Y
L00162,25,Software Engineer,Mumbai,Working Professional,Premium,1499,8,3,2,0.67,6.2,12,3,N,0,Wallet,0,Y
L00163,25,HR Executive,Chennai,Working Professional,Premium,1499,1,9,7,0.78,5.8,14,2,N,0,Card,0,Y
L00164,20,Student,Pune,College Student,Standard,599,2,13,6,0.46,3.2,8,26,Y,15,Card,3,N
L00165,18,Student,Pune,College Student,Basic,299,7,6,4,0.67,4.3,13,24,Y,19,Card,2,Y
L00166,26,Entrepreneur,Chennai,Power Learner,Pro,999,7,13,13,1.0,19.7,24,3,N,0,Wallet,1,Y
L00167,25,HR Executive,Hyderabad,Working Professional,Pro,999,9,8,7,0.88,5.1,16,0,N,0,Card,1,Y
L00168,24,Manager,Jaipur,Certification Seeker,Standard,599,5,7,5,0.71,4.2,8,22,Y,15,Wallet,1,Y
L00169,35,Software Engineer,Chennai,Certification Seeker,Pro,999,9,11,9,0.82,6.0,7,3,N,0,Card,0,Y
L00170,37,Ex-Marketer,Ahmedabad,Career Switcher,Standard,599,2,7,4,0.57,6.8,16,7,N,0,Card,2,N
L00171,28,Sales Executive,Bengaluru,Working Professional,Standard,599,12,4,3,0.75,4.9,12,10,N,0,Netbanking,1,Y
L00172,32,Student,Bengaluru,Casual Learner,Basic,299,12,3,1,0.33,0.9,3,33,N,0,Card,5,Y
L00173,22,Student,Jaipur,College Student,Basic,299,7,7,4,0.57,6.4,6,40,Y,22,Card,3,N
L00174,35,Marketing Executive,Hyderabad,Working Professional,Standard,599,12,14,8,0.57,8.9,9,18,N,0,Netbanking,2,Y
L00175,23,Student,Chennai,College Student,Standard,599,10,8,4,0.5,4.7,5,22,N,0,Netbanking,0,N
L00176,27,Data Analyst,Bengaluru,Working Professional,Standard,599,12,10,7,0.7,4.8,14,13,N,0,Card,1,Y
L00177,38,Freelancer,Delhi NCR,Casual Learner,Basic,299,3,1,0,0.0,1.2,4,26,Y,14,Wallet,5,N
L00178,34,Sales Executive,Ahmedabad,Working Professional,Pro,999,8,13,7,0.54,6.9,9,18,N,0,UPI,2,Y
L00179,31,HR Executive,Jaipur,Working Professional,Pro,999,2,6,5,0.83,7.4,12,17,N,0,UPI,1,Y
L00180,23,Data Scientist,Pune,Power Learner,Premium,1499,1,2,2,1.0,14.5,25,0,N,0,Card,0,Y
L00181,36,Unemployed (Upskilling),Ahmedabad,Career Switcher,Standard,599,3,9,6,0.67,10.5,11,1,N,0,Card,2,N
L00182,33,Data Analyst,Bengaluru,Working Professional,Standard,599,7,14,8,0.57,9.5,12,20,Y,6,Netbanking,1,N
L00183,40,Ex-Banker,Pune,Career Switcher,Pro,999,7,12,7,0.58,8.2,18,2,N,0,Netbanking,3,N
L00184,24,Software Engineer,Jaipur,Working Professional,Pro,999,12,7,5,0.71,6.1,9,17,N,0,Wallet,1,Y
L00185,32,HR Executive,Delhi NCR,Working Professional,Pro,999,8,13,8,0.62,8.7,8,1,N,0,UPI,0,N
L00186,21,Student,Ahmedabad,College Student,Basic,299,12,15,6,0.4,8.4,14,19,N,0,UPI,2,Y
L00187,34,Marketing Executive,Mumbai,Working Professional,Standard,599,5,12,9,0.75,8.4,11,13,Y,7,UPI,0,Y
L00188,31,Software Engineer,Mumbai,Working Professional,Pro,999,2,4,3,0.75,9.9,14,4,N,0,UPI,0,Y
L00189,26,Manager,Delhi NCR,Certification Seeker,Pro,999,11,11,7,0.64,3.7,14,18,Y,9,Card,1,N
L00190,39,Ex-Banker,Bengaluru,Career Switcher,Premium,1499,3,7,4,0.57,10.3,17,12,N,0,Card,1,Y
L00191,22,Student,Mumbai,College Student,Standard,599,11,4,2,0.5,8.1,7,33,N,0,Netbanking,0,N
L00192,25,Retired,Ahmedabad,Casual Learner,Basic,299,8,1,0,0.0,2.7,1,87,N,0,Netbanking,2,N
L00193,35,Analyst,Delhi NCR,Certification Seeker,Pro,999,2,1,1,1.0,3.1,7,0,N,0,Wallet,1,Y
L00194,30,Sales Executive,Ahmedabad,Working Professional,Basic,299,9,2,1,0.5,7.2,10,8,N,0,Card,1,Y
L00195,34,Software Engineer,Pune,Working Professional,Pro,999,12,15,9,0.6,9.7,11,1,N,0,Wallet,0,Y
L00196,41,Freelancer,Bengaluru,Casual Learner,Basic,299,3,9,4,0.44,3.0,2,83,Y,26,Netbanking,1,N
L00197,45,Student,Bengaluru,Casual Learner,Standard,599,1,5,1,0.2,1.7,4,54,N,0,UPI,4,N
L00198,31,HR Executive,Delhi NCR,Working Professional,Standard,599,5,1,1,1.0,8.6,9,7,Y,14,Card,0,Y
L00199,26,Marketing Executive,Mumbai,Working Professional,Pro,999,12,7,5,0.71,8.4,14,7,N,0,Netbanking,1,Y
L00200,28,Unemployed (Upskilling),Mumbai,Career Switcher,Standard,599,9,14,11,0.79,11.9,14,2,N,0,Netbanking,1,Y
L00201,29,Marketing Executive,Pune,Working Professional,Pro,999,5,8,5,0.62,8.4,11,14,N,0,Card,1,Y
L00202,22,Consultant,Chennai,Certification Seeker,Pro,999,12,7,6,0.86,7.4,11,0,N,0,Netbanking,0,Y
L00203,33,Entrepreneur,Mumbai,Power Learner,Premium,1499,3,15,14,0.93,17.1,21,0,N,0,Wallet,1,Y
L00204,36,Homemaker,Delhi NCR,Casual Learner,Basic,299,7,3,1,0.33,0.8,5,27,Y,15,Netbanking,4,N
L00205,28,Retired,Pune,Casual Learner,Basic,299,4,3,0,0.0,1.0,5,33,Y,16,UPI,5,N
L00206,32,Student,Jaipur,Casual Learner,Basic,299,2,12,5,0.42,0.8,6,58,N,0,Card,2,N
L00207,29,Retired,Mumbai,Casual Learner,Standard,599,5,14,6,0.43,3.4,2,23,Y,25,Card,0,Y
L00208,22,Homemaker,Mumbai,Casual Learner,Basic,299,4,11,4,0.36,1.0,4,67,Y,22,UPI,1,N
L00209,23,Student,Delhi NCR,College Student,Basic,299,6,10,4,0.4,2.9,11,3,Y,24,Wallet,0,Y
L00210,29,Marketing Executive,Delhi NCR,Working Professional,Standard,599,8,4,3,0.75,9.3,8,19,N,0,Wallet,1,N
L00211,25,Data Analyst,Ahmedabad,Working Professional,Standard,599,4,13,10,0.77,7.9,16,7,N,0,UPI,1,N
L00212,32,Sales Executive,Chennai,Working Professional,Premium,1499,9,10,6,0.6,5.9,12,5,N,0,Netbanking,0,N
L00213,29,HR Executive,Hyderabad,Working Professional,Premium,1499,2,13,9,0.69,5.5,11,8,N,0,UPI,1,Y
L00214,32,Consultant,Delhi NCR,Power Learner,Pro,999,10,6,5,0.83,13.2,25,0,N,0,Card,0,Y
L00215,33,Part-time Worker,Pune,Casual Learner,Basic,299,1,8,1,0.12,0.8,2,48,Y,28,Card,2,N
L00216,20,Student,Mumbai,College Student,Basic,299,12,2,1,0.5,8.4,5,33,Y,29,Wallet,0,Y
L00217,26,Sales Executive,Jaipur,Working Professional,Pro,999,3,4,3,0.75,8.2,16,19,N,0,Card,1,Y
L00218,22,Freelancer,Mumbai,Casual Learner,Pro,999,10,6,1,0.17,1.9,5,24,N,0,Card,5,Y
L00219,29,Software Engineer,Hyderabad,Working Professional,Standard,599,6,6,5,0.83,5.0,9,20,N,0,Netbanking,0,Y
L00220,20,Student,Mumbai,College Student,Basic,299,8,7,4,0.57,7.1,6,26,Y,18,Wallet,1,Y
L00221,18,Student,Mumbai,College Student,Basic,299,2,2,1,0.5,2.5,6,24,Y,28,UPI,2,N
L00222,40,Ex-Teacher,Ahmedabad,Career Switcher,Premium,1499,3,6,3,0.5,9.3,14,5,N,0,Card,3,N
L00223,41,Part-time Worker,Pune,Casual Learner,Standard,599,5,14,4,0.29,1.3,1,70,Y,11,UPI,4,N
L00224,37,Consultant,Bengaluru,Certification Seeker,Basic,299,3,5,4,0.8,6.2,7,15,N,0,Wallet,1,N
L00225,23,Student,Delhi NCR,College Student,Basic,299,7,8,4,0.5,4.6,11,2,Y,27,UPI,1,N
L00226,27,Ex-Marketer,Ahmedabad,Career Switcher,Premium,1499,10,7,5,0.71,6.6,8,12,N,0,Wallet,0,Y
L00227,23,Student,Delhi NCR,College Student,Basic,299,8,3,2,0.67,3.2,6,13,Y,12,Wallet,1,N
L00228,33,Ex-Marketer,Bengaluru,Career Switcher,Basic,299,9,15,10,0.67,7.8,13,8,N,0,Wallet,0,Y
L00229,22,Student,Bengaluru,College Student,Standard,599,2,5,4,0.8,7.5,12,22,Y,20,Wallet,0,Y
L00230,33,HR Executive,Ahmedabad,Working Professional,Basic,299,6,15,12,0.8,8.1,8,15,N,0,Netbanking,1,Y
L00231,25,Consultant,Delhi NCR,Certification Seeker,Standard,599,12,10,8,0.8,5.2,11,8,N,0,Card,1,Y
L00232,37,Analyst,Mumbai,Certification Seeker,Standard,599,3,14,9,0.64,3.3,14,12,N,0,UPI,1,Y
L00233,23,Consultant,Mumbai,Certification Seeker,Standard,599,6,9,8,0.89,6.5,10,11,N,0,UPI,0,Y
L00234,31,Marketing Executive,Jaipur,Working Professional,Pro,999,6,7,4,0.57,6.1,12,2,Y,14,Card,1,Y
L00235,33,Ex-Operations,Mumbai,Career Switcher,Premium,1499,11,1,1,1.0,5.1,10,5,N,0,Netbanking,1,Y
L00236,29,Sales Executive,Pune,Working Professional,Standard,599,5,9,5,0.56,8.1,14,18,N,0,Netbanking,2,Y
L00237,18,Student,Pune,College Student,Standard,599,5,9,4,0.44,3.8,14,19,N,0,UPI,3,N
L00238,41,Homemaker,Jaipur,Casual Learner,Premium,1499,5,10,4,0.4,3.7,4,69,N,0,Card,2,N
L00239,22,Student,Chennai,College Student,Standard,599,3,8,4,0.5,7.9,12,11,Y,15,Card,2,N
L00240,19,Student,Ahmedabad,College Student,Standard,599,6,2,1,0.5,4.6,13,18,Y,27,UPI,3,N
L00241,34,Sales Executive,Pune,Working Professional,Standard,599,3,10,7,0.7,4.8,11,10,N,0,Wallet,0,Y
L00242,42,Homemaker,Jaipur,Casual Learner,Basic,299,3,4,1,0.25,1.6,1,20,N,0,Card,5,N
L00243,25,Marketing Executive,Ahmedabad,Working Professional,Pro,999,7,9,5,0.56,6.6,15,12,Y,9,UPI,2,N
L00244,25,Ex-Teacher,Hyderabad,Career Switcher,Standard,599,6,5,3,0.6,7.2,9,12,Y,13,Netbanking,2,Y
L00245,35,Ex-Operations,Delhi NCR,Career Switcher,Standard,599,8,15,12,0.8,7.5,11,5,N,0,UPI,0,Y
L00246,26,Software Engineer,Delhi NCR,Power Learner,Pro,999,12,5,5,1.0,16.5,20,3,N,0,UPI,0,Y
L00247,25,Ex-Teacher,Bengaluru,Career Switcher,Pro,999,7,4,3,0.75,5.9,12,15,N,0,UPI,1,Y
L00248,22,Student,Delhi NCR,College Student,Basic,299,2,13,6,0.46,5.6,13,7,Y,14,Card,2,N
L00249,31,Entrepreneur,Pune,Power Learner,Pro,999,9,1,1,1.0,15.0,23,3,Y,6,UPI,1,Y
L00250,22,Student,Bengaluru,College Student,Pro,999,11,2,1,0.5,3.6,8,16,N,0,UPI,2,Y
L00251,38,Ex-Teacher,Bengaluru,Career Switcher,Premium,1499,1,15,9,0.6,5.1,10,5,N,0,Netbanking,0,Y
L00252,25,Sales Executive,Ahmedabad,Working Professional,Premium,1499,5,13,10,0.77,9.0,15,13,Y,6,UPI,0,Y
L00253,37,Manager,Delhi NCR,Certification Seeker,Pro,999,6,2,2,1.0,6.1,8,15,N,0,Wallet,0,Y
L00254,25,Unemployed (Upskilling),Hyderabad,Career Switcher,Premium,1499,11,12,8,0.67,11.1,16,3,N,0,Netbanking,3,Y
L00255,23,Software Engineer,Delhi NCR,Certification Seeker,Standard,599,8,6,5,0.83,7.3,8,2,N,0,Netbanking,0,Y
L00256,37,Ex-Operations,Hyderabad,Career Switcher,Basic,299,8,8,6,0.75,10.6,15,2,N,0,Wallet,0,Y
L00257,32,HR Executive,Mumbai,Working Professional,Pro,999,10,11,8,0.73,9.8,12,16,N,0,Netbanking,1,N
L00258,45,Retired,Chennai,Casual Learner,Basic,299,10,2,1,0.5,2.6,6,66,Y,23,UPI,2,N
L00259,34,Unemployed (Upskilling),Chennai,Career Switcher,Pro,999,1,12,9,0.75,11.3,15,4,N,0,UPI,1,Y
L00260,21,Student,Jaipur,College Student,Standard,599,4,11,4,0.36,7.0,5,26,N,0,UPI,4,Y
L00261,29,Ex-Operations,Mumbai,Career Switcher,Pro,999,1,13,10,0.77,8.9,14,15,N,0,Card,0,N
L00262,21,Student,Ahmedabad,College Student,Basic,299,10,6,3,0.5,8.4,7,17,N,0,Wallet,1,Y
L00263,34,Unemployed (Upskilling),Chennai,Career Switcher,Pro,999,9,5,3,0.6,9.4,11,6,N,0,Card,1,Y
L00264,28,Homemaker,Chennai,Casual Learner,Basic,299,10,15,5,0.33,2.5,6,73,N,0,Netbanking,4,N
L00265,25,Ex-Operations,Delhi NCR,Career Switcher,Basic,299,1,3,2,0.67,6.4,10,9,N,0,Netbanking,1,N
L00266,21,Student,Hyderabad,College Student,Standard,599,9,1,1,1.0,4.7,12,18,N,0,Wallet,1,N
L00267,30,Software Engineer,Mumbai,Power Learner,Premium,1499,4,12,12,1.0,16.2,27,1,N,0,Netbanking,0,Y
L00268,29,Entrepreneur,Delhi NCR,Power Learner,Premium,1499,2,7,6,0.86,11.9,22,0,N,0,Netbanking,0,Y
L00269,22,Analyst,Jaipur,Certification Seeker,Pro,999,3,15,9,0.6,3.2,11,19,N,0,Netbanking,3,N
L00270,27,Ex-Marketer,Hyderabad,Career Switcher,Premium,1499,9,9,6,0.67,5.5,16,5,N,0,Netbanking,1,N
L00271,35,Ex-Marketer,Pune,Career Switcher,Standard,599,10,6,3,0.5,8.7,16,0,N,0,Card,0,Y
L00272,25,Sales Executive,Pune,Working Professional,Pro,999,5,9,6,0.67,4.1,16,11,N,0,UPI,2,N
L00273,22,Student,Bengaluru,College Student,Basic,299,9,11,5,0.45,5.7,14,4,N,0,Wallet,0,Y
L00274,35,Software Engineer,Delhi NCR,Certification Seeker,Basic,299,12,13,8,0.62,4.7,7,2,N,0,UPI,1,N
L00275,31,Sales Executive,Ahmedabad,Working Professional,Standard,599,7,10,7,0.7,8.0,16,0,Y,12,UPI,0,Y
L00276,28,Data Analyst,Bengaluru,Working Professional,Standard,599,8,4,2,0.5,6.3,8,15,Y,9,Netbanking,1,Y
L00277,33,Software Engineer,Delhi NCR,Certification Seeker,Standard,599,1,2,2,1.0,5.9,12,17,N,0,Netbanking,0,Y
L00278,29,Ex-Banker,Delhi NCR,Career Switcher,Standard,599,5,15,11,0.73,6.4,10,1,N,0,Wallet,0,Y
L00279,18,Student,Jaipur,College Student,Pro,999,6,10,4,0.4,2.9,14,15,Y,14,Wallet,3,Y
L00280,29,Unemployed (Upskilling),Chennai,Career Switcher,Pro,999,7,12,9,0.75,6.2,13,7,N,0,Wallet,1,N
L00281,23,Student,Jaipur,College Student,Standard,599,6,11,4,0.36,7.4,11,35,N,0,Netbanking,2,N
L00282,23,Student,Bengaluru,College Student,Pro,999,9,10,5,0.5,6.4,13,37,Y,11,Netbanking,3,N
L00283,21,Student,Pune,College Student,Basic,299,9,11,6,0.55,5.6,10,23,Y,29,Card,1,Y
L00284,22,Student,Jaipur,College Student,Pro,999,1,6,2,0.33,3.5,11,14,Y,23,Netbanking,4,Y
L00285,24,Software Engineer,Chennai,Working Professional,Standard,599,9,10,7,0.7,7.8,12,8,Y,12,Netbanking,0,Y
L00286,27,HR Executive,Ahmedabad,Working Professional,Standard,599,6,15,8,0.53,6.9,15,19,Y,7,UPI,2,Y
L00287,20,Student,Hyderabad,College Student,Basic,299,6,10,5,0.5,7.0,11,30,Y,27,UPI,1,Y
L00288,30,Ex-Banker,Mumbai,Career Switcher,Premium,1499,3,7,5,0.71,5.4,12,5,N,0,UPI,1,N
L00289,22,Student,Jaipur,College Student,Basic,299,7,9,5,0.56,6.2,13,11,Y,24,Netbanking,3,Y
L00290,21,Student,Delhi NCR,College Student,Basic,299,4,10,7,0.7,5.7,12,26,Y,20,UPI,0,Y
L00291,25,Ex-Operations,Ahmedabad,Career Switcher,Pro,999,1,8,6,0.75,9.9,14,7,N,0,Wallet,1,Y
L00292,42,Part-time Worker,Bengaluru,Casual Learner,Basic,299,5,15,3,0.2,2.2,2,30,Y,15,UPI,1,N
L00293,18,Student,Hyderabad,College Student,Standard,599,6,10,5,0.5,4.9,5,9,Y,27,Wallet,2,Y
L00294,32,Data Scientist,Ahmedabad,Power Learner,Premium,1499,9,5,4,0.8,14.8,25,3,N,0,Wallet,0,Y
L00295,32,Ex-Operations,Delhi NCR,Career Switcher,Standard,599,9,11,6,0.55,7.8,13,1,Y,6,Card,3,N
L00296,25,Data Analyst,Hyderabad,Working Professional,Standard,599,10,9,7,0.78,4.2,14,12,N,0,UPI,0,Y
L00297,27,HR Executive,Pune,Working Professional,Standard,599,10,1,1,1.0,7.1,11,19,N,0,UPI,0,Y
L00298,21,Student,Ahmedabad,College Student,Basic,299,4,12,7,0.58,5.6,5,5,N,0,Netbanking,2,N
L00299,22,Student,Jaipur,College Student,Pro,999,10,9,5,0.56,2.0,6,26,Y,16,UPI,2,N
L00300,36,Student,Jaipur,Casual Learner,Pro,999,10,8,3,0.38,2.2,2,63,N,0,UPI,4,Y
L00301,23,Student,Hyderabad,College Student,Standard,599,7,14,5,0.36,8.7,12,34,Y,16,Wallet,3,Y
L00302,37,Analyst,Chennai,Certification Seeker,Standard,599,10,4,3,0.75,4.3,9,15,N,0,Netbanking,0,Y
L00303,33,Consultant,Bengaluru,Certification Seeker,Standard,599,2,14,8,0.57,6.4,13,19,N,0,UPI,3,Y
L00304,33,Data Analyst,Jaipur,Working Professional,Standard,599,9,9,5,0.56,5.7,11,18,N,0,Wallet,0,Y
L00305,34,Marketing Executive,Jaipur,Working Professional,Premium,1499,12,4,2,0.5,7.1,13,0,N,0,UPI,2,Y
L00306,27,Analyst,Hyderabad,Certification Seeker,Standard,599,10,7,5,0.71,4.7,8,15,N,0,Netbanking,1,N
L00307,19,Student,Hyderabad,College Student,Standard,599,12,7,4,0.57,3.9,7,35,Y,26,Card,3,N
L00308,21,Student,Chennai,College Student,Standard,599,5,12,6,0.5,3.8,13,3,Y,14,Netbanking,3,N
L00309,23,Student,Pune,College Student,Basic,299,9,2,1,0.5,5.9,8,22,Y,24,Card,1,N
L00310,29,HR Executive,Jaipur,Working Professional,Pro,999,8,11,7,0.64,9.3,14,19,N,0,Card,2,Y
L00311,37,Ex-Teacher,Bengaluru,Career Switcher,Standard,599,4,10,7,0.7,7.2,18,9,N,0,Netbanking,1,N
L00312,40,Manager,Ahmedabad,Certification Seeker,Standard,599,1,12,8,0.67,3.6,9,21,N,0,UPI,1,Y
L00313,18,Student,Mumbai,College Student,Basic,299,7,3,1,0.33,5.7,5,6,Y,29,Wallet,3,Y
L00314,32,Freelancer,Delhi NCR,Casual Learner,Basic,299,3,6,2,0.33,0.6,6,65,N,0,Wallet,5,N
L00315,29,Unemployed (Upskilling),Delhi NCR,Career Switcher,Pro,999,8,11,7,0.64,9.4,18,13,N,0,Netbanking,3,Y
L00316,32,Student,Chennai,Casual Learner,Basic,299,3,14,5,0.36,1.6,1,86,Y,16,UPI,4,N
L00317,24,Sales Executive,Pune,Working Professional,Pro,999,1,7,6,0.86,7.3,11,13,N,0,Card,1,N
L00318,18,Student,Hyderabad,College Student,Standard,599,10,12,6,0.5,7.7,14,17,Y,15,Card,0,Y
L00319,34,Sales Executive,Jaipur,Working Professional,Standard,599,10,9,5,0.56,7.0,13,0,Y,15,Netbanking,2,Y
L00320,24,Marketing Executive,Bengaluru,Working Professional,Standard,599,8,8,6,0.75,5.3,14,9,N,0,Wallet,0,Y
L00321,26,Software Engineer,Pune,Certification Seeker,Pro,999,2,5,4,0.8,5.7,8,6,N,0,UPI,0,N
L00322,30,Retired,Hyderabad,Casual Learner,Standard,599,1,4,1,0.25,1.2,6,32,Y,24,Netbanking,3,Y
L00323,41,Part-time Worker,Bengaluru,Casual Learner,Basic,299,11,4,2,0.5,1.5,3,26,N,0,Card,3,Y
L00324,20,Student,Ahmedabad,College Student,Standard,599,1,3,2,0.67,8.8,13,30,Y,12,Card,3,Y
L00325,26,Ex-Teacher,Chennai,Career Switcher,Pro,999,12,6,4,0.67,8.8,9,4,N,0,Netbanking,3,Y
L00326,21,Student,Delhi NCR,College Student,Basic,299,1,12,6,0.5,5.4,11,35,Y,21,Netbanking,2,N
L00327,22,Student,Bengaluru,College Student,Standard,599,8,1,0,0.0,4.1,8,34,N,0,Wallet,2,N
L00328,36,Unemployed (Upskilling),Hyderabad,Career Switcher,Standard,599,2,11,6,0.55,9.6,16,12,N,0,Card,2,Y
L00329,28,Ex-Teacher,Bengaluru,Career Switcher,Basic,299,3,4,2,0.5,6.3,8,6,Y,11,Wallet,3,Y
L00330,26,Homemaker,Chennai,Casual Learner,Basic,299,12,14,6,0.43,0.7,2,82,Y,26,UPI,2,N
L00331,35,Analyst,Mumbai,Certification Seeker,Pro,999,5,4,2,0.5,5.6,7,9,N,0,UPI,0,N
L00332,31,Ex-Banker,Hyderabad,Career Switcher,Pro,999,3,13,9,0.69,8.9,16,13,N,0,Netbanking,3,N
L00333,25,Marketing Executive,Delhi NCR,Working Professional,Pro,999,9,8,7,0.88,6.0,10,17,N,0,Netbanking,1,N
L00334,34,Sales Executive,Chennai,Working Professional,Pro,999,10,5,4,0.8,7.3,14,17,N,0,Wallet,1,N
L00335,18,Student,Mumbai,College Student,Standard,599,5,1,1,1.0,2.0,7,13,N,0,Netbanking,0,Y
L00336,26,Marketing Executive,Pune,Working Professional,Standard,599,10,7,4,0.57,5.5,12,9,N,0,Card,0,Y
L00337,23,Retired,Bengaluru,Casual Learner,Basic,299,5,1,0,0.0,0.6,5,68,N,0,Netbanking,3,N
L00338,25,Marketing Executive,Mumbai,Working Professional,Pro,999,11,9,5,0.56,6.3,12,16,N,0,Netbanking,1,Y
L00339,37,Ex-Operations,Bengaluru,Career Switcher,Standard,599,5,8,5,0.62,10.5,10,4,N,0,UPI,3,Y
L00340,30,Marketing Executive,Delhi NCR,Working Professional,Pro,999,4,12,9,0.75,6.9,11,17,N,0,Card,0,Y
L00341,34,HR Executive,Bengaluru,Working Professional,Standard,599,7,10,6,0.6,6.5,13,6,N,0,Netbanking,1,N
L00342,39,Unemployed (Upskilling),Delhi NCR,Career Switcher,Pro,999,4,14,10,0.71,6.4,13,4,Y,12,Card,0,N
L00343,22,Analyst,Bengaluru,Certification Seeker,Standard,599,8,4,3,0.75,3.1,9,23,N,0,Netbanking,1,Y
L00344,42,Software Engineer,Ahmedabad,Power Learner,Premium,1499,11,4,3,0.75,15.3,24,1,N,0,Netbanking,0,Y
L00345,22,Entrepreneur,Pune,Power Learner,Premium,1499,11,15,12,0.8,13.6,21,0,N,0,Card,1,Y
L00346,28,Retired,Bengaluru,Casual Learner,Basic,299,9,15,2,0.13,3.9,5,22,Y,17,Wallet,2,Y
L00347,29,Student,Hyderabad,Casual Learner,Premium,1499,9,15,6,0.4,1.5,1,52,N,0,UPI,2,N
L00348,30,Marketing Executive,Bengaluru,Working Professional,Pro,999,9,3,2,0.67,9.8,11,13,N,0,Netbanking,2,Y
L00349,23,Student,Hyderabad,College Student,Pro,999,5,15,8,0.53,6.8,12,8,N,0,Card,1,Y
L00350,28,Ex-Banker,Chennai,Career Switcher,Pro,999,3,5,4,0.8,10.1,13,13,N,0,Netbanking,0,N
L00351,19,Student,Pune,College Student,Standard,599,10,6,4,0.67,3.6,7,14,Y,26,Card,3,Y
L00352,30,Sales Executive,Jaipur,Working Professional,Standard,599,4,7,6,0.86,5.4,14,0,N,0,Card,0,Y
L00353,36,Manager,Chennai,Certification Seeker,Pro,999,4,7,6,0.86,5.1,6,19,N,0,Wallet,0,Y
L00354,24,Marketing Executive,Ahmedabad,Working Professional,Premium,1499,1,4,3,0.75,7.3,16,20,N,0,Wallet,1,N
L00355,26,Sales Executive,Pune,Working Professional,Pro,999,1,8,6,0.75,8.1,10,14,Y,10,Card,0,Y
L00356,24,Marketing Executive,Jaipur,Working Professional,Pro,999,12,12,8,0.67,9.4,15,2,N,0,Card,0,Y
L00357,38,Student,Bengaluru,Casual Learner,Basic,299,7,7,2,0.29,3.0,5,40,Y,13,Netbanking,5,N
L00358,27,Consultant,Delhi NCR,Certification Seeker,Pro,999,1,8,7,0.88,5.1,10,23,N,0,Card,0,N
L00359,20,Consultant,Mumbai,Power Learner,Premium,1499,8,10,8,0.8,15.4,20,3,N,0,Wallet,1,Y
L00360,25,Ex-Banker,Pune,Career Switcher,Pro,999,9,1,1,1.0,10.7,11,1,N,0,UPI,0,Y
L00361,34,Ex-Marketer,Bengaluru,Career Switcher,Basic,299,7,12,8,0.67,12.0,10,9,N,0,Card,3,N
L00362,24,Software Engineer,Pune,Working Professional,Standard,599,7,8,5,0.62,8.9,14,17,Y,12,Netbanking,2,Y
L00363,31,Unemployed (Upskilling),Mumbai,Career Switcher,Standard,599,12,12,8,0.67,11.9,16,2,N,0,Netbanking,3,Y
L00364,32,HR Executive,Chennai,Working Professional,Premium,1499,10,13,9,0.69,7.4,16,20,Y,11,Netbanking,1,Y
L00365,23,Student,Hyderabad,College Student,Standard,599,7,11,6,0.55,4.9,9,22,Y,23,Netbanking,2,N
L00366,32,HR Executive,Chennai,Working Professional,Pro,999,2,10,8,0.8,8.1,13,12,N,0,Card,0,Y
L00367,34,Sales Executive,Jaipur,Working Professional,Pro,999,11,14,10,0.71,4.8,10,20,N,0,Netbanking,1,N
L00368,35,Software Engineer,Pune,Working Professional,Pro,999,11,11,7,0.64,5.9,16,0,N,0,Netbanking,0,N
L00369,24,Data Analyst,Ahmedabad,Working Professional,Pro,999,3,14,10,0.71,7.4,14,5,N,0,Netbanking,1,Y
L00370,18,Student,Hyderabad,College Student,Basic,299,5,13,5,0.38,3.5,8,11,Y,14,UPI,4,Y
L00371,34,Freelancer,Hyderabad,Casual Learner,Basic,299,8,3,1,0.33,3.1,5,59,N,0,UPI,5,N
L00372,23,Student,Jaipur,College Student,Basic,299,9,10,6,0.6,2.8,8,2,N,0,Netbanking,3,N
L00373,23,Student,Mumbai,College Student,Standard,599,5,5,2,0.4,6.5,7,20,Y,16,Wallet,0,Y
L00374,18,Student,Bengaluru,College Student,Basic,299,6,13,9,0.69,5.8,8,9,Y,15,UPI,2,Y
L00375,31,Software Engineer,Delhi NCR,Working Professional,Basic,299,11,7,4,0.57,4.3,14,1,Y,11,Wallet,2,Y
L00376,40,Part-time Worker,Bengaluru,Casual Learner,Pro,999,8,5,1,0.2,2.5,1,79,N,0,Wallet,4,N
L00377,22,Student,Chennai,College Student,Basic,299,12,1,1,1.0,8.4,9,20,Y,12,Wallet,1,Y
L00378,29,HR Executive,Delhi NCR,Working Professional,Pro,999,7,2,1,0.5,8.9,9,10,N,0,Wallet,3,Y
L00379,19,Student,Jaipur,College Student,Basic,299,6,7,5,0.71,3.5,13,27,N,0,Netbanking,0,Y
L00380,40,Ex-Teacher,Jaipur,Career Switcher,Standard,599,2,2,2,1.0,10.8,10,9,N,0,Wallet,1,Y
L00381,27,Ex-Banker,Delhi NCR,Career Switcher,Premium,1499,11,5,3,0.6,10.7,10,4,N,0,Wallet,1,Y
L00382,31,Analyst,Ahmedabad,Certification Seeker,Pro,999,6,7,6,0.86,8.0,6,19,N,0,Netbanking,0,Y
L00383,26,Ex-Teacher,Chennai,Career Switcher,Standard,599,5,7,5,0.71,11.1,11,13,N,0,Wallet,1,Y
L00384,30,Ex-Operations,Delhi NCR,Career Switcher,Standard,599,7,14,8,0.57,10.9,13,13,N,0,Card,0,Y
L00385,23,Student,Ahmedabad,College Student,Premium,1499,3,15,10,0.67,2.6,14,26,N,0,Wallet,1,Y
L00386,31,Sales Executive,Chennai,Working Professional,Standard,599,7,5,4,0.8,7.6,15,7,N,0,Netbanking,0,N
L00387,36,Ex-Teacher,Jaipur,Career Switcher,Premium,1499,2,2,1,0.5,6.0,16,8,N,0,UPI,1,Y
L00388,39,Homemaker,Pune,Casual Learner,Basic,299,6,15,4,0.27,2.4,1,80,Y,25,Wallet,3,N
L00389,27,Freelancer,Mumbai,Casual Learner,Standard,599,10,8,1,0.12,3.1,6,53,N,0,UPI,3,N
L00390,34,Ex-Operations,Bengaluru,Career Switcher,Standard,599,2,5,3,0.6,11.0,12,8,N,0,Netbanking,0,N
L00391,29,Ex-Operations,Chennai,Career Switcher,Pro,999,5,9,5,0.56,10.5,11,15,N,0,Netbanking,0,N
L00392,29,Ex-Operations,Ahmedabad,Career Switcher,Pro,999,4,12,7,0.58,9.6,18,5,N,0,UPI,2,N
L00393,19,Student,Ahmedabad,College Student,Standard,599,8,12,6,0.5,7.2,12,14,Y,15,Wallet,0,Y
L00394,30,Student,Mumbai,Casual Learner,Basic,299,9,5,1,0.2,2.7,4,54,N,0,Netbanking,5,N
L00395,41,Freelancer,Hyderabad,Casual Learner,Basic,299,11,11,3,0.27,2.9,2,60,Y,11,Wallet,1,N
L00396,29,Freelancer,Pune,Casual Learner,Basic,299,1,11,5,0.45,0.6,1,27,N,0,Card,0,N
L00397,22,Student,Ahmedabad,College Student,Standard,599,11,5,3,0.6,6.0,6,7,Y,23,UPI,3,N
L00398,21,Student,Pune,College Student,Basic,299,2,1,1,1.0,3.9,4,24,Y,26,Card,1,Y
L00399,26,Entrepreneur,Delhi NCR,Power Learner,Premium,1499,2,2,2,1.0,11.4,26,1,N,0,Netbanking,0,Y
L00400,23,Student,Jaipur,College Student,Basic,299,8,11,8,0.73,3.0,14,0,Y,13,Netbanking,1,Y
L00401,31,Sales Executive,Ahmedabad,Working Professional,Standard,599,12,7,4,0.57,8.7,9,17,N,0,Wallet,0,Y
L00402,33,Analyst,Pune,Certification Seeker,Standard,599,11,6,5,0.83,8.0,7,11,Y,10,Netbanking,0,Y
L00403,21,Student,Pune,College Student,Standard,599,2,11,4,0.36,6.4,9,31,Y,14,UPI,2,Y
L00404,27,Entrepreneur,Ahmedabad,Power Learner,Standard,599,9,1,1,1.0,16.4,27,3,Y,6,UPI,1,Y
L00405,39,Part-time Worker,Jaipur,Casual Learner,Pro,999,9,1,0,0.0,1.0,5,49,N,0,Wallet,1,N
L00406,23,Consultant,Delhi NCR,Certification Seeker,Basic,299,11,10,6,0.6,3.2,10,25,Y,11,UPI,0,Y
L00407,25,Homemaker,Hyderabad,Casual Learner,Basic,299,12,10,4,0.4,2.9,3,35,Y,16,Card,0,Y
L00408,25,Data Analyst,Delhi NCR,Working Professional,Pro,999,3,15,10,0.67,8.2,16,5,N,0,Card,0,N
L00409,37,Ex-Banker,Mumbai,Career Switcher,Premium,1499,2,10,7,0.7,5.0,10,2,N,0,Wallet,1,Y
L00410,23,Student,Jaipur,College Student,Basic,299,3,8,3,0.38,6.3,4,38,N,0,UPI,3,Y
L00411,19,Student,Bengaluru,College Student,Premium,1499,2,13,6,0.46,6.3,12,32,N,0,Card,2,Y
L00412,19,Student,Jaipur,College Student,Basic,299,11,7,3,0.43,8.5,4,23,Y,22,Wallet,0,Y
L00413,22,Student,Delhi NCR,College Student,Standard,599,8,10,6,0.6,5.6,5,15,N,0,Wallet,1,N
L00414,29,Software Engineer,Chennai,Certification Seeker,Standard,599,4,2,2,1.0,6.7,9,12,N,0,Wallet,0,N
L00415,22,Student,Delhi NCR,College Student,Basic,299,3,5,2,0.4,5.2,7,40,Y,13,UPI,2,Y
L00416,36,Manager,Delhi NCR,Certification Seeker,Pro,999,4,10,8,0.8,7.4,8,25,N,0,Card,0,Y
L00417,31,Unemployed (Upskilling),Jaipur,Career Switcher,Pro,999,5,7,4,0.57,5.1,14,7,N,0,Card,0,Y
L00418,21,Student,Ahmedabad,College Student,Standard,599,8,2,1,0.5,7.7,5,28,N,0,UPI,3,N
L00419,20,Student,Bengaluru,College Student,Basic,299,11,1,1,1.0,4.1,11,36,N,0,Wallet,0,N
L00420,29,Sales Executive,Mumbai,Working Professional,Premium,1499,2,7,4,0.57,6.3,13,16,N,0,Card,0,N
L00421,24,HR Executive,Chennai,Working Professional,Premium,1499,2,6,3,0.5,6.3,15,19,Y,11,UPI,1,Y
L00422,32,Software Engineer,Jaipur,Working Professional,Pro,999,10,15,10,0.67,9.2,11,7,N,0,Wallet,2,Y
L00423,31,Sales Executive,Bengaluru,Working Professional,Pro,999,9,6,4,0.67,8.1,16,9,N,0,UPI,1,N
L00424,25,Sales Executive,Delhi NCR,Working Professional,Standard,599,2,8,6,0.75,4.7,12,3,Y,7,UPI,1,Y
L00425,22,Retired,Chennai,Casual Learner,Basic,299,12,14,2,0.14,2.8,3,44,N,0,Netbanking,4,N
L00426,35,Ex-Operations,Jaipur,Career Switcher,Pro,999,10,4,3,0.75,5.9,12,5,N,0,Netbanking,0,Y
L00427,26,HR Executive,Delhi NCR,Working Professional,Pro,999,5,2,1,0.5,5.1,10,4,Y,8,Card,3,Y
L00428,22,Student,Chennai,College Student,Premium,1499,3,2,1,0.5,4.6,12,10,N,0,Wallet,3,N
L00429,30,Data Scientist,Mumbai,Power Learner,Premium,1499,9,5,4,0.8,19.8,25,2,N,0,Card,1,Y
L00430,21,Student,Delhi NCR,College Student,Standard,599,2,8,5,0.62,4.2,10,39,Y,17,Card,1,N
L00431,24,Homemaker,Bengaluru,Casual Learner,Basic,299,8,8,2,0.25,2.9,1,85,Y,22,UPI,3,N
L00432,31,Student,Ahmedabad,Casual Learner,Basic,299,5,2,1,0.5,1.7,3,77,Y,28,Wallet,3,N
L00433,31,Retired,Delhi NCR,Casual Learner,Standard,599,10,14,4,0.29,0.8,2,58,Y,17,Wallet,1,Y
L00434,33,Ex-Operations,Delhi NCR,Career Switcher,Pro,999,12,7,4,0.57,9.0,10,6,N,0,Wallet,0,N
L00435,33,Data Analyst,Jaipur,Working Professional,Pro,999,8,11,7,0.64,5.3,8,4,N,0,Wallet,0,Y
L00436,35,Consultant,Jaipur,Certification Seeker,Premium,1499,11,2,1,0.5,4.2,7,24,N,0,Netbanking,3,Y
L00437,37,Software Engineer,Chennai,Certification Seeker,Standard,599,10,3,2,0.67,3.1,10,5,N,0,Card,2,Y
L00438,21,Student,Mumbai,College Student,Basic,299,9,11,5,0.45,6.5,5,32,Y,12,Card,2,N
L00439,31,Analyst,Chennai,Certification Seeker,Basic,299,10,5,3,0.6,4.8,8,0,N,0,Wallet,3,Y
L00440,25,Consultant,Delhi NCR,Certification Seeker,Standard,599,4,9,7,0.78,7.0,14,19,N,0,UPI,1,Y
L00441,19,Student,Jaipur,College Student,Basic,299,12,6,3,0.5,4.5,11,38,Y,16,UPI,1,Y
L00442,40,Freelancer,Pune,Casual Learner,Basic,299,3,13,2,0.15,3.9,4,34,Y,19,Card,1,Y
L00443,26,Ex-Operations,Bengaluru,Career Switcher,Premium,1499,1,13,9,0.69,5.5,18,0,Y,11,Card,1,Y
L00444,19,Student,Chennai,College Student,Basic,299,9,2,1,0.5,7.5,13,15,Y,22,UPI,1,N
L00445,25,Software Engineer,Bengaluru,Power Learner,Premium,1499,9,3,3,1.0,18.5,27,2,N,0,UPI,0,Y
L00446,33,Data Scientist,Hyderabad,Power Learner,Premium,1499,6,6,5,0.83,11.2,21,1,N,0,UPI,0,Y
L00447,20,Student,Pune,College Student,Standard,599,8,7,5,0.71,3.6,10,18,Y,11,Wallet,1,Y
L00448,35,Software Engineer,Ahmedabad,Power Learner,Premium,1499,11,12,10,0.83,16.8,21,1,N,0,UPI,0,Y
L00449,30,Data Scientist,Ahmedabad,Power Learner,Pro,999,7,13,12,0.92,17.3,24,2,N,0,Wallet,1,Y
L00450,37,Ex-Operations,Pune,Career Switcher,Standard,599,8,11,7,0.64,5.8,12,15,N,0,UPI,0,N
L00451,37,Software Engineer,Delhi NCR,Certification Seeker,Standard,599,11,13,10,0.77,4.6,10,19,Y,13,Wallet,1,Y
L00452,40,Unemployed (Upskilling),Pune,Career Switcher,Pro,999,9,2,2,1.0,8.8,8,13,N,0,Netbanking,1,Y
L00453,19,Student,Delhi NCR,College Student,Standard,599,3,10,7,0.7,4.2,10,31,N,0,Wallet,1,Y
L00454,18,Student,Pune,College Student,Standard,599,7,1,0,0.0,6.3,9,18,N,0,Card,3,Y
L00455,18,Student,Ahmedabad,Casual Learner,Basic,299,6,4,0,0.0,4.0,4,64,Y,23,UPI,1,N
L00456,19,Student,Chennai,College Student,Basic,299,11,5,4,0.8,8.0,13,32,Y,19,UPI,1,Y
L00457,33,Software Engineer,Jaipur,Working Professional,Standard,599,11,11,9,0.82,5.2,15,16,N,0,Netbanking,1,N
L00458,23,Student,Hyderabad,College Student,Basic,299,1,10,7,0.7,4.1,13,25,N,0,UPI,0,N
L00459,22,Student,Ahmedabad,College Student,Basic,299,2,7,5,0.71,6.6,8,32,N,0,Netbanking,0,Y
L00460,22,Student,Delhi NCR,College Student,Pro,999,11,11,6,0.55,6.9,6,36,N,0,Wallet,2,N
L00461,38,Unemployed (Upskilling),Mumbai,Career Switcher,Pro,999,6,13,9,0.69,8.2,11,4,N,0,Wallet,3,Y
L00462,24,Consultant,Ahmedabad,Certification Seeker,Standard,599,5,7,5,0.71,6.2,10,21,N,0,Card,0,Y
L00463,27,Retired,Jaipur,Casual Learner,Basic,299,7,3,0,0.0,2.0,1,45,Y,26,Netbanking,5,Y
L00464,37,Software Engineer,Mumbai,Certification Seeker,Pro,999,2,7,6,0.86,4.6,10,2,N,0,UPI,1,N
L00465,22,Freelancer,Bengaluru,Casual Learner,Basic,299,9,15,3,0.2,3.8,5,87,Y,22,Netbanking,3,N
L00466,43,Freelancer,Ahmedabad,Casual Learner,Basic,299,2,14,3,0.21,1.1,3,76,N,0,Wallet,5,N
L00467,30,Entrepreneur,Jaipur,Power Learner,Premium,1499,5,6,5,0.83,18.8,22,2,N,0,UPI,0,N
L00468,26,Ex-Banker,Pune,Career Switcher,Pro,999,5,4,3,0.75,9.5,13,3,N,0,Wallet,0,N
L00469,28,Data Analyst,Bengaluru,Working Professional,Premium,1499,4,15,11,0.73,5.8,10,14,N,0,Wallet,0,Y
L00470,21,Student,Ahmedabad,College Student,Pro,999,6,9,6,0.67,7.0,5,10,Y,18,Netbanking,3,Y
L00471,38,Freelancer,Jaipur,Casual Learner,Standard,599,3,2,0,0.0,0.5,2,59,Y,15,Card,5,N
L00472,28,Retired,Jaipur,Casual Learner,Standard,599,3,4,2,0.5,1.4,6,61,Y,17,Wallet,3,N
L00473,29,Software Engineer,Mumbai,Certification Seeker,Premium,1499,11,4,4,1.0,6.1,9,2,N,0,Card,0,Y
L00474,28,Marketing Executive,Bengaluru,Working Professional,Premium,1499,3,7,5,0.71,9.7,9,0,N,0,Wallet,1,Y
L00475,24,Student,Pune,Casual Learner,Standard,599,7,5,2,0.4,1.0,2,47,N,0,Card,3,N
L00476,18,Student,Pune,Casual Learner,Basic,299,8,8,1,0.12,3.7,3,78,Y,16,Wallet,2,N
L00477,41,Part-time Worker,Pune,Casual Learner,Basic,299,9,6,2,0.33,0.7,3,50,N,0,UPI,1,N
L00478,34,Ex-Operations,Chennai,Career Switcher,Standard,599,9,8,4,0.5,5.3,10,8,N,0,Wallet,1,Y
L00479,31,Freelancer,Pune,Casual Learner,Basic,299,1,15,5,0.33,3.9,4,55,Y,28,Netbanking,5,N
L00480,38,Analyst,Ahmedabad,Certification Seeker,Pro,999,6,9,8,0.89,6.7,13,24,N,0,Wallet,0,Y
L00481,19,Student,Jaipur,College Student,Basic,299,12,6,2,0.33,5.3,5,31,N,0,Wallet,4,Y
L00482,26,Software Engineer,Chennai,Certification Seeker,Basic,299,5,5,4,0.8,3.9,8,23,N,0,Card,0,Y
L00483,38,Ex-Teacher,Hyderabad,Career Switcher,Pro,999,11,11,6,0.55,5.7,13,0,Y,9,UPI,2,Y
L00484,23,Student,Jaipur,College Student,Standard,599,5,11,8,0.73,6.2,4,21,N,0,Wallet,1,N
L00485,45,Data Scientist,Hyderabad,Power Learner,Premium,1499,11,10,9,0.9,12.8,20,0,N,0,Wallet,1,Y
L00486,32,Software Engineer,Mumbai,Power Learner,Premium,1499,3,11,10,0.91,13.9,26,2,Y,8,Wallet,1,N
L00487,36,Ex-Teacher,Chennai,Career Switcher,Pro,999,8,10,6,0.6,8.1,14,15,N,0,Wallet,2,Y
L00488,30,Software Engineer,Mumbai,Working Professional,Pro,999,8,11,8,0.73,8.1,10,15,N,0,Netbanking,1,Y
L00489,37,Analyst,Delhi NCR,Certification Seeker,Premium,1499,11,10,7,0.7,7.5,9,16,Y,6,UPI,0,Y
L00490,31,HR Executive,Pune,Working Professional,Standard,599,10,11,6,0.55,4.5,16,0,N,0,Card,3,Y
L00491,35,Data Analyst,Chennai,Working Professional,Pro,999,8,6,5,0.83,8.5,15,19,N,0,Card,0,Y
L00492,37,Student,Bengaluru,Casual Learner,Basic,299,1,8,1,0.12,0.5,1,21,Y,18,Wallet,3,N
L00493,31,Entrepreneur,Pune,Power Learner,Standard,599,3,4,4,1.0,10.1,21,0,N,0,Card,1,Y
L00494,38,Unemployed (Upskilling),Hyderabad,Career Switcher,Basic,299,8,15,8,0.53,6.0,14,0,Y,12,Wallet,3,Y
L00495,27,Marketing Executive,Pune,Working Professional,Pro,999,7,12,9,0.75,4.3,8,3,N,0,Wallet,1,Y
L00496,34,Ex-Teacher,Jaipur,Career Switcher,Pro,999,9,1,1,1.0,9.1,17,15,N,0,Wallet,1,Y
L00497,23,Student,Jaipur,College Student,Basic,299,10,1,1,1.0,8.6,9,28,Y,25,Wallet,1,Y
L00498,33,Data Analyst,Jaipur,Working Professional,Standard,599,5,11,9,0.82,8.3,14,13,N,0,Netbanking,1,N
L00499,28,Analyst,Bengaluru,Certification Seeker,Pro,999,3,13,10,0.77,3.9,8,19,N,0,Wallet,1,Y
L00500,25,Ex-Marketer,Pune,Career Switcher,Pro,999,3,6,4,0.67,6.2,16,1,N,0,Card,0,Y
L00501,29,Data Analyst,Mumbai,Working Professional,Pro,999,9,2,1,0.5,5.6,10,16,N,0,Wallet,3,N
L00502,21,Part-time Worker,Bengaluru,Casual Learner,Standard,599,1,15,6,0.4,2.3,2,35,Y,25,Wallet,3,N
L00503,23,Student,Chennai,College Student,Standard,599,2,1,1,1.0,7.9,11,26,Y,26,Netbanking,1,Y
L00504,20,Student,Chennai,College Student,Standard,599,4,3,2,0.67,3.1,12,26,N,0,Wallet,3,N
L00505,36,Consultant,Mumbai,Power Learner,Premium,1499,1,6,5,0.83,17.2,28,0,N,0,Card,1,Y
L00506,39,Freelancer,Mumbai,Casual Learner,Pro,999,12,15,4,0.27,3.3,5,57,N,0,Netbanking,3,N
L00507,20,Student,Ahmedabad,College Student,Basic,299,4,12,7,0.58,8.2,13,39,Y,26,Wallet,1,N
L00508,22,Student,Ahmedabad,College Student,Standard,599,12,2,1,0.5,8.2,12,34,Y,16,Netbanking,1,Y
L00509,39,Analyst,Hyderabad,Certification Seeker,Pro,999,5,14,11,0.79,6.6,14,3,N,0,Netbanking,0,Y
L00510,28,Ex-Operations,Pune,Career Switcher,Pro,999,1,5,3,0.6,8.2,11,7,N,0,Card,3,Y
L00511,20,Student,Chennai,College Student,Standard,599,3,7,3,0.43,7.0,10,5,N,0,Wallet,1,Y
L00512,32,Sales Executive,Ahmedabad,Working Professional,Premium,1499,10,8,6,0.75,7.0,14,14,N,0,Wallet,0,Y
L00513,23,Student,Delhi NCR,College Student,Pro,999,9,1,1,1.0,8.0,5,13,N,0,Netbanking,0,Y
L00514,25,Data Analyst,Pune,Working Professional,Basic,299,3,8,5,0.62,4.7,12,11,Y,6,Wallet,0,N
L00515,28,Marketing Executive,Delhi NCR,Working Professional,Pro,999,8,1,1,1.0,4.0,16,11,N,0,Netbanking,1,N
L00516,33,Part-time Worker,Delhi NCR,Casual Learner,Standard,599,9,12,2,0.17,2.7,4,77,Y,26,Wallet,4,N
L00517,32,Software Engineer,Jaipur,Working Professional,Pro,999,11,13,9,0.69,4.5,10,0,N,0,Netbanking,0,Y
L00518,22,Student,Hyderabad,College Student,Standard,599,9,1,0,0.0,8.3,5,34,Y,14,Wallet,1,N
L00519,37,Unemployed (Upskilling),Mumbai,Career Switcher,Pro,999,1,9,5,0.56,7.4,10,13,N,0,Netbanking,0,Y
L00520,19,Student,Delhi NCR,College Student,Basic,299,2,6,2,0.33,3.1,10,10,Y,24,Netbanking,4,Y
L00521,20,Student,Ahmedabad,College Student,Pro,999,2,8,5,0.62,2.4,7,38,Y,20,UPI,2,Y
L00522,30,Software Engineer,Jaipur,Working Professional,Basic,299,11,10,7,0.7,5.4,8,8,N,0,Card,0,Y
L00523,25,HR Executive,Hyderabad,Working Professional,Pro,999,3,7,5,0.71,6.2,10,7,N,0,Wallet,0,Y
L00524,33,Data Analyst,Delhi NCR,Working Professional,Basic,299,8,14,12,0.86,5.6,12,12,N,0,Netbanking,0,Y
L00525,27,Ex-Marketer,Bengaluru,Career Switcher,Pro,999,2,4,3,0.75,10.8,16,8,N,0,Netbanking,1,Y
L00526,42,Entrepreneur,Pune,Power Learner,Pro,999,6,12,9,0.75,13.4,27,2,Y,14,Wallet,0,N
L00527,38,Unemployed (Upskilling),Jaipur,Career Switcher,Pro,999,9,15,10,0.67,5.6,18,2,N,0,Wallet,0,Y
L00528,44,Part-time Worker,Chennai,Casual Learner,Basic,299,12,4,1,0.25,3.9,1,79,Y,14,UPI,3,N
L00529,24,Homemaker,Pune,Casual Learner,Standard,599,4,8,1,0.12,1.3,4,66,N,0,Card,1,N
L00530,34,Software Engineer,Pune,Certification Seeker,Pro,999,8,11,9,0.82,3.9,9,21,N,0,Card,0,Y
L00531,22,Student,Hyderabad,Casual Learner,Standard,599,12,12,5,0.42,3.2,2,22,N,0,Netbanking,3,Y
L00532,34,Software Engineer,Chennai,Working Professional,Standard,599,7,9,6,0.67,5.6,16,14,N,0,Card,0,Y
L00533,31,Data Analyst,Mumbai,Working Professional,Standard,599,6,7,6,0.86,4.5,8,7,N,0,Card,0,Y
L00534,34,Software Engineer,Mumbai,Working Professional,Pro,999,1,8,5,0.62,7.6,13,8,N,0,Netbanking,0,N
L00535,27,Software Engineer,Jaipur,Working Professional,Pro,999,11,15,13,0.87,6.7,9,2,Y,8,UPI,0,Y
L00536,19,Student,Ahmedabad,Casual Learner,Basic,299,11,7,3,0.43,0.7,1,57,Y,25,Card,0,N
L00537,30,HR Executive,Bengaluru,Working Professional,Standard,599,11,4,3,0.75,8.7,15,16,Y,5,UPI,0,N
L00538,22,Student,Chennai,College Student,Basic,299,12,1,0,0.0,6.3,6,15,Y,16,Wallet,5,N
L00539,27,Part-time Worker,Delhi NCR,Casual Learner,Basic,299,5,9,4,0.44,2.6,3,67,N,0,Card,0,N
L00540,35,Homemaker,Ahmedabad,Casual Learner,Basic,299,4,11,2,0.18,2.7,2,28,Y,24,Wallet,5,N
L00541,40,Analyst,Pune,Certification Seeker,Standard,599,3,1,1,1.0,3.5,6,15,N,0,Card,1,Y
L00542,23,Student,Ahmedabad,College Student,Basic,299,3,6,2,0.33,7.8,4,23,Y,12,Netbanking,4,Y
L00543,36,Ex-Teacher,Mumbai,Career Switcher,Standard,599,5,9,5,0.56,6.2,12,5,N,0,Card,0,Y
L00544,18,Student,Delhi NCR,College Student,Basic,299,2,6,3,0.5,4.4,7,19,N,0,Card,3,N
L00545,19,Student,Hyderabad,College Student,Basic,299,7,11,6,0.55,6.9,9,38,Y,11,Card,2,N
L00546,24,Data Analyst,Delhi NCR,Working Professional,Premium,1499,10,13,10,0.77,9.3,11,2,N,0,UPI,0,Y
L00547,38,Part-time Worker,Chennai,Casual Learner,Basic,299,8,8,2,0.25,1.1,6,67,N,0,Wallet,4,N
L00548,33,Software Engineer,Hyderabad,Working Professional,Standard,599,4,7,4,0.57,6.7,11,12,N,0,Card,2,Y
L00549,18,Student,Jaipur,College Student,Standard,599,4,7,4,0.57,6.1,11,32,Y,19,Netbanking,3,Y
L00550,26,Sales Executive,Hyderabad,Working Professional,Standard,599,2,9,7,0.78,6.2,9,9,N,0,UPI,1,N
L00551,18,Student,Mumbai,College Student,Standard,599,6,14,7,0.5,3.4,9,16,N,0,Netbanking,1,N
L00552,44,Consultant,Mumbai,Power Learner,Premium,1499,5,13,12,0.92,18.2,26,3,N,0,Wallet,0,N
L00553,23,Student,Jaipur,College Student,Basic,299,10,2,1,0.5,7.5,11,29,Y,14,Wallet,1,Y
L00554,22,Analyst,Delhi NCR,Certification Seeker,Pro,999,3,14,12,0.86,4.5,6,15,N,0,Card,1,Y
L00555,42,Part-time Worker,Pune,Casual Learner,Basic,299,1,6,1,0.17,2.5,1,37,N,0,Wallet,4,Y
L00556,32,Sales Executive,Hyderabad,Working Professional,Pro,999,6,2,2,1.0,7.4,15,20,Y,12,Card,0,N
L00557,25,Ex-Banker,Hyderabad,Career Switcher,Basic,299,7,2,1,0.5,7.0,11,9,N,0,Netbanking,0,Y
L00558,35,Manager,Delhi NCR,Certification Seeker,Premium,1499,3,15,9,0.6,5.7,13,23,N,0,Card,1,Y
L00559,39,Retired,Delhi NCR,Casual Learner,Basic,299,5,1,0,0.0,2.6,5,78,N,0,Wallet,1,N
L00560,32,Unemployed (Upskilling),Chennai,Career Switcher,Premium,1499,8,5,4,0.8,8.2,17,1,N,0,Wallet,1,Y
L00561,27,Retired,Delhi NCR,Casual Learner,Basic,299,3,15,4,0.27,3.6,6,75,N,0,UPI,4,N
L00562,19,Student,Pune,College Student,Standard,599,2,13,7,0.54,6.9,7,31,N,0,Netbanking,0,N
L00563,29,Sales Executive,Jaipur,Working Professional,Standard,599,4,12,7,0.58,7.0,15,0,N,0,Wallet,3,Y
L00564,27,Sales Executive,Mumbai,Working Professional,Basic,299,2,8,6,0.75,8.3,10,10,N,0,UPI,0,Y
L00565,21,Student,Jaipur,College Student,Standard,599,3,5,2,0.4,3.2,4,38,Y,25,Card,0,N
L00566,20,Student,Jaipur,College Student,Basic,299,4,12,5,0.42,7.0,14,34,Y,23,UPI,3,N
L00567,33,Software Engineer,Mumbai,Working Professional,Pro,999,4,1,1,1.0,9.6,13,7,N,0,UPI,1,Y
L00568,27,Ex-Banker,Bengaluru,Career Switcher,Pro,999,11,2,1,0.5,6.2,10,1,N,0,Netbanking,1,Y
L00569,34,Manager,Bengaluru,Certification Seeker,Standard,599,2,6,4,0.67,4.8,8,0,Y,7,Card,0,Y
L00570,22,Student,Mumbai,College Student,Basic,299,4,2,1,0.5,4.9,13,31,N,0,Card,2,N
L00571,37,Ex-Banker,Chennai,Career Switcher,Standard,599,12,1,1,1.0,7.2,18,15,N,0,Wallet,1,Y
L00572,34,Part-time Worker,Mumbai,Casual Learner,Basic,299,10,7,1,0.14,3.2,1,59,N,0,UPI,1,N
L00573,27,Marketing Executive,Ahmedabad,Working Professional,Standard,599,1,6,4,0.67,5.4,15,10,N,0,UPI,3,N
L00574,24,Marketing Executive,Chennai,Working Professional,Standard,599,4,7,5,0.71,7.2,11,7,N,0,Card,1,Y
L00575,21,Student,Hyderabad,College Student,Basic,299,3,9,4,0.44,8.6,6,5,N,0,Card,1,Y
L00576,31,Data Analyst,Delhi NCR,Working Professional,Pro,999,4,8,5,0.62,6.5,11,9,N,0,Card,2,N
L00577,29,Sales Executive,Ahmedabad,Working Professional,Standard,599,8,13,10,0.77,6.5,14,4,N,0,Wallet,1,N
L00578,27,Part-time Worker,Delhi NCR,Casual Learner,Basic,299,3,7,2,0.29,1.4,4,59,N,0,Wallet,1,N
L00579,24,Freelancer,Hyderabad,Casual Learner,Basic,299,9,7,2,0.29,3.1,3,82,N,0,Netbanking,4,N
L00580,27,Ex-Operations,Mumbai,Career Switcher,Premium,1499,2,7,4,0.57,7.7,17,5,N,0,Netbanking,3,Y
L00581,24,Sales Executive,Ahmedabad,Working Professional,Pro,999,4,1,1,1.0,6.9,13,20,N,0,Card,1,Y
L00582,24,Consultant,Hyderabad,Power Learner,Premium,1499,11,11,10,0.91,18.4,20,0,N,0,Wallet,1,Y
L00583,22,Data Scientist,Ahmedabad,Power Learner,Pro,999,7,12,11,0.92,12.5,24,3,N,0,UPI,0,Y
L00584,29,Freelancer,Pune,Casual Learner,Standard,599,12,14,6,0.43,1.9,3,20,Y,12,Wallet,3,Y
L00585,23,Freelancer,Chennai,Casual Learner,Basic,299,3,8,3,0.38,1.2,2,84,N,0,Card,2,N
L00586,43,Freelancer,Pune,Casual Learner,Premium,1499,7,3,1,0.33,2.0,5,33,Y,12,UPI,3,Y
L00587,19,Student,Jaipur,College Student,Standard,599,2,13,8,0.62,2.1,8,0,N,0,UPI,1,Y
L00588,22,Student,Jaipur,College Student,Standard,599,6,6,4,0.67,6.2,9,23,N,0,Card,2,Y
L00589,24,Data Analyst,Chennai,Working Professional,Pro,999,1,2,1,0.5,6.7,14,4,N,0,Netbanking,1,Y
L00590,40,Unemployed (Upskilling),Ahmedabad,Career Switcher,Pro,999,1,14,10,0.71,11.9,13,0,Y,13,Netbanking,1,Y
L00591,35,HR Executive,Bengaluru,Working Professional,Standard,599,8,4,3,0.75,9.9,9,12,N,0,UPI,0,Y
L00592,23,Student,Delhi NCR,College Student,Pro,999,2,3,1,0.33,5.4,12,15,N,0,UPI,1,Y
L00593,23,Student,Ahmedabad,Casual Learner,Standard,599,4,11,5,0.45,3.0,6,80,Y,13,Wallet,0,N
L00594,27,HR Executive,Bengaluru,Working Professional,Pro,999,7,9,7,0.78,9.5,14,20,N,0,Wallet,0,Y
L00595,18,Student,Bengaluru,College Student,Basic,299,10,14,7,0.5,8.6,5,36,Y,18,UPI,2,Y
L00596,37,Ex-Operations,Chennai,Career Switcher,Pro,999,11,1,1,1.0,11.5,10,7,N,0,Wallet,1,Y
L00597,27,Entrepreneur,Jaipur,Power Learner,Pro,999,5,5,4,0.8,11.5,30,0,N,0,UPI,1,N
L00598,33,Freelancer,Jaipur,Casual Learner,Basic,299,7,4,2,0.5,0.7,3,39,N,0,Card,0,N
L00599,45,Retired,Ahmedabad,Casual Learner,Basic,299,11,6,2,0.33,3.7,2,22,Y,19,Netbanking,4,Y
L00600,34,Ex-Marketer,Hyderabad,Career Switcher,Pro,999,9,10,7,0.7,7.8,10,10,N,0,UPI,1,Y
L00601,19,Student,Jaipur,College Student,Basic,299,3,14,7,0.5,3.5,7,0,N,0,Card,3,N
L00602,26,Software Engineer,Bengaluru,Working Professional,Standard,599,8,11,9,0.82,5.1,8,3,N,0,Wallet,0,Y
L00603,24,Software Engineer,Hyderabad,Working Professional,Standard,599,5,13,10,0.77,8.1,10,20,N,0,UPI,1,N
L00604,33,Ex-Operations,Chennai,Career Switcher,Basic,299,2,10,5,0.5,5.6,15,7,N,0,Wallet,2,N
L00605,22,Student,Ahmedabad,College Student,Standard,599,11,6,2,0.33,6.9,8,36,Y,28,Card,4,N
L00606,22,Student,Bengaluru,College Student,Standard,599,10,4,3,0.75,5.8,14,7,N,0,UPI,0,N
L00607,18,Part-time Worker,Jaipur,Casual Learner,Standard,599,2,2,1,0.5,0.6,5,46,N,0,UPI,0,N
L00608,29,HR Executive,Delhi NCR,Working Professional,Standard,599,11,9,8,0.89,4.0,12,1,N,0,Netbanking,1,Y
L00609,29,HR Executive,Chennai,Working Professional,Pro,999,9,4,2,0.5,5.3,9,1,Y,14,Card,1,Y
L00610,20,Student,Delhi NCR,College Student,Standard,599,7,15,8,0.53,2.5,8,16,Y,19,Netbanking,3,N
L00611,19,Student,Pune,College Student,Premium,1499,12,14,9,0.64,6.5,9,36,Y,13,Card,2,N
L00612,24,HR Executive,Hyderabad,Working Professional,Basic,299,2,11,6,0.55,7.2,16,13,Y,14,Netbanking,1,N
L00613,18,Student,Ahmedabad,College Student,Premium,1499,4,12,5,0.42,4.7,5,7,N,0,Wallet,0,Y
L00614,45,Student,Pune,Casual Learner,Basic,299,1,12,3,0.25,1.1,4,43,N,0,Wallet,4,N
L00615,23,Student,Delhi NCR,College Student,Basic,299,10,12,9,0.75,7.1,4,40,N,0,Wallet,1,Y
L00616,45,Entrepreneur,Pune,Power Learner,Pro,999,7,2,2,1.0,15.2,23,2,N,0,Wallet,1,Y
L00617,27,Ex-Banker,Bengaluru,Career Switcher,Standard,599,1,1,1,1.0,5.6,12,15,N,0,Wallet,0,Y
L00618,34,HR Executive,Bengaluru,Working Professional,Standard,599,10,12,9,0.75,5.1,8,13,N,0,UPI,1,N
L00619,32,Ex-Banker,Bengaluru,Career Switcher,Pro,999,3,3,2,0.67,8.6,8,13,N,0,UPI,2,N
L00620,22,Student,Pune,College Student,Basic,299,5,4,2,0.5,3.9,4,40,N,0,UPI,3,N
L00621,23,Analyst,Mumbai,Certification Seeker,Pro,999,6,12,8,0.67,4.5,7,0,Y,9,UPI,3,Y
L00622,22,Student,Ahmedabad,College Student,Basic,299,8,7,3,0.43,2.0,14,16,Y,17,Card,2,Y
L00623,31,Marketing Executive,Delhi NCR,Working Professional,Standard,599,7,1,1,1.0,4.0,11,3,Y,9,Netbanking,0,Y
L00624,21,Student,Bengaluru,College Student,Basic,299,9,13,6,0.46,5.5,14,8,N,0,Wallet,3,Y
L00625,45,Software Engineer,Delhi NCR,Power Learner,Pro,999,9,14,11,0.79,10.1,30,1,N,0,UPI,1,Y
L00626,25,Sales Executive,Hyderabad,Working Professional,Pro,999,12,14,11,0.79,7.1,11,8,N,0,Card,1,Y
L00627,43,Homemaker,Delhi NCR,Casual Learner,Basic,299,10,7,1,0.14,2.7,2,49,Y,30,Card,4,Y
L00628,18,Student,Ahmedabad,College Student,Standard,599,12,8,4,0.5,6.4,7,14,Y,19,UPI,2,Y
L00629,29,Sales Executive,Hyderabad,Working Professional,Standard,599,1,6,4,0.67,5.1,8,1,N,0,Wallet,2,N
L00630,19,Student,Jaipur,College Student,Basic,299,5,13,8,0.62,2.8,14,0,N,0,Netbanking,2,N
L00631,33,HR Executive,Chennai,Working Professional,Standard,599,5,3,2,0.67,5.3,14,2,N,0,UPI,0,Y
L00632,28,Consultant,Jaipur,Certification Seeker,Premium,1499,2,13,11,0.85,7.7,11,9,N,0,Card,0,Y
L00633,35,Data Analyst,Chennai,Working Professional,Premium,1499,8,7,4,0.57,7.8,9,13,N,0,UPI,1,Y
L00634,22,Student,Mumbai,Casual Learner,Pro,999,1,7,3,0.43,3.3,6,44,Y,21,UPI,1,N
L00635,32,Sales Executive,Ahmedabad,Working Professional,Pro,999,4,12,7,0.58,5.1,10,18,Y,14,Wallet,2,Y
L00636,23,Student,Bengaluru,College Student,Basic,299,1,15,9,0.6,5.7,8,2,Y,13,UPI,1,N
L00637,18,Student,Chennai,College Student,Standard,599,6,7,4,0.57,4.3,12,16,N,0,Netbanking,2,N
L00638,25,Ex-Marketer,Hyderabad,Career Switcher,Pro,999,5,12,9,0.75,6.2,8,3,N,0,Netbanking,0,N
L00639,20,Student,Ahmedabad,College Student,Basic,299,4,8,3,0.38,7.1,10,23,Y,14,Card,2,Y
L00640,35,Marketing Executive,Pune,Working Professional,Basic,299,3,3,2,0.67,9.3,14,19,Y,7,Wallet,0,N
L00641,18,Student,Ahmedabad,College Student,Basic,299,2,13,5,0.38,7.8,14,2,Y,13,UPI,1,N
L00642,23,Student,Bengaluru,College Student,Basic,299,8,8,4,0.5,7.3,11,10,Y,11,Netbanking,0,Y
L00643,22,Student,Bengaluru,College Student,Standard,599,7,7,3,0.43,3.0,7,1,Y,23,Card,3,N
L00644,21,Retired,Delhi NCR,Casual Learner,Premium,1499,4,6,1,0.17,0.9,3,65,Y,28,UPI,1,N
L00645,22,Student,Delhi NCR,College Student,Standard,599,3,5,3,0.6,8.3,14,19,Y,12,Wallet,2,N
L00646,40,Homemaker,Mumbai,Casual Learner,Standard,599,3,8,1,0.12,3.2,2,60,N,0,Wallet,1,N
L00647,35,Data Analyst,Delhi NCR,Working Professional,Basic,299,3,7,5,0.71,5.1,14,11,N,0,Wallet,1,Y
L00648,27,Entrepreneur,Ahmedabad,Power Learner,Premium,1499,9,10,8,0.8,15.3,28,1,N,0,Card,0,Y
L00649,18,Student,Jaipur,College Student,Pro,999,2,14,10,0.71,2.4,9,23,N,0,Card,1,Y
L00650,39,Manager,Hyderabad,Certification Seeker,Standard,599,4,12,11,0.92,3.3,8,3,Y,12,Wallet,1,Y
L00651,22,Student,Jaipur,College Student,Standard,599,3,2,1,0.5,2.2,9,9,Y,27,Wallet,1,N
L00652,26,HR Executive,Pune,Working Professional,Pro,999,12,1,1,1.0,6.0,8,9,N,0,UPI,0,Y
L00653,21,Student,Pune,College Student,Pro,999,9,5,4,0.8,4.1,7,27,N,0,Wallet,0,Y
L00654,24,Marketing Executive,Ahmedabad,Working Professional,Standard,599,12,11,8,0.73,9.9,9,14,N,0,Wallet,0,Y
L00655,30,Marketing Executive,Pune,Working Professional,Standard,599,2,3,2,0.67,6.2,13,0,N,0,UPI,1,Y
L00656,27,Freelancer,Hyderabad,Casual Learner,Basic,299,1,13,4,0.31,1.3,1,25,Y,11,UPI,3,Y
L00657,28,Sales Executive,Hyderabad,Working Professional,Standard,599,7,15,10,0.67,8.4,10,3,N,0,UPI,1,Y
L00658,33,Part-time Worker,Mumbai,Casual Learner,Basic,299,3,4,2,0.5,2.9,1,31,N,0,Card,1,N
L00659,35,HR Executive,Chennai,Working Professional,Standard,599,3,7,6,0.86,6.0,13,19,Y,12,Wallet,0,Y
L00660,27,Ex-Banker,Jaipur,Career Switcher,Basic,299,1,8,5,0.62,6.0,12,2,N,0,Netbanking,1,Y
L00661,36,Ex-Teacher,Bengaluru,Career Switcher,Standard,599,8,8,6,0.75,6.8,15,8,N,0,Card,0,N
L00662,29,Data Analyst,Ahmedabad,Working Professional,Standard,599,10,14,9,0.64,9.5,10,14,N,0,Netbanking,2,Y
L00663,31,Data Analyst,Mumbai,Working Professional,Pro,999,11,14,8,0.57,4.3,11,17,Y,9,Wallet,0,Y
L00664,24,Analyst,Jaipur,Certification Seeker,Standard,599,9,12,8,0.67,7.5,13,3,Y,15,Wallet,3,Y
L00665,29,Data Analyst,Jaipur,Working Professional,Standard,599,12,3,2,0.67,6.9,12,14,N,0,Card,1,Y
L00666,22,Student,Mumbai,College Student,Pro,999,6,14,5,0.36,7.5,11,13,Y,25,Wallet,3,Y
L00667,19,Student,Pune,College Student,Basic,299,5,11,6,0.55,8.1,11,26,N,0,Card,0,Y
L00668,32,Analyst,Delhi NCR,Certification Seeker,Standard,599,7,12,10,0.83,5.4,14,22,N,0,Wallet,0,Y
L00669,28,Software Engineer,Delhi NCR,Certification Seeker,Standard,599,12,8,5,0.62,6.7,11,0,N,0,Wallet,2,Y
L00670,33,Consultant,Mumbai,Power Learner,Premium,1499,3,12,9,0.75,16.3,30,0,N,0,Wallet,0,Y
L00671,19,Student,Mumbai,College Student,Basic,299,6,2,1,0.5,2.1,8,32,N,0,Wallet,3,Y
L00672,32,Sales Executive,Chennai,Working Professional,Standard,599,3,3,2,0.67,6.8,13,5,N,0,Wallet,2,N
L00673,31,Student,Bengaluru,Casual Learner,Premium,1499,2,12,2,0.17,0.8,1,72,N,0,UPI,4,N
L00674,39,Student,Ahmedabad,Casual Learner,Basic,299,8,2,1,0.5,2.4,1,45,Y,26,Wallet,3,N
L00675,37,Ex-Teacher,Chennai,Career Switcher,Pro,999,9,15,9,0.6,7.0,18,8,N,0,Wallet,1,Y
L00676,23,Software Engineer,Mumbai,Certification Seeker,Standard,599,6,6,5,0.83,7.2,14,23,Y,11,Wallet,0,Y
L00677,33,Sales Executive,Mumbai,Working Professional,Pro,999,10,6,4,0.67,6.6,14,5,N,0,Wallet,1,Y
L00678,34,Homemaker,Ahmedabad,Casual Learner,Standard,599,11,4,2,0.5,3.7,5,40,Y,11,UPI,1,Y
L00679,20,Part-time Worker,Ahmedabad,Casual Learner,Basic,299,12,11,2,0.18,1.0,4,65,N,0,Netbanking,2,N
L00680,21,Student,Mumbai,College Student,Basic,299,3,2,1,0.5,6.4,14,37,Y,22,UPI,1,Y
L00681,24,Software Engineer,Jaipur,Certification Seeker,Pro,999,4,2,1,0.5,5.0,13,25,N,0,UPI,1,N
L00682,29,Sales Executive,Delhi NCR,Working Professional,Standard,599,1,6,5,0.83,9.4,8,3,N,0,UPI,0,Y
L00683,18,Student,Mumbai,College Student,Standard,599,9,2,1,0.5,5.6,6,13,N,0,UPI,2,Y
L00684,23,Student,Pune,College Student,Basic,299,4,8,5,0.62,8.7,9,35,N,0,Wallet,3,Y
L00685,27,Data Analyst,Delhi NCR,Working Professional,Standard,599,12,13,9,0.69,5.7,14,3,N,0,Card,1,N
L00686,31,Sales Executive,Pune,Working Professional,Pro,999,10,6,4,0.67,4.6,14,13,N,0,UPI,3,Y
L00687,22,Student,Ahmedabad,College Student,Basic,299,11,2,1,0.5,8.7,12,22,Y,16,Card,2,Y
L00688,20,Student,Delhi NCR,College Student,Standard,599,2,10,4,0.4,2.1,4,21,N,0,Card,0,Y
L00689,31,Ex-Teacher,Pune,Career Switcher,Pro,999,11,7,5,0.71,5.5,18,13,N,0,Netbanking,0,Y
L00690,33,Homemaker,Pune,Casual Learner,Basic,299,2,4,1,0.25,2.1,5,61,N,0,Netbanking,1,N
L00691,22,Manager,Pune,Certification Seeker,Standard,599,7,11,7,0.64,3.2,14,16,Y,10,Wallet,2,Y
L00692,30,Homemaker,Chennai,Casual Learner,Basic,299,1,11,3,0.27,1.9,6,78,N,0,UPI,3,N
L00693,19,Student,Mumbai,College Student,Basic,299,6,4,2,0.5,8.0,10,14,N,0,Netbanking,0,N
L00694,30,Software Engineer,Bengaluru,Certification Seeker,Basic,299,5,13,10,0.77,3.4,11,22,N,0,Card,0,Y
L00695,20,Student,Ahmedabad,College Student,Standard,599,11,11,6,0.55,2.9,12,15,Y,16,Wallet,1,Y
L00696,40,Homemaker,Chennai,Casual Learner,Basic,299,4,2,1,0.5,2.8,6,46,N,0,UPI,1,Y
L00697,21,Student,Jaipur,College Student,Basic,299,4,13,9,0.69,7.7,12,32,N,0,Wallet,1,N
L00698,19,Student,Chennai,College Student,Basic,299,8,4,3,0.75,8.1,12,12,Y,18,Netbanking,0,Y
L00699,25,Consultant,Mumbai,Certification Seeker,Pro,999,3,6,5,0.83,4.3,13,21,N,0,UPI,1,Y
L00700,22,Student,Chennai,College Student,Basic,299,5,7,4,0.57,4.6,4,24,Y,14,Card,2,Y
L00701,30,Software Engineer,Mumbai,Working Professional,Pro,999,2,4,3,0.75,5.3,8,1,Y,6,Card,1,Y
L00702,23,Student,Jaipur,College Student,Basic,299,4,1,0,0.0,4.4,8,38,Y,20,Wallet,3,N
L00703,23,Student,Bengaluru,Casual Learner,Basic,299,6,7,2,0.29,3.6,2,21,Y,14,Netbanking,1,Y
L00704,18,Part-time Worker,Chennai,Casual Learner,Pro,999,10,14,2,0.14,0.5,2,80,Y,24,Netbanking,2,N
L00705,19,Student,Bengaluru,College Student,Basic,299,12,5,4,0.8,4.3,11,22,N,0,Netbanking,1,Y
L00706,31,Analyst,Jaipur,Certification Seeker,Standard,599,11,14,13,0.93,5.6,6,4,N,0,Card,1,Y
L00707,23,Student,Chennai,College Student,Basic,299,2,5,2,0.4,3.4,10,40,N,0,Wallet,1,Y
L00708,35,Ex-Operations,Ahmedabad,Career Switcher,Premium,1499,5,2,2,1.0,7.2,8,10,N,0,Wallet,1,Y
L00709,35,Data Scientist,Jaipur,Power Learner,Premium,1499,9,5,4,0.8,19.7,29,1,Y,8,Wallet,0,Y
L00710,25,Software Engineer,Jaipur,Certification Seeker,Standard,599,7,6,4,0.67,4.8,6,1,N,0,Card,0,Y
L00711,23,Student,Ahmedabad,College Student,Standard,599,2,4,3,0.75,4.0,4,30,N,0,Wallet,1,Y
L00712,30,Analyst,Pune,Certification Seeker,Standard,599,7,11,9,0.82,6.4,11,25,N,0,Netbanking,0,Y
L00713,20,Student,Pune,College Student,Standard,599,11,14,9,0.64,5.2,6,24,Y,13,Wallet,2,Y
L00714,29,Retired,Chennai,Casual Learner,Basic,299,7,1,0,0.0,3.9,4,23,N,0,Wallet,1,N
L00715,34,Ex-Banker,Chennai,Career Switcher,Standard,599,9,7,5,0.71,11.3,12,1,Y,12,Wallet,1,N
L00716,20,Student,Chennai,College Student,Standard,599,5,10,4,0.4,6.0,9,3,N,0,UPI,1,Y
L00717,40,Ex-Banker,Hyderabad,Career Switcher,Premium,1499,11,15,11,0.73,11.0,12,9,Y,10,Card,0,Y
L00718,18,Student,Hyderabad,College Student,Basic,299,8,15,8,0.53,2.2,12,28,Y,18,Card,1,N
L00719,39,Unemployed (Upskilling),Bengaluru,Career Switcher,Pro,999,11,12,7,0.58,5.2,10,7,N,0,Card,3,Y
L00720,25,HR Executive,Jaipur,Working Professional,Standard,599,5,7,5,0.71,6.3,9,14,Y,8,UPI,1,Y
L00721,34,HR Executive,Jaipur,Working Professional,Basic,299,6,3,2,0.67,9.8,15,14,N,0,Card,2,N
L00722,27,Ex-Banker,Delhi NCR,Career Switcher,Pro,999,12,13,8,0.62,8.9,15,4,N,0,Wallet,0,N
L00723,37,Ex-Operations,Delhi NCR,Career Switcher,Pro,999,9,6,3,0.5,10.4,16,8,N,0,Netbanking,3,Y
L00724,23,Student,Hyderabad,College Student,Basic,299,2,4,2,0.5,5.5,14,30,N,0,Card,0,N
L00725,21,Student,Bengaluru,College Student,Basic,299,5,10,7,0.7,2.8,5,28,N,0,UPI,0,Y
L00726,30,Freelancer,Hyderabad,Casual Learner,Basic,299,8,3,1,0.33,2.0,3,48,Y,21,Card,1,N
L00727,28,Ex-Banker,Mumbai,Career Switcher,Pro,999,1,11,7,0.64,7.5,14,2,N,0,Wallet,1,N
L00728,40,Unemployed (Upskilling),Chennai,Career Switcher,Pro,999,9,7,4,0.57,11.0,9,14,N,0,UPI,1,N
L00729,25,Sales Executive,Hyderabad,Working Professional,Basic,299,9,5,4,0.8,6.0,11,9,N,0,Netbanking,0,N
L00730,20,Student,Hyderabad,College Student,Pro,999,10,12,4,0.33,5.5,10,39,N,0,Wallet,3,N
L00731,21,Student,Hyderabad,College Student,Basic,299,1,11,8,0.73,3.0,12,21,N,0,UPI,0,Y
L00732,36,Part-time Worker,Mumbai,Casual Learner,Basic,299,2,8,3,0.38,3.8,5,30,N,0,Netbanking,1,Y
L00733,27,Data Analyst,Ahmedabad,Working Professional,Pro,999,4,13,10,0.77,4.1,8,0,Y,11,Wallet,0,Y
L00734,21,Student,Ahmedabad,College Student,Standard,599,9,15,11,0.73,3.0,11,7,Y,14,Wallet,0,Y
L00735,18,Student,Ahmedabad,College Student,Standard,599,9,2,1,0.5,6.0,4,15,Y,19,Netbanking,0,Y
L00736,32,Ex-Marketer,Delhi NCR,Career Switcher,Pro,999,8,9,5,0.56,9.6,18,2,N,0,Netbanking,1,Y
L00737,29,HR Executive,Pune,Working Professional,Premium,1499,4,9,7,0.78,7.2,12,10,Y,8,Wallet,1,Y
L00738,19,Student,Pune,College Student,Standard,599,4,12,9,0.75,2.9,6,2,Y,25,UPI,0,Y
L00739,20,Student,Pune,College Student,Standard,599,2,14,8,0.57,2.4,13,24,Y,19,Card,1,Y
L00740,26,Ex-Marketer,Mumbai,Career Switcher,Pro,999,6,15,12,0.8,11.6,17,10,N,0,Card,0,Y
L00741,35,Manager,Mumbai,Certification Seeker,Pro,999,9,10,7,0.7,4.9,10,17,N,0,Netbanking,0,N
L00742,27,Marketing Executive,Mumbai,Working Professional,Standard,599,11,5,4,0.8,9.7,9,7,N,0,Wallet,0,Y
L00743,34,Data Analyst,Mumbai,Working Professional,Standard,599,10,1,1,1.0,8.0,12,5,N,0,Wallet,0,N
L00744,32,Marketing Executive,Ahmedabad,Working Professional,Basic,299,2,8,7,0.88,5.7,16,10,Y,13,Netbanking,1,N
L00745,23,Student,Delhi NCR,College Student,Pro,999,11,9,4,0.44,2.3,5,2,N,0,Netbanking,0,Y
L00746,23,Student,Pune,College Student,Basic,299,6,2,1,0.5,5.8,4,38,Y,19,UPI,1,Y
L00747,38,Ex-Teacher,Ahmedabad,Career Switcher,Premium,1499,3,7,4,0.57,5.2,17,11,N,0,Netbanking,3,N
L00748,24,Marketing Executive,Chennai,Working Professional,Basic,299,3,13,10,0.77,9.5,8,3,N,0,Netbanking,0,Y
L00749,29,Ex-Operations,Bengaluru,Career Switcher,Premium,1499,4,2,1,0.5,9.0,17,13,N,0,UPI,3,N
L00750,35,Ex-Marketer,Hyderabad,Career Switcher,Pro,999,5,6,4,0.67,11.4,13,7,N,0,Netbanking,0,Y
L00751,30,Data Analyst,Bengaluru,Working Professional,Standard,599,9,4,3,0.75,4.5,13,20,N,0,Wallet,0,Y
L00752,26,Consultant,Ahmedabad,Certification Seeker,Pro,999,11,6,4,0.67,3.7,10,25,Y,9,Card,3,Y
L00753,23,Retired,Mumbai,Casual Learner,Basic,299,7,3,1,0.33,1.4,5,80,N,0,Wallet,1,N
L00754,24,Entrepreneur,Ahmedabad,Power Learner,Pro,999,7,15,12,0.8,17.0,23,2,N,0,Netbanking,0,N
L00755,23,Student,Jaipur,College Student,Pro,999,11,12,8,0.67,5.1,10,18,Y,14,UPI,1,N
L00756,36,Ex-Operations,Ahmedabad,Career Switcher,Standard,599,3,2,2,1.0,8.6,17,8,N,0,Wallet,1,Y
L00757,32,HR Executive,Ahmedabad,Working Professional,Standard,599,7,12,7,0.58,5.9,10,4,N,0,Card,3,Y
L00758,35,Ex-Teacher,Chennai,Career Switcher,Standard,599,2,3,2,0.67,7.0,15,14,N,0,Netbanking,0,N
L00759,29,Ex-Teacher,Hyderabad,Career Switcher,Pro,999,9,9,7,0.78,10.3,8,1,N,0,Card,0,Y
L00760,33,Consultant,Pune,Certification Seeker,Premium,1499,10,8,5,0.62,5.1,13,16,N,0,UPI,0,Y
L00761,28,Software Engineer,Delhi NCR,Working Professional,Premium,1499,12,4,3,0.75,8.0,13,2,N,0,Netbanking,0,Y
L00762,23,Student,Chennai,College Student,Pro,999,1,9,4,0.44,5.0,12,20,N,0,UPI,0,Y
L00763,32,Ex-Banker,Pune,Career Switcher,Pro,999,8,11,6,0.55,10.7,15,9,N,0,Card,0,Y
L00764,33,Marketing Executive,Delhi NCR,Working Professional,Basic,299,12,11,8,0.73,5.6,14,20,N,0,Card,1,N
L00765,37,Manager,Ahmedabad,Certification Seeker,Pro,999,9,15,10,0.67,5.4,7,7,N,0,Netbanking,3,N
L00766,34,Sales Executive,Bengaluru,Working Professional,Standard,599,6,13,10,0.77,8.0,13,12,N,0,Wallet,1,Y
L00767,20,Student,Ahmedabad,College Student,Basic,299,6,8,4,0.5,3.8,9,26,Y,15,UPI,2,Y
L00768,23,Student,Pune,College Student,Basic,299,4,11,5,0.45,6.0,6,34,Y,29,Netbanking,1,N
L00769,23,Student,Ahmedabad,College Student,Basic,299,12,1,0,0.0,4.3,9,35,Y,17,Card,2,N
L00770,35,Marketing Executive,Pune,Working Professional,Pro,999,6,1,1,1.0,6.0,11,17,Y,5,UPI,1,Y
L00771,20,Student,Mumbai,College Student,Basic,299,12,7,5,0.71,3.7,8,7,N,0,Card,1,N
L00772,22,Student,Mumbai,College Student,Basic,299,9,13,8,0.62,6.2,6,6,Y,27,Netbanking,2,Y
L00773,27,Student,Jaipur,Casual Learner,Basic,299,5,7,2,0.29,3.9,5,80,Y,29,Netbanking,4,N
L00774,34,Freelancer,Ahmedabad,Casual Learner,Basic,299,8,8,3,0.38,3.0,3,89,Y,30,Wallet,2,N
L00775,25,Data Analyst,Chennai,Working Professional,Standard,599,11,14,8,0.57,9.9,9,17,N,0,Card,0,Y
L00776,40,Unemployed (Upskilling),Hyderabad,Career Switcher,Basic,299,8,1,1,1.0,6.8,12,10,N,0,Wallet,0,Y
L00777,22,Student,Jaipur,College Student,Basic,299,11,14,8,0.57,3.7,11,30,N,0,UPI,0,Y
L00778,19,Student,Delhi NCR,College Student,Standard,599,2,7,3,0.43,3.2,11,7,Y,23,Wallet,1,N
L00779,37,Ex-Teacher,Pune,Career Switcher,Standard,599,5,10,7,0.7,10.0,18,8,N,0,Card,0,Y
L00780,43,Part-time Worker,Chennai,Casual Learner,Basic,299,5,12,5,0.42,2.2,2,62,N,0,Card,1,N
L00781,22,Analyst,Ahmedabad,Certification Seeker,Standard,599,8,4,3,0.75,3.3,6,9,N,0,Wallet,1,Y
L00782,30,Ex-Teacher,Chennai,Career Switcher,Pro,999,4,14,8,0.57,7.4,8,6,N,0,Wallet,2,Y
L00783,26,Part-time Worker,Hyderabad,Casual Learner,Basic,299,3,10,2,0.2,0.9,2,55,Y,26,Wallet,3,N
L00784,30,Manager,Hyderabad,Certification Seeker,Standard,599,4,3,2,0.67,7.9,7,25,Y,14,Netbanking,0,N
L00785,22,Student,Ahmedabad,College Student,Standard,599,6,7,4,0.57,4.1,5,15,N,0,Wallet,2,Y
L00786,27,Unemployed (Upskilling),Hyderabad,Career Switcher,Premium,1499,11,8,5,0.62,10.8,10,13,N,0,Netbanking,0,Y
L00787,29,Marketing Executive,Mumbai,Working Professional,Premium,1499,8,9,6,0.67,8.6,13,13,N,0,Card,3,Y
L00788,22,Consultant,Jaipur,Certification Seeker,Standard,599,4,6,4,0.67,3.0,10,10,N,0,UPI,2,Y
L00789,21,Student,Mumbai,College Student,Premium,1499,12,14,10,0.71,3.8,14,3,Y,24,Wallet,1,Y
L00790,34,HR Executive,Bengaluru,Working Professional,Basic,299,1,3,2,0.67,7.7,10,5,Y,13,UPI,0,Y
L00791,28,Homemaker,Pune,Casual Learner,Premium,1499,4,11,2,0.18,2.8,6,22,N,0,Netbanking,2,N
L00792,36,Unemployed (Upskilling),Mumbai,Career Switcher,Premium,1499,7,14,7,0.5,7.9,18,1,N,0,Card,2,Y
L00793,28,HR Executive,Hyderabad,Working Professional,Pro,999,7,6,4,0.67,5.0,8,9,Y,10,UPI,3,Y
L00794,27,Software Engineer,Delhi NCR,Certification Seeker,Standard,599,11,11,7,0.64,7.8,8,25,N,0,UPI,1,Y
L00795,45,Freelancer,Delhi NCR,Casual Learner,Basic,299,7,6,1,0.17,3.0,2,55,Y,27,Netbanking,2,N
L00796,35,Sales Executive,Pune,Working Professional,Basic,299,6,14,10,0.71,7.5,13,20,N,0,Card,0,N
L00797,29,Unemployed (Upskilling),Hyderabad,Career Switcher,Premium,1499,7,12,7,0.58,7.4,18,9,N,0,Netbanking,0,Y
L00798,19,Student,Pune,College Student,Basic,299,2,8,4,0.5,5.6,14,11,N,0,Netbanking,3,N
L00799,32,Software Engineer,Chennai,Certification Seeker,Pro,999,1,15,11,0.73,3.8,13,10,Y,14,Netbanking,0,Y
L00800,18,Student,Jaipur,College Student,Standard,599,12,5,3,0.6,5.0,10,30,N,0,Netbanking,3,Y
L00801,27,HR Executive,Bengaluru,Working Professional,Standard,599,5,9,5,0.56,9.7,14,18,Y,8,Card,1,Y
L00802,24,Software Engineer,Pune,Working Professional,Pro,999,3,1,1,1.0,8.8,15,12,N,0,Card,0,Y
L00803,19,Student,Ahmedabad,College Student,Basic,299,4,3,1,0.33,3.1,12,23,Y,19,Wallet,2,N
L00804,39,Ex-Banker,Bengaluru,Career Switcher,Pro,999,6,15,11,0.73,10.3,10,12,N,0,Wallet,1,Y
L00805,34,HR Executive,Mumbai,Working Professional,Standard,599,10,9,6,0.67,5.1,11,11,N,0,Wallet,0,Y
L00806,19,Student,Hyderabad,College Student,Basic,299,2,5,3,0.6,4.4,14,11,Y,24,Wallet,0,Y
L00807,25,Data Scientist,Ahmedabad,Power Learner,Premium,1499,2,2,2,1.0,14.6,21,2,N,0,Wallet,0,Y
L00808,22,Student,Jaipur,College Student,Basic,299,11,5,3,0.6,8.7,10,27,Y,25,UPI,3,Y
L00809,40,Student,Chennai,Casual Learner,Basic,299,3,2,1,0.5,3.9,5,69,Y,17,Netbanking,1,N
L00810,39,Ex-Operations,Mumbai,Career Switcher,Pro,999,1,15,9,0.6,5.9,15,14,N,0,Netbanking,2,Y
L00811,25,Unemployed (Upskilling),Pune,Career Switcher,Standard,599,6,1,1,1.0,7.9,15,10,N,0,Netbanking,0,Y
L00812,26,Software Engineer,Bengaluru,Working Professional,Standard,599,3,8,5,0.62,7.8,14,8,N,0,Card,3,Y
L00813,24,Marketing Executive,Bengaluru,Working Professional,Standard,599,12,3,2,0.67,4.5,12,13,N,0,Netbanking,0,N
L00814,25,Marketing Executive,Pune,Working Professional,Premium,1499,10,8,5,0.62,7.1,11,1,N,0,Wallet,2,Y
L00815,26,Part-time Worker,Mumbai,Casual Learner,Basic,299,3,1,0,0.0,2.9,3,20,N,0,Card,3,Y
L00816,35,Ex-Teacher,Hyderabad,Career Switcher,Standard,599,12,10,7,0.7,7.3,9,9,N,0,Wallet,1,Y
L00817,32,Software Engineer,Chennai,Working Professional,Standard,599,6,8,6,0.75,8.9,10,14,N,0,Card,1,Y
L00818,22,Student,Jaipur,College Student,Standard,599,6,13,6,0.46,2.6,12,23,Y,23,UPI,1,N
L00819,20,Student,Ahmedabad,College Student,Premium,1499,1,4,3,0.75,7.3,8,35,Y,21,Wallet,0,Y
L00820,18,Student,Delhi NCR,College Student,Pro,999,12,4,2,0.5,8.9,12,26,Y,22,Netbanking,2,Y
L00821,35,Unemployed (Upskilling),Ahmedabad,Career Switcher,Standard,599,7,8,6,0.75,8.5,15,9,Y,14,Wallet,1,Y
L00822,36,Consultant,Bengaluru,Certification Seeker,Standard,599,11,1,1,1.0,5.1,12,13,N,0,Card,0,Y
L00823,18,Student,Hyderabad,Casual Learner,Basic,299,11,10,1,0.1,2.2,1,67,N,0,Wallet,5,N
L00824,19,Student,Chennai,College Student,Standard,599,4,2,1,0.5,3.2,7,20,N,0,Card,3,Y
L00825,32,Freelancer,Delhi NCR,Casual Learner,Pro,999,9,15,6,0.4,2.7,5,62,Y,19,UPI,0,N
L00826,31,Part-time Worker,Jaipur,Casual Learner,Standard,599,2,13,2,0.15,3.2,3,88,N,0,UPI,4,N
L00827,27,Retired,Mumbai,Casual Learner,Basic,299,12,2,1,0.5,3.7,6,76,Y,27,UPI,1,N
L00828,29,Ex-Banker,Jaipur,Career Switcher,Standard,599,2,8,6,0.75,7.3,9,14,N,0,Netbanking,1,Y
L00829,31,Data Analyst,Pune,Working Professional,Pro,999,3,6,4,0.67,4.9,12,0,N,0,Netbanking,2,N
L00830,23,Student,Jaipur,College Student,Standard,599,11,14,8,0.57,4.1,6,9,Y,23,UPI,1,Y
L00831,18,Student,Chennai,College Student,Standard,599,12,15,8,0.53,8.1,12,25,Y,17,Card,2,Y
L00832,31,Marketing Executive,Jaipur,Working Professional,Standard,599,7,4,2,0.5,4.1,9,10,N,0,Netbanking,0,Y
L00833,31,HR Executive,Mumbai,Working Professional,Pro,999,9,7,5,0.71,9.4,11,11,N,0,Netbanking,0,Y
L00834,43,Software Engineer,Mumbai,Power Learner,Premium,1499,9,11,10,0.91,12.5,24,1,N,0,Card,1,Y
L00835,28,Consultant,Bengaluru,Power Learner,Premium,1499,12,1,1,1.0,18.3,21,1,N,0,Card,1,Y
L00836,26,Ex-Marketer,Bengaluru,Career Switcher,Standard,599,2,10,5,0.5,8.1,15,6,N,0,Wallet,2,Y
L00837,28,Ex-Operations,Hyderabad,Career Switcher,Pro,999,11,7,4,0.57,9.3,15,0,N,0,Wallet,1,Y
L00838,28,Data Analyst,Pune,Working Professional,Premium,1499,4,8,5,0.62,6.0,16,16,Y,13,Card,3,Y
L00839,38,Manager,Jaipur,Certification Seeker,Standard,599,2,8,7,0.88,6.8,10,3,N,0,Card,0,N
L00840,24,Student,Pune,Casual Learner,Basic,299,9,4,2,0.5,2.2,6,58,N,0,Card,2,Y
L00841,43,Freelancer,Delhi NCR,Casual Learner,Basic,299,3,13,4,0.31,1.6,5,80,Y,25,Card,3,N
L00842,31,Analyst,Delhi NCR,Certification Seeker,Standard,599,12,10,7,0.7,4.8,11,14,N,0,Wallet,0,Y
L00843,30,Data Analyst,Delhi NCR,Working Professional,Premium,1499,5,5,4,0.8,4.1,11,6,N,0,Netbanking,0,Y
L00844,28,Part-time Worker,Hyderabad,Casual Learner,Standard,599,10,3,0,0.0,2.3,3,33,Y,20,Wallet,1,N
L00845,35,Sales Executive,Hyderabad,Working Professional,Standard,599,10,6,3,0.5,7.5,8,3,N,0,Netbanking,3,N
L00846,19,Student,Chennai,College Student,Premium,1499,12,10,6,0.6,4.9,6,9,Y,12,Card,2,Y
L00847,26,Part-time Worker,Pune,Casual Learner,Standard,599,3,6,3,0.5,3.2,1,60,N,0,Wallet,1,N
L00848,31,Data Analyst,Chennai,Working Professional,Standard,599,12,7,4,0.57,5.6,8,4,N,0,Wallet,0,N
L00849,22,Student,Mumbai,College Student,Standard,599,1,10,5,0.5,8.7,9,34,Y,11,UPI,0,N
L00850,35,Freelancer,Bengaluru,Casual Learner,Basic,299,8,7,3,0.43,2.6,2,29,N,0,Wallet,3,N
L00851,24,Consultant,Bengaluru,Power Learner,Pro,999,10,7,7,1.0,13.4,28,3,N,0,UPI,1,Y
L00852,21,Student,Pune,College Student,Pro,999,10,11,6,0.55,6.7,9,34,Y,26,Netbanking,1,Y
L00853,20,Student,Bengaluru,College Student,Basic,299,10,2,1,0.5,8.6,4,8,Y,16,Card,1,Y
L00854,20,Student,Hyderabad,College Student,Standard,599,1,7,5,0.71,3.0,11,7,Y,27,Card,1,Y
L00855,27,Marketing Executive,Ahmedabad,Working Professional,Pro,999,2,12,10,0.83,4.6,10,16,N,0,Card,0,Y
L00856,33,Data Analyst,Chennai,Working Professional,Standard,599,4,9,6,0.67,9.9,16,11,Y,10,UPI,3,N
L00857,25,Data Analyst,Chennai,Working Professional,Premium,1499,2,2,2,1.0,6.6,12,7,N,0,Wallet,1,Y
L00858,43,Consultant,Mumbai,Power Learner,Pro,999,4,3,3,1.0,11.8,20,1,N,0,UPI,0,Y
L00859,23,Student,Chennai,College Student,Standard,599,3,12,9,0.75,4.9,6,33,N,0,Card,1,N
L00860,19,Student,Jaipur,College Student,Basic,299,7,13,6,0.46,6.4,8,39,Y,11,Wallet,0,N
L00861,21,Student,Ahmedabad,College Student,Standard,599,12,15,5,0.33,5.7,6,6,Y,18,UPI,1,N
L00862,30,HR Executive,Jaipur,Working Professional,Standard,599,10,15,10,0.67,8.9,8,9,N,0,Card,2,Y
L00863,33,Software Engineer,Jaipur,Working Professional,Pro,999,10,3,2,0.67,5.2,11,16,N,0,UPI,0,Y
L00864,33,Software Engineer,Hyderabad,Working Professional,Standard,599,3,8,6,0.75,8.4,12,10,N,0,Netbanking,0,Y
L00865,26,HR Executive,Mumbai,Working Professional,Pro,999,7,11,6,0.55,7.8,11,5,Y,13,Card,3,Y
L00866,40,Ex-Marketer,Hyderabad,Career Switcher,Pro,999,10,9,6,0.67,7.8,11,14,N,0,Netbanking,2,Y
L00867,30,Analyst,Jaipur,Certification Seeker,Pro,999,8,2,2,1.0,6.3,11,24,N,0,Wallet,0,N
L00868,19,Student,Bengaluru,College Student,Basic,299,12,9,5,0.56,4.1,9,19,N,0,UPI,1,Y
L00869,36,Data Scientist,Delhi NCR,Power Learner,Premium,1499,4,13,11,0.85,17.8,23,2,Y,14,UPI,1,Y
L00870,34,Freelancer,Chennai,Casual Learner,Basic,299,11,13,5,0.38,1.1,6,48,N,0,Wallet,2,N
L00871,32,Consultant,Ahmedabad,Power Learner,Premium,1499,7,5,4,0.8,18.9,27,2,Y,8,Netbanking,0,N
L00872,27,Ex-Teacher,Ahmedabad,Career Switcher,Standard,599,8,11,8,0.73,10.8,11,12,N,0,Card,0,N
L00873,20,Student,Ahmedabad,College Student,Basic,299,12,3,1,0.33,6.1,14,9,N,0,Netbanking,1,Y
L00874,28,Unemployed (Upskilling),Jaipur,Career Switcher,Standard,599,8,15,8,0.53,7.1,9,14,N,0,Netbanking,2,N
L00875,20,Student,Jaipur,College Student,Basic,299,3,2,1,0.5,8.1,11,18,Y,25,Netbanking,1,N
L00876,38,Ex-Operations,Mumbai,Career Switcher,Pro,999,5,6,4,0.67,10.9,12,8,N,0,Netbanking,2,Y
L00877,21,Student,Jaipur,College Student,Basic,299,7,14,8,0.57,6.7,5,31,N,0,Wallet,0,Y
L00878,28,Unemployed (Upskilling),Bengaluru,Career Switcher,Standard,599,4,12,9,0.75,7.5,18,13,N,0,Netbanking,1,N
L00879,26,Ex-Operations,Ahmedabad,Career Switcher,Pro,999,1,6,4,0.67,6.5,10,0,Y,14,UPI,3,N
L00880,23,Student,Chennai,College Student,Premium,1499,4,11,6,0.55,3.9,4,20,Y,26,Card,2,N
L00881,42,Freelancer,Jaipur,Casual Learner,Standard,599,6,5,1,0.2,1.7,5,49,Y,24,Wallet,3,N
L00882,37,Ex-Banker,Pune,Career Switcher,Premium,1499,8,3,2,0.67,7.5,15,11,N,0,UPI,1,Y
L00883,39,Analyst,Delhi NCR,Certification Seeker,Standard,599,12,15,12,0.8,3.4,7,2,N,0,Wallet,1,Y
L00884,29,Sales Executive,Delhi NCR,Working Professional,Premium,1499,2,2,1,0.5,9.1,12,19,N,0,Card,3,N
L00885,19,Student,Mumbai,College Student,Standard,599,12,13,7,0.54,8.9,7,14,Y,10,Card,0,N
L00886,31,Sales Executive,Hyderabad,Working Professional,Standard,599,9,6,5,0.83,7.5,14,8,N,0,Netbanking,1,Y
L00887,29,Analyst,Chennai,Certification Seeker,Basic,299,12,3,2,0.67,3.7,9,25,Y,14,Wallet,2,Y
L00888,29,Analyst,Hyderabad,Certification Seeker,Standard,599,10,10,7,0.7,7.2,13,19,N,0,Card,0,Y
L00889,26,Ex-Marketer,Jaipur,Career Switcher,Premium,1499,3,5,4,0.8,5.4,13,2,N,0,UPI,1,Y
L00890,22,Retired,Hyderabad,Casual Learner,Standard,599,5,10,2,0.2,2.4,6,58,N,0,Wallet,2,N
L00891,38,Consultant,Mumbai,Power Learner,Premium,1499,1,2,2,1.0,17.1,25,0,N,0,Wallet,0,Y
L00892,22,Student,Delhi NCR,College Student,Basic,299,8,7,3,0.43,7.1,9,5,N,0,Wallet,3,Y
L00893,29,Marketing Executive,Bengaluru,Working Professional,Standard,599,3,5,3,0.6,8.2,12,15,N,0,Card,2,N
L00894,35,Ex-Operations,Bengaluru,Career Switcher,Pro,999,1,2,1,0.5,11.2,8,1,Y,15,UPI,0,Y
L00895,33,HR Executive,Chennai,Working Professional,Premium,1499,3,6,4,0.67,5.1,15,5,Y,12,Card,2,Y
L00896,27,Consultant,Jaipur,Certification Seeker,Basic,299,1,15,13,0.87,7.7,7,25,N,0,Netbanking,0,Y
L00897,18,Student,Hyderabad,College Student,Standard,599,10,13,9,0.69,8.4,11,35,Y,12,UPI,2,Y
L00898,21,Student,Ahmedabad,College Student,Basic,299,1,9,4,0.44,8.4,11,37,Y,23,Wallet,1,Y
L00899,19,Student,Ahmedabad,College Student,Basic,299,7,9,4,0.44,2.6,4,31,Y,18,Wallet,2,N
L00900,34,Homemaker,Hyderabad,Casual Learner,Pro,999,5,6,1,0.17,3.6,6,89,N,0,UPI,1,N
L00901,29,HR Executive,Mumbai,Working Professional,Pro,999,11,9,7,0.78,9.2,16,16,N,0,UPI,0,Y
L00902,27,Consultant,Bengaluru,Power Learner,Premium,1499,8,7,5,0.71,12.1,30,0,N,0,UPI,1,Y
L00903,20,Student,Ahmedabad,College Student,Standard,599,6,10,4,0.4,8.4,10,2,Y,23,Wallet,2,Y
L00904,30,Manager,Mumbai,Certification Seeker,Standard,599,7,10,7,0.7,4.9,9,24,Y,12,UPI,1,Y
L00905,20,Homemaker,Bengaluru,Casual Learner,Basic,299,8,12,2,0.17,0.7,5,61,Y,24,Wallet,3,N
L00906,33,Data Analyst,Bengaluru,Working Professional,Pro,999,7,8,6,0.75,8.9,11,2,N,0,UPI,1,Y
L00907,18,Student,Delhi NCR,College Student,Basic,299,12,8,5,0.62,7.6,7,27,N,0,Wallet,0,Y
L00908,27,Marketing Executive,Chennai,Working Professional,Basic,299,1,6,5,0.83,9.7,13,8,N,0,UPI,1,Y
L00909,36,Software Engineer,Hyderabad,Power Learner,Pro,999,4,2,2,1.0,13.4,27,0,N,0,Netbanking,0,Y
L00910,21,Software Engineer,Bengaluru,Power Learner,Premium,1499,9,3,3,1.0,10.2,22,2,N,0,Card,0,Y
L00911,37,Unemployed (Upskilling),Bengaluru,Career Switcher,Premium,1499,11,14,7,0.5,5.2,16,2,N,0,Wallet,2,Y
L00912,35,Marketing Executive,Jaipur,Working Professional,Pro,999,6,3,2,0.67,9.9,15,15,N,0,Netbanking,1,Y
L00913,30,Ex-Operations,Pune,Career Switcher,Premium,1499,6,8,4,0.5,10.2,14,9,N,0,Card,3,Y
L00914,31,Ex-Operations,Ahmedabad,Career Switcher,Premium,1499,8,6,4,0.67,10.1,15,12,N,0,Wallet,1,Y
L00915,19,Student,Hyderabad,College Student,Pro,999,12,9,6,0.67,6.6,13,23,N,0,Wallet,2,Y
L00916,19,Student,Bengaluru,College Student,Standard,599,8,4,1,0.25,4.1,13,26,Y,28,Wallet,5,Y
L00917,20,Data Scientist,Ahmedabad,Power Learner,Premium,1499,3,10,9,0.9,12.7,30,1,N,0,Card,0,Y
L00918,35,Marketing Executive,Jaipur,Working Professional,Standard,599,10,2,2,1.0,7.2,8,3,Y,14,UPI,1,Y
L00919,29,Marketing Executive,Delhi NCR,Working Professional,Premium,1499,5,10,8,0.8,9.0,13,19,N,0,Wallet,1,Y
L00920,20,Student,Delhi NCR,College Student,Pro,999,3,7,5,0.71,3.1,5,34,Y,21,Wallet,1,N
L00921,25,Consultant,Jaipur,Certification Seeker,Basic,299,1,3,2,0.67,3.7,12,15,N,0,Netbanking,3,Y
L00922,18,Student,Chennai,College Student,Pro,999,2,5,2,0.4,8.2,5,11,N,0,Card,0,N
L00923,39,Freelancer,Chennai,Casual Learner,Basic,299,2,10,3,0.3,1.7,4,22,Y,13,Netbanking,2,N
L00924,20,Entrepreneur,Chennai,Power Learner,Premium,1499,1,7,6,0.86,16.5,24,2,N,0,Netbanking,1,Y
L00925,24,Marketing Executive,Mumbai,Working Professional,Pro,999,1,1,1,1.0,5.8,11,15,N,0,Netbanking,1,Y
L00926,45,Retired,Ahmedabad,Casual Learner,Standard,599,3,8,2,0.25,3.8,6,53,Y,12,Wallet,1,N
L00927,38,Software Engineer,Mumbai,Certification Seeker,Pro,999,2,10,6,0.6,4.2,8,11,N,0,UPI,0,Y
L00928,20,Student,Delhi NCR,College Student,Standard,599,8,1,1,1.0,6.4,9,6,N,0,Card,0,Y
L00929,20,Homemaker,Ahmedabad,Casual Learner,Standard,599,4,11,3,0.27,1.2,6,30,Y,20,Card,4,N
L00930,20,Student,Jaipur,College Student,Basic,299,1,9,4,0.44,2.6,7,16,N,0,Card,0,N
L00931,19,Student,Hyderabad,College Student,Basic,299,11,11,6,0.55,7.9,8,38,Y,19,Netbanking,1,Y
L00932,33,Ex-Marketer,Delhi NCR,Career Switcher,Basic,299,2,13,7,0.54,8.5,8,13,N,0,Wallet,0,N
L00933,35,Unemployed (Upskilling),Chennai,Career Switcher,Pro,999,10,6,4,0.67,9.7,9,8,N,0,Wallet,2,Y
L00934,28,Part-time Worker,Hyderabad,Casual Learner,Basic,299,3,8,2,0.25,0.6,3,72,Y,26,Wallet,4,N
L00935,26,Marketing Executive,Ahmedabad,Working Professional,Standard,599,1,11,9,0.82,9.2,13,12,Y,9,Wallet,0,Y
L00936,26,Software Engineer,Mumbai,Power Learner,Pro,999,3,3,3,1.0,12.7,23,0,N,0,Netbanking,0,Y
L00937,40,Ex-Operations,Ahmedabad,Career Switcher,Premium,1499,3,2,1,0.5,8.4,18,1,Y,8,Wallet,2,Y
L00938,31,Marketing Executive,Ahmedabad,Working Professional,Pro,999,5,10,6,0.6,7.8,13,20,N,0,UPI,1,Y
L00939,29,Marketing Executive,Chennai,Working Professional,Pro,999,8,4,3,0.75,4.4,15,11,N,0,Card,1,Y
L00940,37,Analyst,Chennai,Certification Seeker,Pro,999,6,10,8,0.8,6.5,8,10,N,0,Card,0,N
L00941,22,Student,Mumbai,College Student,Basic,299,2,9,4,0.44,4.7,6,39,Y,22,Netbanking,0,N
L00942,43,Student,Delhi NCR,Casual Learner,Basic,299,1,14,3,0.21,2.2,2,20,N,0,Card,3,N
L00943,29,HR Executive,Hyderabad,Working Professional,Pro,999,11,12,9,0.75,5.1,9,9,N,0,Netbanking,0,Y
L00944,24,Data Analyst,Pune,Working Professional,Standard,599,5,13,9,0.69,4.2,14,2,N,0,Card,3,Y
L00945,39,Ex-Marketer,Bengaluru,Career Switcher,Premium,1499,8,10,6,0.6,6.9,17,14,Y,15,UPI,0,N
L00946,36,Ex-Banker,Chennai,Career Switcher,Pro,999,7,7,5,0.71,8.9,18,13,Y,11,UPI,1,Y
L00947,19,Part-time Worker,Mumbai,Casual Learner,Standard,599,12,2,0,0.0,1.0,1,28,Y,29,Card,1,N
L00948,30,Software Engineer,Ahmedabad,Power Learner,Pro,999,2,11,10,0.91,14.9,28,0,N,0,Card,0,N
L00949,25,Data Analyst,Hyderabad,Working Professional,Standard,599,11,12,9,0.75,8.1,8,1,N,0,UPI,0,Y
L00950,19,Student,Chennai,College Student,Basic,299,11,8,5,0.62,6.7,4,32,Y,24,Wallet,0,Y
L00951,31,Ex-Banker,Jaipur,Career Switcher,Basic,299,12,3,2,0.67,5.6,13,5,N,0,Netbanking,2,Y
L00952,26,Marketing Executive,Pune,Working Professional,Standard,599,6,8,6,0.75,9.4,14,3,Y,11,Wallet,0,Y
L00953,18,Student,Hyderabad,College Student,Standard,599,12,14,10,0.71,7.2,14,13,Y,19,Card,1,Y
L00954,18,Student,Delhi NCR,College Student,Pro,999,4,7,4,0.57,5.5,10,20,N,0,Card,3,Y
L00955,32,Ex-Teacher,Bengaluru,Career Switcher,Premium,1499,1,5,4,0.8,9.3,8,8,N,0,Card,0,Y
L00956,19,Student,Chennai,College Student,Basic,299,7,5,4,0.8,6.6,8,2,Y,19,Card,0,N
L00957,39,Homemaker,Jaipur,Casual Learner,Basic,299,2,10,4,0.4,0.8,2,78,N,0,Netbanking,2,Y
L00958,27,Ex-Banker,Hyderabad,Career Switcher,Basic,299,11,8,5,0.62,7.6,8,15,N,0,UPI,0,Y
L00959,28,Consultant,Jaipur,Power Learner,Pro,999,5,8,6,0.75,10.2,24,1,N,0,UPI,1,Y
L00960,43,Freelancer,Mumbai,Casual Learner,Basic,299,2,6,2,0.33,2.6,4,80,N,0,Netbanking,5,N
L00961,34,Data Analyst,Ahmedabad,Working Professional,Standard,599,7,11,7,0.64,6.2,13,9,N,0,Wallet,3,Y
L00962,33,Data Analyst,Delhi NCR,Working Professional,Standard,599,6,3,2,0.67,7.9,15,17,N,0,Netbanking,1,Y
L00963,30,Unemployed (Upskilling),Delhi NCR,Career Switcher,Premium,1499,4,15,11,0.73,10.8,14,2,Y,10,UPI,0,Y
L00964,22,Student,Hyderabad,College Student,Standard,599,6,7,4,0.57,5.4,9,23,Y,26,Card,2,N
L00965,21,Freelancer,Jaipur,Casual Learner,Basic,299,12,9,4,0.44,3.6,2,20,N,0,Wallet,1,N
L00966,27,Freelancer,Ahmedabad,Casual Learner,Basic,299,4,1,0,0.0,2.4,1,44,Y,14,UPI,1,Y
L00967,33,Consultant,Ahmedabad,Power Learner,Basic,299,10,7,6,0.86,13.0,26,2,N,0,Wallet,0,Y
L00968,35,Consultant,Chennai,Power Learner,Standard,599,12,10,8,0.8,14.7,26,0,N,0,Netbanking,1,N
L00969,31,Software Engineer,Jaipur,Working Professional,Standard,599,2,6,4,0.67,4.5,9,14,N,0,Wallet,0,Y
L00970,39,Ex-Banker,Ahmedabad,Career Switcher,Basic,299,11,8,6,0.75,5.9,18,0,Y,7,Netbanking,1,Y
L00971,26,Ex-Marketer,Bengaluru,Career Switcher,Pro,999,8,1,1,1.0,6.2,15,9,N,0,Netbanking,1,Y
L00972,18,Student,Jaipur,College Student,Standard,599,1,1,1,1.0,4.7,14,11,Y,14,Wallet,0,Y
L00973,21,Homemaker,Delhi NCR,Casual Learner,Basic,299,12,6,2,0.33,3.9,5,23,N,0,Wallet,1,N
L00974,33,Software Engineer,Ahmedabad,Certification Seeker,Standard,599,5,5,3,0.6,5.2,12,2,N,0,Netbanking,3,Y
L00975,26,Software Engineer,Mumbai,Certification Seeker,Standard,599,10,9,7,0.78,3.9,9,14,N,0,Netbanking,1,Y
L00976,23,Part-time Worker,Ahmedabad,Casual Learner,Basic,299,1,12,2,0.17,1.3,2,58,Y,17,UPI,1,N
L00977,22,Student,Pune,College Student,Pro,999,3,4,3,0.75,4.2,7,30,N,0,Wallet,1,Y
L00978,22,Student,Delhi NCR,College Student,Standard,599,9,2,1,0.5,3.0,5,30,N,0,Card,3,N
L00979,27,Data Analyst,Ahmedabad,Working Professional,Basic,299,7,11,6,0.55,4.3,13,12,N,0,Netbanking,3,Y
L00980,29,Consultant,Jaipur,Certification Seeker,Pro,999,9,5,4,0.8,7.4,8,7,N,0,UPI,1,Y
L00981,32,Software Engineer,Delhi NCR,Working Professional,Pro,999,1,13,9,0.69,6.2,14,8,N,0,Netbanking,2,N
L00982,34,Ex-Operations,Jaipur,Career Switcher,Pro,999,12,2,1,0.5,9.1,16,4,N,0,Netbanking,0,Y
L00983,20,Student,Hyderabad,College Student,Basic,299,6,5,2,0.4,8.4,13,12,Y,17,Wallet,2,Y
L00984,34,Marketing Executive,Delhi NCR,Working Professional,Pro,999,12,4,3,0.75,5.8,13,17,N,0,Card,0,Y
L00985,29,Consultant,Chennai,Certification Seeker,Standard,599,11,12,9,0.75,7.0,11,7,N,0,Wallet,1,Y
L00986,33,Ex-Teacher,Ahmedabad,Career Switcher,Pro,999,7,8,6,0.75,5.0,11,8,N,0,Netbanking,1,Y
L00987,21,Student,Bengaluru,College Student,Standard,599,7,13,5,0.38,4.2,6,11,N,0,UPI,1,N
L00988,22,Student,Delhi NCR,College Student,Standard,599,12,10,7,0.7,6.8,7,2,Y,12,Netbanking,1,Y
L00989,22,Student,Chennai,College Student,Standard,599,3,3,2,0.67,2.2,13,20,N,0,Wallet,1,Y
L00990,19,Student,Pune,College Student,Standard,599,2,10,4,0.4,2.7,10,14,Y,13,Card,2,Y
L00991,20,Student,Ahmedabad,College Student,Basic,299,4,8,5,0.62,2.7,5,26,Y,28,Wallet,0,Y
L00992,23,Student,Ahmedabad,College Student,Standard,599,9,7,4,0.57,4.4,4,31,N,0,Card,2,Y
L00993,23,Student,Delhi NCR,College Student,Standard,599,4,12,6,0.5,3.5,9,25,Y,15,Wallet,0,N
L00994,27,Ex-Operations,Mumbai,Career Switcher,Pro,999,6,8,5,0.62,7.5,8,15,N,0,UPI,3,Y
L00995,20,Student,Jaipur,College Student,Basic,299,4,13,8,0.62,8.0,14,33,Y,11,Wallet,2,Y
L00996,23,Student,Bengaluru,College Student,Standard,599,9,8,6,0.75,2.4,5,33,Y,13,Wallet,1,N
L00997,21,Student,Delhi NCR,College Student,Standard,599,4,13,8,0.62,8.1,13,3,N,0,Card,2,Y
L00998,25,Data Scientist,Mumbai,Power Learner,Premium,1499,4,5,5,1.0,16.0,21,0,N,0,Card,0,Y
L00999,36,Ex-Banker,Delhi NCR,Career Switcher,Pro,999,3,13,10,0.77,6.7,8,10,N,0,UPI,0,Y
L01000,21,Student,Delhi NCR,College Student,Basic,299,10,8,4,0.5,7.8,13,17,Y,12,Card,1,Y
L01001,20,Retired,Delhi NCR,Casual Learner,Basic,299,8,12,4,0.33,2.4,4,70,Y,21,Netbanking,5,N
L01002,34,Analyst,Ahmedabad,Certification Seeker,Standard,599,8,6,4,0.67,3.6,6,6,N,0,UPI,3,Y
L01003,24,Data Analyst,Jaipur,Working Professional,Standard,599,1,13,11,0.85,5.3,10,14,N,0,Card,1,Y
L01004,19,Student,Pune,College Student,Standard,599,8,7,4,0.57,7.0,9,13,N,0,Card,1,N
L01005,31,Analyst,Mumbai,Certification Seeker,Standard,599,7,6,5,0.83,7.4,12,2,N,0,Wallet,0,N
L01006,37,Software Engineer,Chennai,Certification Seeker,Standard,599,5,3,3,1.0,7.6,8,0,N,0,Netbanking,0,Y
L01007,22,Student,Mumbai,College Student,Basic,299,6,5,3,0.6,7.6,11,22,Y,26,UPI,3,N
L01008,32,Software Engineer,Bengaluru,Working Professional,Premium,1499,3,8,6,0.75,9.6,14,10,N,0,Netbanking,0,Y
L01009,24,Manager,Pune,Certification Seeker,Standard,599,1,10,7,0.7,3.2,6,4,Y,13,Card,1,Y
L01010,19,Student,Bengaluru,College Student,Basic,299,1,15,7,0.47,3.9,11,4,N,0,Wallet,0,Y
L01011,29,HR Executive,Chennai,Working Professional,Premium,1499,5,6,4,0.67,7.5,16,10,N,0,Netbanking,1,Y
L01012,21,Student,Chennai,College Student,Pro,999,5,5,4,0.8,5.5,10,3,N,0,Netbanking,0,N
L01013,32,Ex-Banker,Jaipur,Career Switcher,Premium,1499,2,7,4,0.57,9.9,16,11,N,0,Netbanking,2,Y
L01014,21,Student,Chennai,College Student,Pro,999,1,1,1,1.0,5.0,10,9,Y,17,Netbanking,0,Y
L01015,32,Data Scientist,Ahmedabad,Power Learner,Premium,1499,4,10,8,0.8,12.9,29,1,N,0,Wallet,0,Y
L01016,23,Student,Delhi NCR,College Student,Standard,599,8,1,1,1.0,8.3,14,9,Y,11,Netbanking,1,Y
L01017,33,Software Engineer,Mumbai,Certification Seeker,Standard,599,5,1,1,1.0,4.7,6,18,N,0,Card,0,N
L01018,37,Software Engineer,Pune,Certification Seeker,Pro,999,10,2,1,0.5,7.2,7,19,N,0,Netbanking,1,Y
L01019,21,Retired,Hyderabad,Casual Learner,Standard,599,1,13,4,0.31,1.9,3,40,Y,29,Netbanking,3,N
L01020,31,Freelancer,Pune,Casual Learner,Standard,599,4,1,0,0.0,1.3,2,39,N,0,UPI,2,Y
L01021,26,Software Engineer,Pune,Working Professional,Pro,999,12,2,1,0.5,5.9,11,15,N,0,Netbanking,1,N
L01022,36,Ex-Banker,Ahmedabad,Career Switcher,Standard,599,2,8,4,0.5,5.3,12,12,N,0,Wallet,2,Y
L01023,41,Retired,Chennai,Casual Learner,Pro,999,10,3,1,0.33,3.5,2,20,N,0,Wallet,1,Y
L01024,24,Software Engineer,Delhi NCR,Power Learner,Pro,999,10,7,6,0.86,15.0,24,1,Y,5,Netbanking,1,Y
L01025,24,Software Engineer,Jaipur,Working Professional,Pro,999,9,14,11,0.79,5.2,10,10,N,0,Netbanking,1,N
L01026,39,Data Scientist,Ahmedabad,Power Learner,Premium,1499,12,13,11,0.85,18.0,27,2,N,0,Netbanking,1,Y
L01027,27,Ex-Operations,Ahmedabad,Career Switcher,Premium,1499,10,5,3,0.6,9.0,13,7,N,0,UPI,1,Y
L01028,37,Ex-Marketer,Mumbai,Career Switcher,Pro,999,1,7,4,0.57,6.6,15,7,Y,6,Netbanking,3,Y
L01029,31,Software Engineer,Jaipur,Certification Seeker,Premium,1499,4,14,12,0.86,5.7,14,9,N,0,Wallet,1,Y
L01030,25,Ex-Operations,Bengaluru,Career Switcher,Standard,599,4,12,6,0.5,11.6,8,3,N,0,Card,2,N
L01031,30,Marketing Executive,Delhi NCR,Working Professional,Standard,599,5,2,1,0.5,5.9,16,17,N,0,UPI,0,N
L01032,20,Student,Bengaluru,College Student,Standard,599,6,8,4,0.5,2.9,12,29,N,0,Netbanking,0,Y
L01033,19,Student,Hyderabad,College Student,Standard,599,5,3,2,0.67,7.1,13,5,Y,13,Card,3,N
L01034,29,Homemaker,Chennai,Casual Learner,Standard,599,7,4,1,0.25,0.9,5,71,N,0,Wallet,5,N
L01035,23,Student,Jaipur,College Student,Standard,599,8,1,0,0.0,4.7,14,23,Y,14,Netbanking,1,N
L01036,32,Manager,Mumbai,Certification Seeker,Premium,1499,8,13,10,0.77,3.4,7,19,Y,6,Wallet,1,Y
L01037,43,Student,Hyderabad,Casual Learner,Basic,299,7,11,5,0.45,1.5,1,27,N,0,Card,2,N
L01038,28,Consultant,Ahmedabad,Power Learner,Premium,1499,9,7,6,0.86,13.6,27,2,Y,15,Netbanking,0,Y
L01039,38,Software Engineer,Chennai,Certification Seeker,Standard,599,5,4,3,0.75,6.8,11,3,N,0,UPI,0,Y
L01040,32,HR Executive,Bengaluru,Working Professional,Pro,999,9,11,9,0.82,9.6,16,9,N,0,Wallet,0,Y
L01041,24,Analyst,Pune,Certification Seeker,Pro,999,3,1,1,1.0,3.3,6,3,N,0,Netbanking,1,Y
L01042,22,Student,Bengaluru,College Student,Basic,299,3,1,1,1.0,6.5,13,6,Y,25,Card,0,Y
L01043,38,Consultant,Ahmedabad,Certification Seeker,Basic,299,9,1,1,1.0,7.4,9,15,N,0,Wallet,0,Y
L01044,26,Sales Executive,Ahmedabad,Working Professional,Premium,1499,5,10,6,0.6,5.6,9,13,N,0,UPI,3,Y
L01045,40,Freelancer,Delhi NCR,Casual Learner,Standard,599,10,1,0,0.0,0.9,6,51,Y,15,UPI,1,N
L01046,19,Student,Bengaluru,College Student,Standard,599,11,6,3,0.5,3.5,5,0,Y,13,UPI,2,Y
L01047,34,HR Executive,Pune,Working Professional,Standard,599,4,4,3,0.75,9.1,10,6,N,0,Card,1,Y
L01048,18,Student,Mumbai,College Student,Basic,299,3,4,2,0.5,2.4,4,29,Y,28,Card,2,Y
L01049,24,Sales Executive,Bengaluru,Working Professional,Pro,999,6,14,9,0.64,5.8,11,14,N,0,Wallet,3,Y
L01050,31,Marketing Executive,Mumbai,Working Professional,Pro,999,11,15,11,0.73,6.9,11,17,Y,8,Netbanking,1,Y
L01051,23,Student,Ahmedabad,College Student,Basic,299,10,5,4,0.8,8.7,5,15,N,0,Card,1,N
L01052,18,Student,Ahmedabad,College Student,Standard,599,1,12,8,0.67,5.4,6,6,N,0,Netbanking,2,Y
L01053,36,Ex-Teacher,Ahmedabad,Career Switcher,Pro,999,4,6,5,0.83,11.2,13,1,N,0,Card,1,Y
L01054,32,Software Engineer,Bengaluru,Working Professional,Standard,599,3,9,6,0.67,5.4,8,6,N,0,UPI,0,Y
L01055,34,Data Scientist,Hyderabad,Power Learner,Premium,1499,4,10,8,0.8,13.7,20,2,N,0,Netbanking,1,N
L01056,19,Student,Bengaluru,College Student,Standard,599,10,12,4,0.33,5.8,14,15,Y,13,UPI,4,N
L01057,21,Student,Bengaluru,College Student,Basic,299,10,12,4,0.33,3.6,13,17,Y,17,Wallet,5,N
L01058,18,Student,Pune,College Student,Basic,299,3,4,2,0.5,3.6,4,11,Y,16,UPI,3,Y
L01059,18,Student,Chennai,College Student,Standard,599,5,14,9,0.64,7.8,10,9,N,0,Wallet,3,Y
L01060,32,Marketing Executive,Ahmedabad,Working Professional,Standard,599,3,4,2,0.5,5.3,10,13,N,0,Card,2,N
L01061,39,Part-time Worker,Chennai,Casual Learner,Standard,599,3,4,1,0.25,3.4,5,88,N,0,Wallet,2,N
L01062,26,Student,Pune,Casual Learner,Basic,299,12,7,2,0.29,3.3,1,45,N,0,Wallet,1,N
L01063,23,Student,Mumbai,College Student,Basic,299,12,15,8,0.53,5.7,5,35,N,0,Card,0,Y
L01064,32,Ex-Banker,Hyderabad,Career Switcher,Premium,1499,9,9,5,0.56,11.0,16,2,Y,10,UPI,2,Y
L01065,30,Ex-Teacher,Ahmedabad,Career Switcher,Pro,999,4,10,7,0.7,6.0,11,2,N,0,Wallet,0,Y
L01066,26,Data Analyst,Chennai,Working Professional,Basic,299,1,3,2,0.67,8.7,8,0,N,0,UPI,0,N
L01067,25,Sales Executive,Chennai,Working Professional,Basic,299,11,6,5,0.83,8.5,8,4,N,0,UPI,1,Y
L01068,18,Student,Jaipur,College Student,Basic,299,9,13,5,0.38,8.4,5,9,Y,22,UPI,3,Y
L01069,21,Student,Mumbai,College Student,Basic,299,1,11,6,0.55,2.0,8,15,Y,17,Netbanking,1,Y
L01070,32,Ex-Operations,Delhi NCR,Career Switcher,Pro,999,9,6,4,0.67,6.6,13,11,N,0,Card,3,Y
L01071,26,Ex-Operations,Mumbai,Career Switcher,Pro,999,4,13,9,0.69,7.9,17,14,N,0,Card,1,Y
L01072,18,Student,Ahmedabad,College Student,Basic,299,9,5,3,0.6,2.9,12,33,N,0,Netbanking,1,Y
L01073,27,HR Executive,Hyderabad,Working Professional,Standard,599,4,3,2,0.67,7.2,9,12,N,0,Card,3,Y
L01074,26,HR Executive,Pune,Working Professional,Standard,599,3,12,8,0.67,4.1,14,4,N,0,Wallet,1,Y
L01075,28,Software Engineer,Jaipur,Power Learner,Premium,1499,7,13,10,0.77,12.9,30,3,N,0,Netbanking,0,Y
L01076,41,Student,Chennai,Casual Learner,Basic,299,3,8,3,0.38,1.5,6,22,Y,18,Netbanking,3,N
L01077,36,Software Engineer,Hyderabad,Power Learner,Premium,1499,6,5,5,1.0,12.4,28,1,N,0,Card,1,Y
L01078,39,Student,Mumbai,Casual Learner,Basic,299,11,4,1,0.25,0.7,3,50,Y,25,Netbanking,2,N
L01079,20,Student,Ahmedabad,College Student,Standard,599,3,8,5,0.62,7.6,5,6,Y,24,UPI,0,Y
L01080,22,Student,Hyderabad,College Student,Standard,599,3,7,3,0.43,4.8,9,14,N,0,UPI,0,N
L01081,40,Ex-Marketer,Ahmedabad,Career Switcher,Basic,299,9,3,2,0.67,11.0,16,0,N,0,UPI,0,Y
L01082,30,Software Engineer,Delhi NCR,Working Professional,Pro,999,9,11,7,0.64,9.5,11,12,N,0,Netbanking,2,N
L01083,38,Ex-Teacher,Hyderabad,Career Switcher,Pro,999,10,10,5,0.5,10.5,10,1,Y,6,Netbanking,0,Y
L01084,21,Student,Chennai,College Student,Standard,599,10,12,5,0.42,3.0,10,12,Y,14,Card,0,Y
L01085,20,Student,Bengaluru,College Student,Basic,299,1,7,4,0.57,6.9,8,8,N,0,UPI,2,N
L01086,28,Freelancer,Jaipur,Casual Learner,Pro,999,7,2,1,0.5,2.0,6,25,Y,13,UPI,0,N
L01087,23,Consultant,Chennai,Certification Seeker,Standard,599,10,8,5,0.62,3.4,6,12,Y,14,Card,0,N
L01088,26,Student,Chennai,Casual Learner,Basic,299,7,8,2,0.25,2.3,2,75,N,0,Wallet,4,N
L01089,29,Unemployed (Upskilling),Hyderabad,Career Switcher,Premium,1499,5,15,9,0.6,7.0,8,3,N,0,Wallet,1,Y
L01090,23,Student,Ahmedabad,College Student,Basic,299,4,11,4,0.36,6.5,13,7,Y,24,UPI,5,N
L01091,33,HR Executive,Bengaluru,Working Professional,Pro,999,5,10,8,0.8,7.4,8,14,N,0,Wallet,1,N
L01092,37,Ex-Marketer,Jaipur,Career Switcher,Basic,299,9,11,7,0.64,7.1,16,11,N,0,Card,1,Y
L01093,18,Student,Hyderabad,College Student,Pro,999,4,13,9,0.69,2.8,7,18,N,0,Wallet,0,Y
L01094,35,Retired,Delhi NCR,Casual Learner,Basic,299,2,3,1,0.33,2.1,4,23,N,0,Netbanking,5,N
L01095,34,Part-time Worker,Hyderabad,Casual Learner,Basic,299,11,9,4,0.44,2.6,3,51,Y,28,UPI,2,N
L01096,35,Software Engineer,Delhi NCR,Certification Seeker,Premium,1499,10,14,11,0.79,6.1,11,0,N,0,Wallet,1,Y
L01097,23,Student,Bengaluru,College Student,Standard,599,7,15,9,0.6,6.0,9,26,N,0,UPI,3,N
L01098,23,Student,Hyderabad,College Student,Standard,599,6,13,9,0.69,6.0,5,16,Y,21,Card,2,N
L01099,18,Student,Delhi NCR,College Student,Standard,599,4,7,4,0.57,2.0,14,32,N,0,Wallet,0,N
L01100,21,Student,Bengaluru,College Student,Basic,299,4,2,1,0.5,7.7,9,1,Y,11,Netbanking,0,Y
L01101,35,Ex-Teacher,Jaipur,Career Switcher,Pro,999,3,8,6,0.75,11.0,16,6,N,0,Card,0,N
L01102,20,Student,Mumbai,College Student,Pro,999,8,12,5,0.42,5.1,8,25,N,0,Card,3,N
L01103,26,HR Executive,Delhi NCR,Working Professional,Standard,599,9,15,12,0.8,8.8,15,20,N,0,UPI,0,Y
L01104,24,Analyst,Mumbai,Certification Seeker,Standard,599,9,4,4,1.0,6.4,10,2,N,0,Card,0,Y
L01105,30,Consultant,Delhi NCR,Power Learner,Pro,999,7,4,3,0.75,11.1,28,0,N,0,Card,0,Y
L01106,21,Student,Hyderabad,College Student,Standard,599,4,8,3,0.38,7.8,14,20,Y,30,Wallet,1,Y
L01107,34,HR Executive,Pune,Working Professional,Standard,599,10,3,2,0.67,4.3,10,18,N,0,Netbanking,0,N
L01108,20,Student,Mumbai,College Student,Basic,299,4,2,1,0.5,6.8,5,25,N,0,Wallet,3,N
L01109,19,Student,Mumbai,College Student,Standard,599,11,3,2,0.67,2.6,11,37,Y,14,Wallet,1,Y
L01110,31,HR Executive,Jaipur,Working Professional,Standard,599,7,2,1,0.5,9.2,11,17,N,0,Card,2,Y
L01111,33,Sales Executive,Mumbai,Working Professional,Pro,999,12,2,2,1.0,7.5,14,12,N,0,UPI,1,Y
L01112,30,HR Executive,Delhi NCR,Working Professional,Premium,1499,1,2,1,0.5,6.2,8,12,N,0,Card,1,Y
L01113,34,Marketing Executive,Bengaluru,Working Professional,Premium,1499,11,9,7,0.78,9.2,13,0,N,0,UPI,1,Y
L01114,18,Student,Bengaluru,College Student,Premium,1499,3,1,1,1.0,4.3,10,29,N,0,Netbanking,0,Y
L01115,34,Unemployed (Upskilling),Mumbai,Career Switcher,Premium,1499,3,10,7,0.7,11.2,8,10,N,0,Card,1,N
L01116,33,Unemployed (Upskilling),Pune,Career Switcher,Pro,999,5,5,3,0.6,11.2,13,2,N,0,Wallet,0,Y
L01117,29,Marketing Executive,Hyderabad,Working Professional,Premium,1499,7,11,8,0.73,6.7,15,6,Y,14,Wallet,1,Y
L01118,22,Student,Jaipur,College Student,Standard,599,9,10,7,0.7,5.4,12,9,N,0,Wallet,0,N
L01119,22,Student,Jaipur,College Student,Premium,1499,1,1,1,1.0,7.5,12,20,Y,14,Card,1,Y
L01120,18,Student,Ahmedabad,College Student,Basic,299,10,11,4,0.36,4.3,11,36,Y,16,Card,3,N
L01121,19,Student,Jaipur,College Student,Standard,599,4,4,2,0.5,3.0,13,18,N,0,Card,2,N
L01122,29,Consultant,Bengaluru,Certification Seeker,Standard,599,3,6,5,0.83,4.3,11,5,N,0,Wallet,0,N
L01123,26,HR Executive,Delhi NCR,Working Professional,Standard,599,10,13,9,0.69,5.3,11,10,N,0,UPI,1,N
L01124,25,Manager,Chennai,Certification Seeker,Standard,599,11,9,8,0.89,5.4,10,12,N,0,Netbanking,1,Y
L01125,28,Marketing Executive,Mumbai,Working Professional,Standard,599,11,14,8,0.57,7.7,16,18,Y,10,Wallet,1,Y
L01126,35,Unemployed (Upskilling),Hyderabad,Career Switcher,Standard,599,1,2,1,0.5,5.6,13,6,N,0,Wallet,0,Y
L01127,25,Marketing Executive,Delhi NCR,Working Professional,Standard,599,4,13,8,0.62,8.9,15,16,N,0,Netbanking,0,Y
L01128,29,Ex-Teacher,Pune,Career Switcher,Premium,1499,2,10,6,0.6,5.2,13,5,N,0,UPI,3,Y
L01129,29,Ex-Operations,Mumbai,Career Switcher,Standard,599,3,15,9,0.6,6.6,16,11,Y,8,Wallet,3,Y
L01130,33,HR Executive,Ahmedabad,Working Professional,Pro,999,8,3,2,0.67,7.2,12,9,N,0,Netbanking,2,N
L01131,30,Analyst,Ahmedabad,Certification Seeker,Premium,1499,6,5,4,0.8,6.9,10,5,N,0,UPI,0,N
L01132,29,Software Engineer,Delhi NCR,Working Professional,Premium,1499,1,6,5,0.83,9.3,8,4,N,0,Card,0,N
L01133,18,Student,Chennai,College Student,Basic,299,1,11,6,0.55,4.3,11,2,N,0,Card,0,Y
L01134,32,HR Executive,Ahmedabad,Working Professional,Standard,599,10,14,10,0.71,10.0,15,4,N,0,Card,1,Y
L01135,39,Ex-Marketer,Ahmedabad,Career Switcher,Standard,599,1,5,4,0.8,5.9,16,5,N,0,UPI,0,N
L01136,22,Student,Delhi NCR,College Student,Basic,299,2,11,8,0.73,2.9,13,9,Y,16,UPI,0,Y
L01137,18,Student,Ahmedabad,College Student,Basic,299,3,9,4,0.44,3.4,12,29,Y,19,UPI,3,Y
L01138,20,Student,Jaipur,College Student,Basic,299,12,3,1,0.33,8.8,12,40,Y,27,UPI,3,Y
L01139,23,Student,Ahmedabad,College Student,Pro,999,9,14,5,0.36,3.7,5,25,Y,19,UPI,4,Y
L01140,27,Marketing Executive,Jaipur,Working Professional,Pro,999,12,3,2,0.67,5.3,10,0,Y,15,Card,3,N
L01141,43,Entrepreneur,Chennai,Power Learner,Premium,1499,10,3,3,1.0,10.8,24,1,N,0,Card,1,Y
L01142,25,Part-time Worker,Hyderabad,Casual Learner,Basic,299,5,8,3,0.38,1.4,1,82,N,0,Wallet,2,N
L01143,27,Software Engineer,Chennai,Working Professional,Standard,599,5,2,2,1.0,7.5,15,19,Y,9,Wallet,0,Y
L01144,18,Student,Mumbai,College Student,Basic,299,11,12,9,0.75,8.3,11,33,Y,20,Netbanking,0,Y
L01145,32,Ex-Banker,Delhi NCR,Career Switcher,Basic,299,11,7,5,0.71,10.3,9,4,N,0,UPI,0,Y
L01146,30,Manager,Jaipur,Certification Seeker,Standard,599,9,12,10,0.83,7.3,13,11,N,0,Netbanking,1,Y
L01147,37,Ex-Teacher,Mumbai,Career Switcher,Standard,599,5,14,10,0.71,11.8,11,12,N,0,Netbanking,0,Y
L01148,26,Marketing Executive,Bengaluru,Working Professional,Basic,299,3,11,9,0.82,7.9,10,18,Y,8,Wallet,1,Y
L01149,24,Homemaker,Hyderabad,Casual Learner,Pro,999,10,10,2,0.2,2.0,4,30,Y,22,UPI,2,Y
L01150,29,Ex-Teacher,Hyderabad,Career Switcher,Standard,599,11,11,7,0.64,11.5,15,13,Y,6,UPI,0,Y
L01151,26,Marketing Executive,Mumbai,Working Professional,Standard,599,12,15,11,0.73,4.2,10,10,N,0,Wallet,0,Y
L01152,31,Ex-Teacher,Pune,Career Switcher,Pro,999,7,8,6,0.75,7.7,11,0,N,0,Netbanking,0,Y
L01153,23,Homemaker,Bengaluru,Casual Learner,Basic,299,9,6,1,0.17,2.9,6,87,N,0,Netbanking,2,N
L01154,26,Software Engineer,Hyderabad,Working Professional,Pro,999,6,2,2,1.0,10.0,13,12,N,0,UPI,0,Y
L01155,36,Ex-Banker,Jaipur,Career Switcher,Pro,999,2,4,2,0.5,6.6,15,3,N,0,Netbanking,2,Y
L01156,26,Marketing Executive,Mumbai,Working Professional,Standard,599,2,8,5,0.62,9.3,10,0,N,0,Wallet,0,Y
L01157,19,Student,Pune,College Student,Basic,299,10,14,7,0.5,6.3,11,5,N,0,Wallet,1,Y
L01158,38,Software Engineer,Chennai,Certification Seeker,Standard,599,3,14,11,0.79,7.1,6,7,N,0,Card,0,Y
L01159,37,Ex-Operations,Jaipur,Career Switcher,Pro,999,5,13,9,0.69,9.4,13,14,N,0,Netbanking,2,Y
L01160,19,Student,Jaipur,College Student,Standard,599,3,2,1,0.5,7.9,8,29,Y,11,UPI,0,Y
L01161,23,Student,Hyderabad,College Student,Basic,299,7,9,4,0.44,3.9,5,31,Y,10,UPI,2,Y
L01162,18,Student,Chennai,College Student,Standard,599,8,2,1,0.5,2.6,12,2,Y,19,Card,2,Y
L01163,20,Student,Pune,College Student,Standard,599,4,1,1,1.0,7.6,6,7,Y,19,Netbanking,1,Y
L01164,37,Student,Jaipur,Casual Learner,Basic,299,2,13,6,0.46,2.5,3,45,N,0,Card,3,Y
L01165,32,Student,Ahmedabad,Casual Learner,Standard,599,7,9,3,0.33,3.4,1,65,Y,13,Wallet,1,Y
L01166,32,Entrepreneur,Ahmedabad,Power Learner,Pro,999,6,1,1,1.0,16.3,20,0,N,0,Wallet,1,Y
L01167,18,Student,Hyderabad,College Student,Standard,599,9,10,6,0.6,2.5,13,40,Y,15,UPI,2,N
L01168,22,Student,Pune,College Student,Standard,599,10,8,4,0.5,7.8,10,38,N,0,UPI,1,Y
L01169,25,Sales Executive,Ahmedabad,Working Professional,Pro,999,12,3,3,1.0,5.8,14,12,N,0,Netbanking,0,Y
L01170,32,Ex-Banker,Delhi NCR,Career Switcher,Pro,999,7,15,10,0.67,6.3,16,9,Y,11,UPI,0,Y
L01171,27,Manager,Delhi NCR,Certification Seeker,Basic,299,8,2,2,1.0,3.3,13,17,Y,6,Card,0,Y
L01172,33,Ex-Teacher,Bengaluru,Career Switcher,Standard,599,11,15,12,0.8,9.9,17,14,Y,15,UPI,1,N
L01173,25,HR Executive,Ahmedabad,Working Professional,Premium,1499,5,15,10,0.67,7.2,10,3,N,0,Card,3,N
L01174,24,HR Executive,Delhi NCR,Working Professional,Basic,299,1,8,6,0.75,5.6,8,13,N,0,Card,0,Y
L01175,22,Student,Bengaluru,College Student,Standard,599,11,11,8,0.73,2.6,6,32,N,0,Netbanking,0,Y
L01176,32,Marketing Executive,Jaipur,Working Professional,Pro,999,7,1,1,1.0,7.5,15,20,N,0,Card,0,Y
L01177,43,Part-time Worker,Ahmedabad,Casual Learner,Basic,299,7,5,1,0.2,0.7,5,51,N,0,Card,3,N
L01178,31,HR Executive,Ahmedabad,Working Professional,Standard,599,11,10,6,0.6,4.3,14,20,N,0,Card,2,N
L01179,28,Sales Executive,Pune,Working Professional,Standard,599,8,3,2,0.67,4.1,16,10,Y,14,Card,3,Y
L01180,25,Unemployed (Upskilling),Hyderabad,Career Switcher,Standard,599,7,15,10,0.67,8.7,16,7,N,0,Netbanking,3,Y
L01181,44,Entrepreneur,Bengaluru,Power Learner,Premium,1499,10,14,11,0.79,18.3,21,2,Y,14,Card,1,Y
L01182,40,Data Scientist,Hyderabad,Power Learner,Premium,1499,2,6,6,1.0,12.3,27,3,Y,7,Netbanking,1,Y
L01183,20,Student,Delhi NCR,College Student,Basic,299,5,10,5,0.5,7.3,11,9,Y,16,UPI,1,N
L01184,22,Student,Ahmedabad,College Student,Standard,599,8,3,2,0.67,7.3,11,4,N,0,UPI,0,N
L01185,32,Marketing Executive,Bengaluru,Working Professional,Standard,599,8,14,11,0.79,5.6,16,3,N,0,Card,1,Y
L01186,37,Entrepreneur,Hyderabad,Power Learner,Premium,1499,10,9,7,0.78,14.0,29,3,N,0,Netbanking,0,Y
L01187,35,Ex-Teacher,Bengaluru,Career Switcher,Standard,599,3,11,6,0.55,10.1,18,5,N,0,Netbanking,1,N
L01188,35,Software Engineer,Chennai,Working Professional,Standard,599,8,9,7,0.78,4.5,8,7,N,0,Wallet,0,Y
L01189,23,Student,Bengaluru,College Student,Standard,599,5,1,1,1.0,4.3,13,3,Y,22,Netbanking,0,Y
L01190,28,Data Scientist,Mumbai,Power Learner,Pro,999,7,12,11,0.92,20.0,30,2,N,0,Wallet,1,Y
L01191,21,Student,Delhi NCR,College Student,Basic,299,5,6,4,0.67,4.2,9,31,Y,11,Wallet,2,N
L01192,26,Software Engineer,Ahmedabad,Power Learner,Pro,999,6,14,13,0.93,12.6,26,3,N,0,Wallet,1,Y
L01193,21,Student,Chennai,College Student,Basic,299,1,3,1,0.33,2.1,14,27,Y,13,Card,4,Y
L01194,37,Analyst,Ahmedabad,Certification Seeker,Standard,599,6,3,2,0.67,6.1,12,0,N,0,UPI,0,Y
L01195,36,Consultant,Ahmedabad,Power Learner,Premium,1499,1,10,8,0.8,17.6,28,0,N,0,Wallet,1,Y
L01196,24,Data Scientist,Bengaluru,Power Learner,Pro,999,10,15,14,0.93,18.8,25,3,Y,13,Wallet,0,N
L01197,28,Marketing Executive,Ahmedabad,Working Professional,Basic,299,12,5,3,0.6,4.7,10,1,N,0,Wallet,2,Y
L01198,33,Sales Executive,Mumbai,Working Professional,Pro,999,6,9,8,0.89,9.8,10,11,Y,6,Card,1,N
L01199,28,Software Engineer,Mumbai,Working Professional,Pro,999,7,6,4,0.67,5.5,13,9,N,0,Card,0,Y
L01200,24,Entrepreneur,Pune,Power Learner,Premium,1499,10,15,13,0.87,17.7,27,0,N,0,Card,0,Y
L01201,30,Ex-Operations,Delhi NCR,Career Switcher,Basic,299,9,15,11,0.73,8.8,18,5,N,0,UPI,0,Y
L01202,21,Student,Mumbai,College Student,Basic,299,12,13,8,0.62,6.4,4,24,N,0,Netbanking,1,Y
L01203,32,Consultant,Pune,Certification Seeker,Basic,299,12,14,9,0.64,6.9,7,16,N,0,Wallet,2,Y
L01204,21,Student,Delhi NCR,College Student,Basic,299,5,1,0,0.0,8.4,9,16,N,0,Card,5,N
L01205,33,Part-time Worker,Hyderabad,Casual Learner,Basic,299,9,10,2,0.2,0.9,6,61,Y,21,Netbanking,5,N
L01206,36,Part-time Worker,Ahmedabad,Casual Learner,Premium,1499,9,6,1,0.17,2.3,2,27,Y,24,Wallet,1,Y
L01207,26,Data Analyst,Ahmedabad,Working Professional,Standard,599,2,3,2,0.67,9.2,16,12,N,0,Card,1,Y
L01208,19,Student,Bengaluru,College Student,Basic,299,2,7,4,0.57,8.9,14,35,N,0,Card,1,N
L01209,32,Software Engineer,Hyderabad,Working Professional,Standard,599,2,3,2,0.67,4.3,9,0,N,0,UPI,0,Y
L01210,30,Sales Executive,Bengaluru,Working Professional,Basic,299,1,2,2,1.0,7.0,16,15,Y,6,Netbanking,0,Y
L01211,27,Homemaker,Hyderabad,Casual Learner,Standard,599,5,2,1,0.5,3.7,6,51,N,0,UPI,3,N
L01212,42,Part-time Worker,Delhi NCR,Casual Learner,Basic,299,5,13,5,0.38,1.9,5,60,Y,10,UPI,4,N
L01213,26,Software Engineer,Chennai,Working Professional,Pro,999,5,6,5,0.83,9.7,14,14,Y,12,Wallet,1,N
L01214,38,Ex-Marketer,Bengaluru,Career Switcher,Basic,299,11,12,9,0.75,7.8,13,9,Y,13,Card,1,Y
L01215,29,Software Engineer,Ahmedabad,Working Professional,Pro,999,10,1,1,1.0,5.6,15,1,N,0,Card,1,Y
L01216,22,Student,Ahmedabad,College Student,Standard,599,10,8,4,0.5,6.0,10,10,N,0,Card,3,Y
L01217,28,Ex-Operations,Jaipur,Career Switcher,Pro,999,2,8,4,0.5,7.5,13,13,N,0,Wallet,3,Y
L01218,29,Ex-Teacher,Bengaluru,Career Switcher,Standard,599,12,11,8,0.73,10.3,13,14,N,0,Card,1,Y
L01219,37,Software Engineer,Chennai,Power Learner,Premium,1499,2,2,2,1.0,17.8,25,2,N,0,Wallet,1,Y
L01220,29,Ex-Operations,Pune,Career Switcher,Pro,999,3,10,6,0.6,10.5,9,4,N,0,Wallet,1,Y
L01221,19,Student,Chennai,College Student,Standard,599,2,3,1,0.33,5.1,8,23,Y,21,Netbanking,3,N
L01222,32,Manager,Delhi NCR,Certification Seeker,Basic,299,10,12,10,0.83,3.7,11,15,N,0,UPI,0,Y
L01223,23,Student,Ahmedabad,College Student,Basic,299,1,14,6,0.43,5.2,7,8,Y,14,Card,2,N
L01224,30,Software Engineer,Mumbai,Certification Seeker,Basic,299,9,5,3,0.6,6.3,14,5,N,0,Card,0,Y
L01225,30,HR Executive,Chennai,Working Professional,Basic,299,2,13,10,0.77,4.4,13,17,N,0,UPI,0,Y
L01226,39,Data Scientist,Jaipur,Power Learner,Premium,1499,2,7,6,0.86,19.8,30,0,Y,14,Netbanking,0,N
L01227,36,Software Engineer,Delhi NCR,Certification Seeker,Standard,599,1,1,1,1.0,5.3,12,18,Y,10,UPI,1,Y
L01228,28,Marketing Executive,Delhi NCR,Working Professional,Pro,999,9,14,9,0.64,6.8,16,18,N,0,Card,2,Y
L01229,25,Sales Executive,Bengaluru,Working Professional,Premium,1499,12,5,3,0.6,7.1,10,15,N,0,UPI,1,N
L01230,20,Homemaker,Pune,Casual Learner,Basic,299,3,3,1,0.33,1.7,5,71,Y,28,Card,3,N
L01231,32,Ex-Marketer,Delhi NCR,Career Switcher,Pro,999,1,7,4,0.57,7.8,12,13,N,0,Card,2,N
L01232,38,Consultant,Pune,Certification Seeker,Premium,1499,6,14,12,0.86,7.0,12,25,N,0,Card,0,Y
L01233,21,Student,Mumbai,College Student,Basic,299,8,7,3,0.43,6.3,9,5,Y,21,UPI,0,Y
L01234,29,Software Engineer,Mumbai,Working Professional,Pro,999,12,4,2,0.5,5.9,8,19,Y,6,UPI,3,N
L01235,23,Software Engineer,Delhi NCR,Power Learner,Pro,999,5,12,9,0.75,17.0,27,3,Y,11,Wallet,1,N
L01236,28,Software Engineer,Delhi NCR,Working Professional,Premium,1499,2,13,11,0.85,8.0,10,14,N,0,Netbanking,0,Y
L01237,23,Software Engineer,Chennai,Certification Seeker,Standard,599,4,11,10,0.91,7.3,8,11,N,0,Netbanking,1,Y
L01238,26,Ex-Operations,Pune,Career Switcher,Basic,299,8,8,6,0.75,5.7,15,6,N,0,UPI,1,Y
L01239,36,Ex-Teacher,Hyderabad,Career Switcher,Pro,999,2,10,8,0.8,5.3,14,9,N,0,Netbanking,0,Y
L01240,25,Software Engineer,Pune,Certification Seeker,Standard,599,1,12,9,0.75,7.4,12,1,N,0,Netbanking,0,Y
L01241,33,Software Engineer,Hyderabad,Working Professional,Premium,1499,6,13,9,0.69,9.3,10,17,N,0,Netbanking,2,Y
L01242,25,Software Engineer,Mumbai,Working Professional,Standard,599,8,10,6,0.6,7.4,8,20,N,0,UPI,0,Y
L01243,33,Student,Mumbai,Casual Learner,Standard,599,4,3,1,0.33,4.0,5,54,N,0,Card,2,N
L01244,33,Data Analyst,Hyderabad,Working Professional,Basic,299,7,1,1,1.0,6.9,14,5,N,0,Netbanking,0,Y
L01245,21,Student,Pune,College Student,Basic,299,7,3,2,0.67,3.3,5,29,N,0,Card,1,Y
L01246,20,Student,Bengaluru,College Student,Basic,299,1,1,1,1.0,6.0,14,26,Y,10,Wallet,1,Y
L01247,18,Student,Ahmedabad,College Student,Basic,299,4,11,5,0.45,7.6,13,0,Y,30,Wallet,2,N
L01248,37,Entrepreneur,Chennai,Power Learner,Premium,1499,3,7,6,0.86,10.9,29,3,Y,15,Card,1,Y
L01249,22,Consultant,Jaipur,Certification Seeker,Standard,599,9,15,13,0.87,3.9,10,14,Y,11,UPI,1,Y
L01250,44,Freelancer,Hyderabad,Casual Learner,Standard,599,9,3,1,0.33,0.5,2,75,Y,26,Card,1,N
L01251,25,Manager,Mumbai,Certification Seeker,Pro,999,10,7,4,0.57,3.5,7,24,N,0,Netbanking,2,Y
L01252,22,Student,Jaipur,College Student,Standard,599,8,1,1,1.0,3.2,5,24,N,0,Netbanking,0,Y
L01253,40,Part-time Worker,Hyderabad,Casual Learner,Basic,299,7,8,3,0.38,2.6,2,85,N,0,Netbanking,3,N
L01254,24,Software Engineer,Delhi NCR,Working Professional,Standard,599,8,10,7,0.7,5.0,8,5,N,0,Card,0,Y
L01255,21,Consultant,Bengaluru,Power Learner,Pro,999,8,15,14,0.93,19.9,30,1,N,0,UPI,0,Y
L01256,31,Data Scientist,Mumbai,Power Learner,Premium,1499,12,4,3,0.75,16.3,20,1,N,0,Netbanking,0,Y
L01257,23,Student,Jaipur,College Student,Basic,299,3,4,2,0.5,6.9,5,15,Y,26,Card,0,Y
L01258,35,Analyst,Ahmedabad,Certification Seeker,Standard,599,11,10,8,0.8,7.9,6,11,N,0,Wallet,1,Y
L01259,33,Software Engineer,Hyderabad,Working Professional,Standard,599,2,11,6,0.55,8.1,10,19,N,0,UPI,3,Y
L01260,23,Consultant,Hyderabad,Certification Seeker,Standard,599,1,7,4,0.57,4.3,14,8,N,0,Card,0,N
L01261,18,Student,Jaipur,College Student,Basic,299,1,7,5,0.71,4.6,12,23,N,0,Wallet,1,N
L01262,23,Manager,Hyderabad,Certification Seeker,Pro,999,3,6,4,0.67,3.4,14,25,Y,11,Netbanking,2,N
L01263,30,Sales Executive,Hyderabad,Working Professional,Pro,999,10,1,1,1.0,8.6,11,18,N,0,Wallet,0,Y
L01264,19,Student,Delhi NCR,College Student,Basic,299,2,7,3,0.43,2.6,6,16,N,0,Netbanking,2,Y
L01265,23,Student,Jaipur,College Student,Pro,999,10,15,10,0.67,8.7,13,6,Y,23,Netbanking,0,Y
L01266,37,Ex-Marketer,Hyderabad,Career Switcher,Standard,599,6,3,2,0.67,10.6,10,9,N,0,UPI,2,Y
L01267,20,Student,Mumbai,College Student,Standard,599,4,1,1,1.0,2.5,9,33,Y,24,Netbanking,1,N
L01268,35,HR Executive,Pune,Working Professional,Pro,999,8,4,3,0.75,6.4,12,20,N,0,Card,1,Y
L01269,28,Sales Executive,Ahmedabad,Working Professional,Premium,1499,10,15,10,0.67,8.7,14,2,N,0,UPI,1,Y
L01270,32,Software Engineer,Chennai,Working Professional,Premium,1499,10,6,3,0.5,9.5,12,16,Y,9,Card,2,N
L01271,30,Sales Executive,Pune,Working Professional,Pro,999,3,5,3,0.6,4.7,11,0,Y,9,UPI,2,Y
L01272,20,Student,Pune,College Student,Standard,599,10,5,3,0.6,3.4,6,26,N,0,Netbanking,1,N
L01273,22,Student,Hyderabad,College Student,Standard,599,8,11,4,0.36,3.6,14,1,N,0,UPI,4,N
L01274,27,Consultant,Bengaluru,Certification Seeker,Basic,299,12,3,2,0.67,5.7,7,17,N,0,Netbanking,1,Y
L01275,36,Analyst,Pune,Certification Seeker,Pro,999,11,4,3,0.75,7.5,13,1,N,0,Card,0,Y
L01276,29,Marketing Executive,Hyderabad,Working Professional,Premium,1499,8,7,5,0.71,6.7,14,12,Y,10,UPI,1,N
L01277,26,Ex-Marketer,Delhi NCR,Career Switcher,Pro,999,9,11,8,0.73,5.4,13,10,N,0,UPI,0,N
L01278,34,Marketing Executive,Delhi NCR,Working Professional,Basic,299,3,10,7,0.7,5.9,11,3,N,0,UPI,0,N
L01279,27,Ex-Operations,Delhi NCR,Career Switcher,Premium,1499,4,3,2,0.67,5.9,14,11,N,0,Wallet,1,N
L01280,23,Student,Jaipur,College Student,Standard,599,6,15,7,0.47,2.9,9,39,N,0,Card,1,Y
L01281,23,Student,Hyderabad,College Student,Standard,599,4,5,2,0.4,8.3,13,38,Y,19,Card,2,Y
L01282,21,Student,Chennai,College Student,Premium,1499,8,1,1,1.0,4.8,4,35,Y,18,Wallet,0,Y
L01283,44,Freelancer,Ahmedabad,Casual Learner,Basic,299,1,11,1,0.09,2.2,2,70,N,0,Card,5,N
L01284,30,Ex-Teacher,Jaipur,Career Switcher,Pro,999,11,8,6,0.75,8.0,12,8,N,0,Wallet,1,Y
L01285,19,Student,Delhi NCR,College Student,Pro,999,12,5,3,0.6,5.6,14,6,Y,13,Card,1,Y
L01286,32,Software Engineer,Ahmedabad,Power Learner,Pro,999,10,1,1,1.0,19.9,25,1,N,0,Card,1,Y
L01287,23,Student,Mumbai,College Student,Basic,299,11,1,1,1.0,7.6,8,6,Y,16,Netbanking,0,Y
L01288,24,Software Engineer,Hyderabad,Working Professional,Pro,999,3,11,9,0.82,6.4,8,16,N,0,Wallet,1,Y
L01289,28,Sales Executive,Mumbai,Working Professional,Standard,599,5,6,4,0.67,7.4,10,20,Y,15,Netbanking,0,Y
L01290,39,Student,Chennai,Casual Learner,Basic,299,1,7,2,0.29,2.5,6,31,N,0,Card,5,Y
L01291,36,Ex-Banker,Mumbai,Career Switcher,Pro,999,1,3,2,0.67,10.7,8,8,N,0,UPI,3,Y
L01292,20,Freelancer,Pune,Casual Learner,Basic,299,4,10,4,0.4,2.5,6,75,Y,21,Wallet,3,N
L01293,35,Data Scientist,Bengaluru,Power Learner,Pro,999,8,13,12,0.92,18.9,23,0,Y,9,Wallet,0,Y
L01294,33,HR Executive,Jaipur,Working Professional,Pro,999,7,15,11,0.73,6.1,11,20,N,0,Netbanking,0,Y
L01295,21,Student,Pune,College Student,Basic,299,9,4,2,0.5,6.7,13,40,Y,11,UPI,0,Y
L01296,20,Student,Ahmedabad,College Student,Basic,299,5,12,7,0.58,5.9,11,18,Y,13,Wallet,3,Y
L01297,38,Ex-Operations,Ahmedabad,Career Switcher,Standard,599,8,4,3,0.75,9.2,12,2,N,0,Netbanking,1,Y
L01298,20,Student,Mumbai,College Student,Basic,299,6,10,4,0.4,4.2,7,30,N,0,Netbanking,3,N
L01299,34,Software Engineer,Bengaluru,Power Learner,Premium,1499,10,4,3,0.75,16.5,22,3,Y,9,Wallet,0,Y
L01300,26,HR Executive,Delhi NCR,Working Professional,Pro,999,11,14,12,0.86,5.2,12,7,N,0,Netbanking,1,Y
L01301,28,Sales Executive,Ahmedabad,Working Professional,Standard,599,6,5,3,0.6,8.5,12,7,N,0,Netbanking,0,Y
L01302,40,Consultant,Hyderabad,Certification Seeker,Pro,999,5,15,10,0.67,4.4,13,9,N,0,Wallet,2,Y
L01303,44,Part-time Worker,Delhi NCR,Casual Learner,Basic,299,1,12,2,0.17,2.6,5,73,Y,29,Netbanking,1,N
L01304,18,Student,Delhi NCR,College Student,Basic,299,3,5,3,0.6,2.8,11,2,N,0,Netbanking,1,Y
L01305,31,Student,Chennai,Casual Learner,Basic,299,10,1,0,0.0,1.0,2,24,Y,21,Netbanking,4,N
L01306,22,Student,Mumbai,College Student,Standard,599,3,2,1,0.5,8.3,9,6,Y,27,Netbanking,3,N
L01307,37,Ex-Banker,Chennai,Career Switcher,Pro,999,11,7,5,0.71,9.7,15,0,N,0,UPI,0,N
L01308,20,Student,Hyderabad,College Student,Basic,299,6,15,6,0.4,4.8,7,5,Y,17,Card,2,N
L01309,21,Student,Delhi NCR,College Student,Basic,299,4,7,3,0.43,3.4,11,18,Y,12,Netbanking,1,N
L01310,31,Part-time Worker,Ahmedabad,Casual Learner,Standard,599,9,11,4,0.36,3.4,1,90,Y,24,Card,5,N
L01311,33,Software Engineer,Delhi NCR,Working Professional,Premium,1499,11,2,2,1.0,4.5,15,14,N,0,Card,0,Y
L01312,23,Consultant,Hyderabad,Certification Seeker,Standard,599,6,10,8,0.8,7.7,8,5,N,0,Wallet,1,Y
L01313,29,Marketing Executive,Hyderabad,Working Professional,Standard,599,9,3,2,0.67,10.0,11,0,N,0,UPI,1,Y
L01314,18,Student,Hyderabad,College Student,Basic,299,8,6,4,0.67,5.1,5,27,N,0,UPI,3,N
L01315,21,Student,Chennai,College Student,Basic,299,12,2,1,0.5,2.4,8,23,N,0,Card,1,N
L01316,33,Ex-Operations,Delhi NCR,Career Switcher,Standard,599,4,5,3,0.6,6.9,10,1,N,0,UPI,0,Y
L01317,19,Student,Pune,College Student,Basic,299,6,9,6,0.67,2.4,10,16,Y,26,UPI,3,Y
L01318,28,Student,Ahmedabad,Casual Learner,Basic,299,10,6,1,0.17,3.8,2,53,N,0,Card,5,N
L01319,34,Sales Executive,Delhi NCR,Working Professional,Standard,599,2,10,6,0.6,5.1,13,19,N,0,Netbanking,3,Y
L01320,33,Unemployed (Upskilling),Delhi NCR,Career Switcher,Premium,1499,8,2,1,0.5,6.7,11,14,N,0,UPI,1,Y
L01321,23,Entrepreneur,Mumbai,Power Learner,Pro,999,6,12,11,0.92,19.8,28,3,N,0,UPI,1,N
L01322,37,Analyst,Mumbai,Certification Seeker,Pro,999,4,10,8,0.8,6.0,11,3,N,0,Netbanking,0,Y
L01323,42,Homemaker,Jaipur,Casual Learner,Basic,299,3,4,1,0.25,1.0,4,69,Y,19,Card,1,N
L01324,26,Software Engineer,Ahmedabad,Working Professional,Standard,599,11,7,6,0.86,5.9,12,18,N,0,Card,0,Y
L01325,22,Student,Hyderabad,College Student,Premium,1499,5,9,5,0.56,4.1,4,19,Y,22,Netbanking,0,Y
L01326,19,Student,Chennai,College Student,Standard,599,7,13,5,0.38,7.4,14,22,N,0,Card,4,Y
L01327,30,Ex-Operations,Ahmedabad,Career Switcher,Pro,999,4,5,3,0.6,6.1,17,10,Y,14,Wallet,2,N
L01328,20,Student,Mumbai,College Student,Basic,299,7,3,2,0.67,4.4,5,9,Y,17,Card,1,Y
L01329,20,Student,Hyderabad,College Student,Basic,299,10,7,4,0.57,4.2,14,37,Y,23,Card,3,Y
L01330,34,Ex-Banker,Mumbai,Career Switcher,Pro,999,2,9,6,0.67,7.3,12,0,N,0,Card,1,N
L01331,22,Student,Mumbai,College Student,Basic,299,9,11,4,0.36,8.0,7,10,Y,27,UPI,2,N
L01332,28,HR Executive,Bengaluru,Working Professional,Pro,999,9,8,5,0.62,4.9,14,17,N,0,Netbanking,0,Y
L01333,35,Ex-Marketer,Mumbai,Career Switcher,Pro,999,5,7,4,0.57,10.3,18,0,Y,14,Wallet,3,Y
L01334,29,HR Executive,Chennai,Working Professional,Pro,999,7,13,10,0.77,7.8,12,12,N,0,Wallet,0,Y
L01335,28,Unemployed (Upskilling),Delhi NCR,Career Switcher,Pro,999,7,1,1,1.0,10.7,10,2,N,0,UPI,0,Y
L01336,31,Ex-Teacher,Pune,Career Switcher,Pro,999,9,14,7,0.5,11.4,17,3,N,0,Card,3,Y
L01337,33,Unemployed (Upskilling),Bengaluru,Career Switcher,Pro,999,9,15,8,0.53,9.9,9,0,N,0,Wallet,0,Y
L01338,40,Homemaker,Mumbai,Casual Learner,Basic,299,4,7,1,0.14,3.1,5,63,Y,12,Netbanking,1,N
L01339,19,Student,Mumbai,College Student,Pro,999,9,13,5,0.38,6.8,10,39,N,0,UPI,1,Y
L01340,38,Ex-Banker,Jaipur,Career Switcher,Pro,999,4,9,7,0.78,11.0,10,6,N,0,Wallet,0,Y
L01341,35,Software Engineer,Chennai,Working Professional,Pro,999,11,2,1,0.5,9.8,14,5,N,0,Netbanking,0,Y
L01342,19,Student,Hyderabad,College Student,Pro,999,12,12,8,0.67,6.3,5,34,N,0,Netbanking,1,Y
L01343,27,Unemployed (Upskilling),Jaipur,Career Switcher,Standard,599,12,8,6,0.75,11.6,8,12,N,0,UPI,0,Y
L01344,36,Unemployed (Upskilling),Delhi NCR,Career Switcher,Basic,299,9,2,1,0.5,8.7,18,8,N,0,Wallet,3,N
L01345,22,Student,Chennai,College Student,Pro,999,7,5,3,0.6,6.1,12,15,Y,20,UPI,1,N
L01346,35,Sales Executive,Ahmedabad,Working Professional,Pro,999,10,4,3,0.75,9.2,9,4,N,0,Card,1,Y
L01347,38,Ex-Teacher,Jaipur,Career Switcher,Pro,999,3,11,7,0.64,9.1,17,0,N,0,Wallet,3,Y
L01348,22,Entrepreneur,Ahmedabad,Power Learner,Premium,1499,9,11,9,0.82,10.0,29,3,N,0,Netbanking,1,Y
L01349,22,Student,Pune,College Student,Basic,299,8,6,4,0.67,3.7,11,33,Y,25,UPI,3,Y
L01350,25,Ex-Marketer,Pune,Career Switcher,Standard,599,10,6,5,0.83,6.2,18,12,N,0,UPI,0,Y
L01351,21,Student,Ahmedabad,College Student,Basic,299,9,3,2,0.67,6.2,4,1,Y,27,Netbanking,0,Y
L01352,22,Student,Mumbai,College Student,Basic,299,5,10,4,0.4,6.7,12,35,N,0,Netbanking,0,N
L01353,27,Software Engineer,Delhi NCR,Working Professional,Premium,1499,8,1,1,1.0,8.7,8,1,N,0,Wallet,1,Y
L01354,33,Consultant,Mumbai,Certification Seeker,Premium,1499,6,10,7,0.7,4.9,7,17,Y,9,Netbanking,1,Y
L01355,21,Student,Bengaluru,College Student,Standard,599,3,11,4,0.36,4.9,14,2,N,0,Wallet,3,N
L01356,19,Student,Pune,College Student,Basic,299,5,5,3,0.6,2.9,13,2,N,0,Wallet,3,N
L01357,28,Software Engineer,Ahmedabad,Working Professional,Standard,599,3,14,10,0.71,4.7,13,19,N,0,Netbanking,1,N
L01358,19,Student,Mumbai,College Student,Basic,299,4,1,1,1.0,8.5,14,18,Y,16,Wallet,1,Y
L01359,28,Student,Hyderabad,Casual Learner,Basic,299,6,1,0,0.0,1.1,2,88,Y,12,Card,3,N
L01360,25,Marketing Executive,Mumbai,Working Professional,Basic,299,4,2,2,1.0,6.4,10,2,N,0,Wallet,0,N
L01361,39,Ex-Operations,Delhi NCR,Career Switcher,Pro,999,5,9,6,0.67,8.8,16,7,N,0,Netbanking,2,Y
L01362,34,Ex-Banker,Chennai,Career Switcher,Standard,599,6,10,6,0.6,5.7,9,10,Y,6,Netbanking,0,Y
L01363,36,Ex-Marketer,Bengaluru,Career Switcher,Standard,599,8,11,8,0.73,7.2,15,7,N,0,Card,1,Y
L01364,34,Ex-Teacher,Jaipur,Career Switcher,Standard,599,10,5,3,0.6,7.1,17,14,N,0,Card,0,Y
L01365,32,Software Engineer,Hyderabad,Working Professional,Standard,599,9,4,3,0.75,5.3,9,2,N,0,Card,1,N
L01366,32,HR Executive,Delhi NCR,Working Professional,Pro,999,9,4,3,0.75,4.4,10,15,Y,13,Wallet,0,Y
L01367,19,Student,Jaipur,College Student,Standard,599,7,12,9,0.75,4.3,14,13,Y,26,UPI,0,Y
L01368,33,Manager,Jaipur,Certification Seeker,Standard,599,5,8,7,0.88,7.3,13,2,N,0,Card,1,Y
L01369,20,Student,Hyderabad,College Student,Standard,599,3,11,8,0.73,6.1,13,16,N,0,Netbanking,1,Y
L01370,25,Ex-Teacher,Bengaluru,Career Switcher,Basic,299,10,9,6,0.67,8.9,15,7,N,0,Netbanking,1,Y
L01371,22,Student,Pune,College Student,Pro,999,3,9,6,0.67,6.6,10,17,N,0,Netbanking,3,Y
L01372,32,Data Analyst,Jaipur,Working Professional,Standard,599,12,12,10,0.83,7.4,16,4,Y,11,Card,0,Y
L01373,32,Part-time Worker,Bengaluru,Casual Learner,Standard,599,5,8,3,0.38,2.4,2,77,Y,17,Netbanking,3,N
L01374,43,Student,Hyderabad,Casual Learner,Basic,299,3,3,0,0.0,2.3,4,86,N,0,UPI,2,N
L01375,30,HR Executive,Bengaluru,Working Professional,Pro,999,10,15,9,0.6,5.5,15,17,N,0,UPI,0,N
L01376,30,Ex-Teacher,Jaipur,Career Switcher,Pro,999,1,10,8,0.8,7.6,10,13,N,0,Netbanking,0,Y
L01377,25,Ex-Operations,Mumbai,Career Switcher,Pro,999,11,12,6,0.5,7.2,10,12,Y,11,UPI,0,Y
L01378,26,Manager,Pune,Certification Seeker,Standard,599,6,10,7,0.7,4.7,9,23,Y,10,UPI,0,Y
L01379,26,Data Analyst,Hyderabad,Working Professional,Pro,999,4,7,5,0.71,6.4,13,16,N,0,Card,1,Y
L01380,34,Part-time Worker,Ahmedabad,Casual Learner,Basic,299,4,11,4,0.36,1.7,5,27,Y,16,Wallet,1,Y
L01381,34,Data Scientist,Bengaluru,Power Learner,Premium,1499,7,6,5,0.83,18.2,23,3,N,0,UPI,0,Y
L01382,23,Student,Delhi NCR,College Student,Standard,599,4,3,1,0.33,5.3,6,29,Y,18,Wallet,4,Y
L01383,31,Consultant,Bengaluru,Certification Seeker,Standard,599,5,2,1,0.5,4.3,12,2,N,0,Wallet,2,Y
L01384,22,Student,Ahmedabad,College Student,Standard,599,1,9,4,0.44,8.8,5,2,Y,13,Card,0,Y
L01385,27,Sales Executive,Delhi NCR,Working Professional,Premium,1499,9,5,3,0.6,9.2,12,20,N,0,Card,2,N
L01386,40,Manager,Mumbai,Certification Seeker,Standard,599,7,9,6,0.67,4.3,6,18,N,0,Netbanking,3,N
L01387,33,Software Engineer,Hyderabad,Certification Seeker,Pro,999,6,2,2,1.0,5.7,13,4,N,0,Card,0,Y
L01388,32,HR Executive,Bengaluru,Working Professional,Pro,999,7,4,2,0.5,9.0,12,1,N,0,UPI,3,Y
L01389,34,Data Analyst,Hyderabad,Working Professional,Pro,999,4,5,3,0.6,6.4,15,14,Y,12,UPI,0,N
L01390,32,Sales Executive,Mumbai,Working Professional,Standard,599,3,1,1,1.0,6.4,13,8,N,0,UPI,0,N
L01391,18,Student,Chennai,College Student,Standard,599,3,12,4,0.33,2.1,8,4,N,0,Netbanking,1,N
L01392,20,Student,Bengaluru,College Student,Basic,299,8,15,11,0.73,7.0,8,6,Y,25,Wallet,0,Y
L01393,33,Freelancer,Ahmedabad,Casual Learner,Premium,1499,10,8,2,0.25,1.9,2,42,N,0,Card,2,Y
L01394,23,Student,Delhi NCR,College Student,Basic,299,2,5,2,0.4,5.7,13,3,Y,19,Wallet,1,Y
L01395,22,Student,Jaipur,College Student,Standard,599,3,6,2,0.33,2.4,6,2,N,0,Card,4,N
L01396,26,Software Engineer,Chennai,Working Professional,Standard,599,9,10,7,0.7,7.5,8,10,N,0,UPI,0,Y
L01397,22,Student,Mumbai,College Student,Standard,599,4,1,1,1.0,6.3,5,12,N,0,Card,0,Y
L01398,21,Student,Jaipur,College Student,Pro,999,11,13,5,0.38,4.7,6,11,N,0,Netbanking,3,N
L01399,33,Homemaker,Delhi NCR,Casual Learner,Basic,299,2,4,1,0.25,2.2,1,78,Y,30,Card,2,N
L01400,26,Marketing Executive,Chennai,Working Professional,Standard,599,11,15,9,0.6,6.4,10,10,N,0,UPI,1,N
L01401,22,Analyst,Pune,Certification Seeker,Pro,999,8,1,1,1.0,7.0,13,5,N,0,Card,1,Y
L01402,25,Marketing Executive,Delhi NCR,Working Professional,Pro,999,2,11,6,0.55,7.9,12,17,Y,14,Netbanking,2,Y
L01403,18,Student,Bengaluru,College Student,Basic,299,9,9,6,0.67,6.1,5,10,N,0,Netbanking,3,Y
L01404,38,Ex-Banker,Hyderabad,Career Switcher,Pro,999,1,5,3,0.6,11.4,16,8,Y,12,Wallet,0,N
L01405,18,Student,Pune,College Student,Standard,599,10,7,3,0.43,2.9,10,19,N,0,Card,3,Y
L01406,22,Freelancer,Chennai,Casual Learner,Pro,999,5,1,0,0.0,2.4,5,75,Y,12,Wallet,3,N
L01407,23,Student,Delhi NCR,College Student,Basic,299,3,6,4,0.67,3.4,11,9,N,0,UPI,1,N
L01408,18,Student,Ahmedabad,College Student,Basic,299,5,2,1,0.5,7.2,10,29,N,0,UPI,0,Y
L01409,18,Student,Bengaluru,College Student,Basic,299,12,4,2,0.5,6.4,7,8,N,0,Wallet,0,Y
L01410,35,Ex-Marketer,Bengaluru,Career Switcher,Premium,1499,9,1,1,1.0,8.0,12,12,Y,11,Netbanking,0,Y
L01411,18,Student,Jaipur,College Student,Basic,299,2,10,4,0.4,5.7,5,20,N,0,Netbanking,2,Y
L01412,22,Student,Delhi NCR,College Student,Premium,1499,4,4,2,0.5,6.5,14,0,Y,15,Wallet,3,Y
L01413,33,HR Executive,Pune,Working Professional,Standard,599,12,12,8,0.67,5.6,14,13,Y,6,Card,2,N
L01414,43,Freelancer,Bengaluru,Casual Learner,Standard,599,3,10,3,0.3,3.7,6,48,N,0,Netbanking,1,N
L01415,26,Software Engineer,Chennai,Certification Seeker,Standard,599,2,13,10,0.77,5.5,11,4,N,0,Card,1,Y
L01416,27,Consultant,Jaipur,Power Learner,Basic,299,5,9,9,1.0,10.9,29,0,N,0,Netbanking,0,Y
L01417,20,Freelancer,Chennai,Casual Learner,Basic,299,1,1,0,0.0,1.5,4,34,Y,13,UPI,3,N
L01418,18,Student,Hyderabad,College Student,Standard,599,8,15,6,0.4,2.6,5,11,Y,25,Wallet,0,Y
L01419,23,Student,Chennai,College Student,Basic,299,12,13,10,0.77,5.0,9,14,N,0,Netbanking,1,Y
L01420,20,Student,Delhi NCR,College Student,Premium,1499,7,1,1,1.0,8.9,14,19,Y,12,Card,0,Y
L01421,43,Freelancer,Pune,Casual Learner,Basic,299,3,7,1,0.14,1.4,3,73,Y,13,Netbanking,1,N
L01422,21,Student,Ahmedabad,College Student,Standard,599,1,15,11,0.73,5.6,10,24,N,0,Wallet,0,N
L01423,18,Student,Ahmedabad,College Student,Pro,999,8,8,4,0.5,5.6,8,39,N,0,Card,0,N
L01424,24,Sales Executive,Bengaluru,Working Professional,Pro,999,5,3,3,1.0,7.0,15,9,N,0,Netbanking,0,Y
L01425,30,Sales Executive,Delhi NCR,Working Professional,Premium,1499,3,13,10,0.77,4.5,14,8,N,0,Netbanking,1,Y
L01426,21,Student,Pune,College Student,Standard,599,2,4,2,0.5,7.4,5,39,Y,12,Card,3,Y
L01427,35,Consultant,Pune,Certification Seeker,Standard,599,11,9,8,0.89,5.9,10,16,N,0,UPI,1,Y
L01428,24,Sales Executive,Ahmedabad,Working Professional,Standard,599,1,3,3,1.0,6.1,9,3,Y,13,Netbanking,1,Y
L01429,20,Freelancer,Hyderabad,Casual Learner,Standard,599,2,9,3,0.33,3.0,1,59,Y,26,Card,4,N
L01430,38,Part-time Worker,Ahmedabad,Casual Learner,Basic,299,1,8,1,0.12,1.2,1,45,N,0,UPI,1,Y
L01431,18,Student,Pune,College Student,Pro,999,8,8,5,0.62,7.7,7,6,N,0,Wallet,3,Y
L01432,38,Retired,Delhi NCR,Casual Learner,Standard,599,6,5,2,0.4,2.9,5,26,Y,23,Wallet,2,N
L01433,25,Software Engineer,Hyderabad,Certification Seeker,Premium,1499,6,1,1,1.0,4.1,14,5,N,0,Card,1,Y
L01434,19,Student,Mumbai,College Student,Standard,599,8,9,5,0.56,2.8,10,6,N,0,UPI,3,N
L01435,19,Student,Pune,College Student,Standard,599,2,1,1,1.0,5.7,11,21,Y,18,UPI,0,Y
L01436,24,HR Executive,Chennai,Working Professional,Pro,999,8,11,6,0.55,9.2,16,1,N,0,Netbanking,1,N
L01437,21,Student,Delhi NCR,College Student,Premium,1499,2,13,8,0.62,4.7,4,24,Y,17,Wallet,2,Y
L01438,30,Sales Executive,Chennai,Working Professional,Basic,299,10,15,12,0.8,8.1,11,18,N,0,Card,0,Y
L01439,44,Retired,Pune,Casual Learner,Standard,599,7,6,1,0.17,0.8,4,21,Y,29,Netbanking,2,Y
L01440,23,Student,Hyderabad,College Student,Standard,599,5,1,0,0.0,5.8,8,32,Y,28,Wallet,5,N
L01441,18,Student,Hyderabad,College Student,Basic,299,2,6,3,0.5,4.6,5,24,N,0,Wallet,2,Y
L01442,25,Part-time Worker,Chennai,Casual Learner,Basic,299,9,2,0,0.0,0.8,1,61,N,0,Netbanking,4,N
L01443,22,Retired,Ahmedabad,Casual Learner,Standard,599,2,12,3,0.25,1.6,2,90,N,0,UPI,2,N
L01444,21,Student,Chennai,College Student,Standard,599,3,2,1,0.5,3.6,9,36,Y,15,Wallet,0,N
L01445,32,Freelancer,Hyderabad,Casual Learner,Standard,599,1,14,5,0.36,1.0,3,75,N,0,Netbanking,4,N
L01446,24,Data Analyst,Bengaluru,Working Professional,Standard,599,1,6,4,0.67,6.8,8,16,N,0,Netbanking,3,Y
L01447,32,Ex-Operations,Mumbai,Career Switcher,Standard,599,8,15,11,0.73,7.2,11,0,N,0,UPI,1,Y
L01448,31,Marketing Executive,Ahmedabad,Working Professional,Basic,299,10,7,5,0.71,5.0,12,12,N,0,Wallet,0,Y
L01449,23,Manager,Ahmedabad,Certification Seeker,Standard,599,3,8,5,0.62,3.1,12,21,N,0,Card,2,Y
L01450,37,Ex-Operations,Ahmedabad,Career Switcher,Pro,999,6,14,10,0.71,9.2,11,13,N,0,UPI,1,N
L01451,43,Student,Ahmedabad,Casual Learner,Basic,299,4,13,5,0.38,1.1,6,62,Y,10,UPI,5,N
L01452,29,Ex-Operations,Hyderabad,Career Switcher,Pro,999,12,5,3,0.6,5.6,13,14,N,0,Netbanking,1,Y
L01453,31,Retired,Mumbai,Casual Learner,Standard,599,9,6,2,0.33,2.6,4,83,Y,19,UPI,5,N
L01454,22,Student,Delhi NCR,College Student,Standard,599,8,4,2,0.5,3.5,10,8,Y,24,Card,1,Y
L01455,18,Student,Chennai,College Student,Standard,599,8,3,1,0.33,5.0,5,31,Y,16,Netbanking,1,Y
L01456,34,Consultant,Mumbai,Certification Seeker,Standard,599,2,13,10,0.77,7.2,6,6,Y,5,Card,1,N
L01457,45,Software Engineer,Bengaluru,Power Learner,Premium,1499,5,2,2,1.0,11.8,26,2,Y,10,UPI,1,Y
L01458,22,Consultant,Bengaluru,Certification Seeker,Standard,599,4,1,1,1.0,5.2,6,10,N,0,Card,0,Y
L01459,27,Analyst,Pune,Certification Seeker,Standard,599,4,13,10,0.77,7.3,13,5,N,0,Card,0,Y
L01460,21,Entrepreneur,Chennai,Power Learner,Pro,999,3,10,8,0.8,18.8,29,2,N,0,Card,0,Y
L01461,21,Student,Bengaluru,College Student,Basic,299,10,1,0,0.0,2.8,10,14,Y,25,Wallet,1,Y
L01462,30,Sales Executive,Ahmedabad,Working Professional,Pro,999,3,6,4,0.67,6.7,10,17,N,0,Wallet,2,Y
L01463,36,Ex-Teacher,Jaipur,Career Switcher,Pro,999,9,7,5,0.71,11.0,14,9,N,0,Netbanking,1,N
L01464,18,Student,Bengaluru,College Student,Standard,599,3,15,10,0.67,6.2,6,11,Y,27,Netbanking,1,Y
L01465,22,Student,Hyderabad,College Student,Basic,299,3,1,0,0.0,4.4,7,15,N,0,Card,3,Y
L01466,20,Student,Chennai,College Student,Pro,999,1,13,6,0.46,2.8,7,21,N,0,UPI,1,N
L01467,34,Ex-Banker,Hyderabad,Career Switcher,Pro,999,4,7,5,0.71,6.3,10,9,N,0,Wallet,0,Y
L01468,36,Unemployed (Upskilling),Hyderabad,Career Switcher,Standard,599,5,1,1,1.0,10.3,9,5,N,0,Netbanking,1,Y
L01469,26,Software Engineer,Bengaluru,Certification Seeker,Standard,599,8,10,7,0.7,5.0,7,15,N,0,Card,0,N
L01470,33,Data Analyst,Bengaluru,Working Professional,Pro,999,8,7,4,0.57,6.1,9,18,N,0,Card,0,Y
L01471,21,Student,Ahmedabad,College Student,Pro,999,5,7,4,0.57,5.3,6,32,Y,12,Card,0,N
L01472,31,Marketing Executive,Mumbai,Working Professional,Basic,299,10,3,2,0.67,5.0,16,8,N,0,Card,1,Y
L01473,23,Student,Chennai,College Student,Basic,299,6,11,4,0.36,2.7,7,8,Y,15,UPI,5,N
L01474,33,Sales Executive,Delhi NCR,Working Professional,Standard,599,10,3,2,0.67,9.8,13,8,N,0,Card,2,Y
L01475,28,Unemployed (Upskilling),Delhi NCR,Career Switcher,Pro,999,1,7,5,0.71,7.1,16,15,N,0,Wallet,0,N
L01476,27,Manager,Chennai,Certification Seeker,Basic,299,10,9,7,0.78,7.7,8,10,N,0,Wallet,1,Y
L01477,34,HR Executive,Chennai,Working Professional,Pro,999,9,6,5,0.83,5.2,16,5,N,0,Wallet,0,Y
L01478,23,Student,Ahmedabad,College Student,Standard,599,11,4,2,0.5,6.1,6,23,N,0,Netbanking,2,Y
L01479,30,Unemployed (Upskilling),Delhi NCR,Career Switcher,Standard,599,6,13,8,0.62,5.1,9,5,N,0,Wallet,1,N
L01480,34,Data Scientist,Ahmedabad,Power Learner,Pro,999,5,3,2,0.67,18.8,30,0,N,0,Card,2,Y
L01481,30,Unemployed (Upskilling),Mumbai,Career Switcher,Pro,999,10,12,7,0.58,9.9,14,12,N,0,Card,3,Y
L01482,20,Student,Chennai,College Student,Basic,299,3,4,1,0.25,2.5,8,2,N,0,UPI,1,N
L01483,19,Student,Delhi NCR,College Student,Basic,299,8,1,1,1.0,2.7,13,14,N,0,Wallet,0,N
L01484,21,Student,Chennai,College Student,Basic,299,7,1,1,1.0,2.8,14,26,Y,19,Card,1,Y
L01485,40,Student,Mumbai,Casual Learner,Basic,299,6,2,0,0.0,1.3,2,45,Y,19,Card,2,N
L01486,19,Student,Bengaluru,College Student,Basic,299,10,4,2,0.5,3.8,5,27,N,0,Wallet,2,Y
L01487,21,Freelancer,Jaipur,Casual Learner,Basic,299,8,7,2,0.29,2.8,4,86,N,0,UPI,4,N
L01488,20,Student,Delhi NCR,College Student,Standard,599,1,14,8,0.57,7.7,10,4,Y,20,Wallet,0,N
L01489,37,Consultant,Delhi NCR,Certification Seeker,Standard,599,3,8,6,0.75,3.2,8,9,N,0,Netbanking,0,N
L01490,20,Student,Ahmedabad,College Student,Standard,599,4,10,5,0.5,5.5,10,36,N,0,UPI,1,Y
L01491,32,Data Analyst,Hyderabad,Working Professional,Standard,599,3,3,2,0.67,6.5,8,8,Y,9,Netbanking,0,Y
L01492,20,Consultant,Hyderabad,Power Learner,Premium,1499,6,5,5,1.0,16.3,25,3,Y,9,Netbanking,0,Y
L01493,25,Ex-Teacher,Hyderabad,Career Switcher,Pro,999,2,14,8,0.57,6.8,14,1,N,0,Wallet,0,Y
L01494,32,Data Analyst,Pune,Working Professional,Standard,599,1,8,6,0.75,6.4,14,2,N,0,Netbanking,1,Y
L01495,31,Marketing Executive,Ahmedabad,Working Professional,Pro,999,7,15,11,0.73,7.3,9,11,N,0,Netbanking,0,N
L01496,21,Student,Bengaluru,College Student,Basic,299,9,14,9,0.64,4.2,4,29,N,0,UPI,2,N
L01497,30,Software Engineer,Chennai,Working Professional,Premium,1499,4,10,8,0.8,8.2,15,8,N,0,Card,0,Y
L01498,31,Ex-Teacher,Ahmedabad,Career Switcher,Pro,999,2,7,5,0.71,8.8,10,5,N,0,Wallet,1,N
L01499,39,Unemployed (Upskilling),Ahmedabad,Career Switcher,Standard,599,9,13,8,0.62,10.3,18,1,N,0,Wallet,1,Y
L01500,40,Part-time Worker,Jaipur,Casual Learner,Premium,1499,1,14,6,0.43,3.1,3,61,N,0,Netbanking,1,N
L01501,21,Student,Pune,College Student,Standard,599,9,11,8,0.73,5.0,5,34,N,0,UPI,1,Y
L01502,18,Student,Ahmedabad,College Student,Standard,599,10,13,7,0.54,8.5,14,0,N,0,Card,0,Y
L01503,30,Ex-Operations,Bengaluru,Career Switcher,Pro,999,7,8,5,0.62,9.9,11,7,N,0,UPI,3,N
L01504,28,Marketing Executive,Ahmedabad,Working Professional,Pro,999,3,2,2,1.0,4.2,16,7,N,0,Card,1,Y
L01505,39,Software Engineer,Bengaluru,Power Learner,Pro,999,10,7,5,0.71,16.1,26,3,N,0,UPI,1,Y
L01506,24,Data Analyst,Pune,Working Professional,Premium,1499,9,9,6,0.67,5.0,12,7,N,0,Netbanking,1,N
L01507,43,Homemaker,Jaipur,Casual Learner,Standard,599,2,7,2,0.29,1.9,5,20,N,0,Netbanking,2,N
L01508,34,HR Executive,Mumbai,Working Professional,Standard,599,11,6,4,0.67,9.1,10,20,Y,14,UPI,0,Y
L01509,26,Manager,Pune,Certification Seeker,Basic,299,1,9,7,0.78,4.0,14,20,N,0,UPI,1,Y
L01510,19,Student,Delhi NCR,College Student,Standard,599,5,1,1,1.0,7.8,12,20,N,0,UPI,1,Y
L01511,33,Data Analyst,Delhi NCR,Working Professional,Pro,999,8,1,1,1.0,7.8,9,2,N,0,UPI,1,Y
L01512,21,Student,Ahmedabad,College Student,Basic,299,9,2,1,0.5,2.2,6,1,Y,23,Card,3,Y
L01513,30,Analyst,Pune,Certification Seeker,Standard,599,10,9,6,0.67,4.9,8,20,N,0,Wallet,0,Y
L01514,23,Student,Delhi NCR,College Student,Basic,299,11,10,6,0.6,8.1,7,26,Y,29,Card,3,Y
L01515,22,Student,Jaipur,College Student,Basic,299,12,8,5,0.62,2.4,13,24,Y,28,Netbanking,1,Y
L01516,23,Student,Mumbai,College Student,Basic,299,4,2,1,0.5,6.9,10,16,N,0,Wallet,2,N
L01517,18,Student,Ahmedabad,College Student,Standard,599,5,6,2,0.33,7.9,12,34,N,0,Wallet,4,Y
L01518,35,Sales Executive,Ahmedabad,Working Professional,Standard,599,4,7,4,0.57,9.8,11,13,N,0,Wallet,2,Y
L01519,22,Student,Jaipur,College Student,Pro,999,11,3,2,0.67,8.3,6,3,N,0,Wallet,1,Y
L01520,33,Marketing Executive,Mumbai,Working Professional,Standard,599,7,3,2,0.67,4.4,15,18,Y,8,Card,1,Y
L01521,41,Retired,Ahmedabad,Casual Learner,Basic,299,8,13,3,0.23,3.0,4,43,Y,16,Card,3,N
L01522,20,Student,Bengaluru,College Student,Basic,299,10,3,1,0.33,5.7,7,38,Y,11,UPI,3,Y
L01523,39,Ex-Operations,Delhi NCR,Career Switcher,Pro,999,12,11,8,0.73,10.2,9,9,N,0,UPI,1,Y
L01524,31,Ex-Marketer,Bengaluru,Career Switcher,Basic,299,9,11,6,0.55,10.7,15,10,N,0,Wallet,1,Y
L01525,38,Ex-Marketer,Ahmedabad,Career Switcher,Standard,599,12,6,5,0.83,10.5,10,9,N,0,Card,0,Y
L01526,19,Student,Jaipur,College Student,Premium,1499,7,9,7,0.78,6.3,5,39,N,0,Wallet,0,N
L01527,26,Ex-Marketer,Ahmedabad,Career Switcher,Pro,999,1,15,9,0.6,5.6,18,11,Y,11,Wallet,0,N
L01528,29,Sales Executive,Delhi NCR,Working Professional,Pro,999,11,13,8,0.62,9.5,12,0,N,0,Wallet,2,Y
L01529,19,Student,Hyderabad,College Student,Standard,599,10,8,3,0.38,4.2,10,6,Y,14,Card,1,Y
L01530,21,Data Scientist,Ahmedabad,Power Learner,Standard,599,10,6,5,0.83,17.6,22,0,N,0,UPI,0,Y
L01531,21,Student,Hyderabad,College Student,Basic,299,3,5,3,0.6,7.7,8,17,Y,10,Netbanking,3,Y
L01532,32,Sales Executive,Delhi NCR,Working Professional,Pro,999,6,2,1,0.5,9.9,8,15,N,0,UPI,3,Y
L01533,42,Consultant,Bengaluru,Power Learner,Premium,1499,4,6,5,0.83,19.6,22,2,N,0,Netbanking,0,Y
L01534,20,Student,Chennai,College Student,Basic,299,12,8,6,0.75,2.6,5,20,Y,24,Wallet,1,Y
L01535,37,Ex-Teacher,Jaipur,Career Switcher,Pro,999,1,13,10,0.77,5.4,8,7,Y,8,Netbanking,0,Y
L01536,44,Data Scientist,Delhi NCR,Power Learner,Pro,999,9,3,3,1.0,10.2,23,3,N,0,UPI,0,Y
L01537,39,Manager,Pune,Certification Seeker,Pro,999,12,3,2,0.67,6.7,13,17,N,0,Card,2,Y
L01538,31,Manager,Hyderabad,Certification Seeker,Pro,999,12,15,10,0.67,4.2,12,4,Y,15,Netbanking,2,Y
L01539,32,Software Engineer,Ahmedabad,Working Professional,Pro,999,9,1,1,1.0,8.3,16,15,N,0,UPI,0,Y
L01540,34,Ex-Banker,Bengaluru,Career Switcher,Basic,299,11,2,1,0.5,11.0,10,12,N,0,Netbanking,2,Y
L01541,30,Marketing Executive,Delhi NCR,Working Professional,Pro,999,2,8,5,0.62,7.6,14,1,N,0,Card,1,Y
L01542,21,Student,Jaipur,College Student,Standard,599,5,12,7,0.58,4.5,8,18,N,0,UPI,1,N
L01543,24,Manager,Bengaluru,Certification Seeker,Standard,599,12,5,3,0.6,3.4,11,23,N,0,Wallet,3,N
L01544,21,Student,Hyderabad,College Student,Basic,299,10,1,0,0.0,4.6,4,23,Y,18,Netbanking,1,Y
L01545,32,Sales Executive,Mumbai,Working Professional,Standard,599,7,1,1,1.0,7.1,8,10,N,0,UPI,1,Y
L01546,24,Data Analyst,Mumbai,Working Professional,Standard,599,9,5,4,0.8,9.3,9,20,N,0,UPI,0,N
L01547,28,Ex-Banker,Mumbai,Career Switcher,Pro,999,4,10,5,0.5,9.5,10,11,N,0,Card,1,N
L01548,29,HR Executive,Jaipur,Working Professional,Pro,999,6,3,2,0.67,5.4,9,18,N,0,UPI,0,Y
L01549,26,Ex-Banker,Jaipur,Career Switcher,Standard,599,8,5,3,0.6,11.5,18,10,N,0,Card,0,Y
L01550,37,Student,Pune,Casual Learner,Pro,999,4,2,1,0.5,2.3,1,22,N,0,Wallet,2,N
L01551,34,Ex-Marketer,Chennai,Career Switcher,Pro,999,7,8,4,0.5,6.1,10,11,N,0,UPI,2,N
L01552,27,Sales Executive,Bengaluru,Working Professional,Pro,999,3,5,3,0.6,5.9,14,0,N,0,Card,3,N
L01553,26,Marketing Executive,Chennai,Working Professional,Pro,999,2,4,2,0.5,6.2,13,0,N,0,UPI,3,Y
L01554,20,Retired,Jaipur,Casual Learner,Standard,599,6,1,0,0.0,2.0,3,87,Y,14,Netbanking,1,N
L01555,34,Ex-Operations,Pune,Career Switcher,Basic,299,7,13,7,0.54,11.8,13,6,N,0,Wallet,0,Y
L01556,33,Software Engineer,Ahmedabad,Working Professional,Standard,599,12,6,4,0.67,9.6,14,18,N,0,UPI,1,Y
L01557,33,Sales Executive,Pune,Working Professional,Pro,999,9,8,5,0.62,6.8,16,0,Y,7,Card,3,N
L01558,20,Part-time Worker,Pune,Casual Learner,Basic,299,1,10,2,0.2,3.3,1,43,Y,20,Card,2,N
L01559,23,Student,Hyderabad,College Student,Standard,599,3,3,1,0.33,3.5,10,18,N,0,Card,3,Y
L01560,21,Student,Ahmedabad,College Student,Standard,599,10,15,8,0.53,6.6,8,10,Y,29,Card,1,Y
L01561,26,Software Engineer,Delhi NCR,Certification Seeker,Standard,599,3,1,1,1.0,3.1,7,8,Y,11,Card,0,Y
L01562,27,Data Analyst,Jaipur,Working Professional,Pro,999,10,11,6,0.55,7.5,10,19,N,0,Netbanking,0,Y
L01563,20,Student,Ahmedabad,College Student,Basic,299,8,4,2,0.5,4.3,13,38,N,0,Card,0,Y
L01564,30,Student,Hyderabad,Casual Learner,Basic,299,3,8,3,0.38,1.1,4,39,Y,19,Card,1,Y
L01565,40,Homemaker,Ahmedabad,Casual Learner,Basic,299,5,9,1,0.11,3.1,1,76,Y,15,UPI,3,N
L01566,22,Student,Delhi NCR,College Student,Standard,599,2,12,6,0.5,7.1,4,40,Y,11,Wallet,2,Y
L01567,38,Ex-Operations,Chennai,Career Switcher,Pro,999,7,1,1,1.0,8.2,10,11,N,0,Wallet,0,Y
L01568,23,Student,Hyderabad,College Student,Standard,599,11,13,9,0.69,8.9,14,25,Y,18,UPI,2,Y
L01569,22,Student,Hyderabad,College Student,Basic,299,4,14,9,0.64,8.9,13,31,Y,16,UPI,2,N
L01570,31,Homemaker,Chennai,Casual Learner,Standard,599,1,7,1,0.14,3.5,5,46,N,0,Wallet,3,N
L01571,19,Student,Ahmedabad,College Student,Basic,299,2,15,9,0.6,3.1,12,37,Y,23,UPI,2,N
L01572,35,Ex-Banker,Pune,Career Switcher,Basic,299,12,12,8,0.67,5.5,18,14,N,0,Card,1,N
L01573,34,Student,Jaipur,Casual Learner,Basic,299,11,12,4,0.33,1.1,4,79,Y,27,Card,2,N
L01574,40,Ex-Teacher,Chennai,Career Switcher,Pro,999,5,2,1,0.5,5.5,16,1,N,0,Card,2,Y
L01575,28,Sales Executive,Pune,Working Professional,Standard,599,11,10,7,0.7,5.9,14,14,N,0,Wallet,0,N
L01576,25,Unemployed (Upskilling),Jaipur,Career Switcher,Standard,599,7,3,2,0.67,10.6,8,1,N,0,Wallet,3,Y
L01577,20,Student,Chennai,College Student,Standard,599,11,15,8,0.53,5.5,8,21,Y,18,Netbanking,2,N
L01578,26,Data Analyst,Jaipur,Working Professional,Standard,599,1,9,6,0.67,4.0,14,16,N,0,Wallet,1,Y
L01579,18,Student,Ahmedabad,College Student,Basic,299,6,5,3,0.6,2.7,6,16,Y,20,Wallet,2,Y
L01580,44,Freelancer,Hyderabad,Casual Learner,Basic,299,9,14,5,0.36,4.0,1,85,Y,19,UPI,1,N
L01581,33,Data Scientist,Mumbai,Power Learner,Premium,1499,5,9,9,1.0,18.1,24,1,N,0,UPI,0,Y
L01582,41,Homemaker,Hyderabad,Casual Learner,Basic,299,10,11,2,0.18,3.2,3,28,N,0,Wallet,1,N
L01583,31,HR Executive,Jaipur,Working Professional,Standard,599,5,4,3,0.75,6.0,10,17,N,0,Netbanking,0,Y
L01584,36,Consultant,Chennai,Certification Seeker,Pro,999,7,1,1,1.0,6.8,13,9,N,0,Wallet,0,Y
L01585,35,Unemployed (Upskilling),Mumbai,Career Switcher,Standard,599,7,11,6,0.55,5.0,17,8,N,0,UPI,1,N
L01586,32,HR Executive,Delhi NCR,Working Professional,Standard,599,5,5,3,0.6,7.7,8,14,Y,7,Wallet,3,Y
L01587,39,Ex-Marketer,Chennai,Career Switcher,Premium,1499,2,15,11,0.73,9.6,9,13,N,0,Card,0,Y
L01588,29,Unemployed (Upskilling),Chennai,Career Switcher,Pro,999,9,7,4,0.57,11.1,16,8,Y,11,Card,1,N
L01589,35,Data Analyst,Ahmedabad,Working Professional,Pro,999,5,9,6,0.67,5.0,14,15,N,0,Wallet,1,N
L01590,26,HR Executive,Hyderabad,Working Professional,Pro,999,11,13,8,0.62,9.5,9,11,N,0,UPI,3,Y
L01591,19,Student,Chennai,College Student,Standard,599,10,1,1,1.0,4.2,13,35,N,0,Card,0,Y
L01592,25,Retired,Bengaluru,Casual Learner,Basic,299,9,4,2,0.5,3.8,1,39,Y,27,UPI,0,N
L01593,31,Student,Pune,Casual Learner,Standard,599,12,15,2,0.13,2.4,6,77,N,0,Wallet,4,N
L01594,20,Retired,Ahmedabad,Casual Learner,Basic,299,6,15,7,0.47,1.2,5,29,N,0,UPI,3,N
L01595,25,Data Analyst,Bengaluru,Working Professional,Standard,599,10,10,7,0.7,4.3,12,11,N,0,Wallet,0,Y
L01596,33,Unemployed (Upskilling),Jaipur,Career Switcher,Pro,999,9,7,5,0.71,5.2,10,0,Y,7,Wallet,0,Y
L01597,22,Analyst,Bengaluru,Certification Seeker,Standard,599,9,14,11,0.79,3.5,14,16,N,0,UPI,0,N
L01598,21,Student,Ahmedabad,College Student,Basic,299,10,3,2,0.67,2.3,5,3,Y,26,Card,3,Y
L01599,29,Analyst,Ahmedabad,Certification Seeker,Pro,999,10,1,1,1.0,7.5,6,7,N,0,Netbanking,1,Y
L01600,32,Marketing Executive,Hyderabad,Working Professional,Standard,599,12,2,1,0.5,6.7,15,14,N,0,Card,0,Y
