Learner_ID,Learner_Segment,Current_Plan,Current_Fee,Completion_Rate,Weekly_Hours,Last_Login_Days,Renewed_Last_Cycle,Recommended_Action,Recommended_Discount_Pct,Reason
L00001,Career Switcher,Standard,599,1,5.7,2,Y,Referral Program Candidate,0,Highly active (logged in 2 day(s) ago) with 100.0% completion - strong advocate potential
L00002,Casual Learner,Basic,299,0.33,3.2,74,N,High Churn Risk - Win-Back Offer,20,Inactive for 74 days and did not renew last cycle
L00003,Working Professional,Pro,999,0.6,6.8,12,Y,Loyalty Reward (Free Month / 10% Off Renewal),10,Working Professional loyal for 12 months with consistent renewals
L00004,College Student,Pro,999,0.67,4.7,40,N,Verify Extended Student Eligibility,0,Age 19 on Pro - confirm still eligible for extended student pricing
L00005,College Student,Standard,599,0.5,8.9,35,N,No Action - Standard Monitoring,0,No strong signal in either direction - continue standard monitoring
L00006,Casual Learner,Basic,299,0.29,3.6,47,N,Renewal Reminder,0,No login in 47 days
L00007,College Student,Pro,999,0.54,4.5,32,N,CS Outreach Before Upsell,0,High support ticket volume (3) needs resolution first
L00008,Working Professional,Premium,1499,0.77,8.1,17,Y,Recommend Premium,0,Working Professional averaging 8.1 hrs/week with 77.0% completion
L00009,Working Professional,Pro,999,0.75,9.2,20,Y,Recommend Premium,0,Working Professional averaging 9.2 hrs/week with 75.0% completion
L00010,College Student,Basic,299,0.69,8.6,31,Y,No Action - Standard Monitoring,0,No strong signal in either direction - continue standard monitoring
L00011,Certification Seeker,Pro,999,0.88,8,14,Y,Recommend Pro (Certification Value),0,Certification Seeker with 88.0% completion - values credentialing
L00012,College Student,Standard,599,0.5,3.6,21,Y,CS Outreach Before Upsell,0,High support ticket volume (3) needs resolution first
L00013,Working Professional,Basic,299,1,6.1,14,Y,Recommend Premium,0,Working Professional averaging 6.1 hrs/week with 100.0% completion
L00014,Working Professional,Standard,599,0.71,4.8,8,Y,Recommend Premium (Power Usage),0,Completed 10 courses - power usage on a non-Premium plan
L00015,Power Learner,Pro,999,1,14.8,0,Y,Recommend Premium,0,Power Learner with 100.0% completion rate
L00016,Casual Learner,Basic,299,0.17,1.3,89,N,High Churn Risk - Win-Back Offer,20,Inactive for 89 days and did not renew last cycle
L00017,College Student,Standard,599,1,4.8,15,N,Offer Loyalty Discount (10%),10,"Engaged (100.0% completion) but did not renew - likely a price objection, not a satisfaction issue"
L00018,College Student,Basic,299,0.46,6.7,29,N,CS Outreach Before Upsell,0,High support ticket volume (3) needs resolution first
L00019,Career Switcher,Pro,999,0.67,11.5,7,Y,Recommend Pro,0,Career Switcher investing 11.5 hrs/week - high intent to reskill
L00020,Career Switcher,Standard,599,0.5,10.2,8,Y,Recommend Pro,0,Career Switcher investing 10.2 hrs/week - high intent to reskill
L00021,College Student,Standard,599,0.67,2,40,Y,No Action - Standard Monitoring,0,No strong signal in either direction - continue standard monitoring
L00022,Power Learner,Premium,1499,0.83,15.5,1,Y,Recommend Premium,0,Power Learner with 83.0% completion rate
L00023,College Student,Premium,1499,0.77,3.1,10,Y,Student Discount (15%),15,College Student with strong 77.0% completion - budget-sensitive segment
L00024,Working Professional,Standard,599,0.64,4.6,15,N,Maintain Current Plan - Monitor,0,"Steady mid-range engagement (64.0% completion, 4.6 hrs/week) - no action needed yet"
L00025,Certification Seeker,Standard,599,0.86,7.3,11,Y,Recommend Pro (Certification Value),0,Certification Seeker with 86.0% completion - values credentialing
L00026,Power Learner,Pro,999,0.89,13.5,3,Y,Recommend Premium,0,Power Learner with 89.0% completion rate
L00027,Working Professional,Standard,599,0.64,9.7,19,Y,CS Outreach Before Upsell,0,High support ticket volume (3) needs resolution first
L00028,Casual Learner,Basic,299,0.21,2.9,58,N,CS Outreach Before Upsell,0,High support ticket volume (5) needs resolution first
L00029,Working Professional,Pro,999,0.73,5,9,Y,Loyalty Reward (Free Month / 10% Off Renewal),10,Working Professional loyal for 12 months with consistent renewals
L00030,College Student,Basic,299,0.55,6.3,29,Y,CS Outreach Before Upsell,0,High support ticket volume (3) needs resolution first
L00031,College Student,Standard,599,0.25,3.2,29,Y,CS Outreach Before Upsell,0,High support ticket volume (4) needs resolution first
L00032,Working Professional,Premium,1499,0.78,7.7,13,Y,Recommend Premium,0,Working Professional averaging 7.7 hrs/week with 78.0% completion
L00033,Casual Learner,Basic,299,0.17,2,56,N,Renewal Reminder,0,No login in 56 days
L00034,Casual Learner,Basic,299,0.14,2.4,27,Y,CS Outreach Before Upsell,0,High support ticket volume (5) needs resolution first
L00035,College Student,Pro,999,0.75,5.8,38,Y,Student Discount (15%),15,College Student with strong 75.0% completion - budget-sensitive segment
L00036,Career Switcher,Premium,1499,0.57,8.7,0,Y,Recommend Pro,0,Career Switcher investing 8.7 hrs/week - high intent to reskill
L00037,College Student,Basic,299,0.33,3.8,30,N,Do Not Extend Discount Next Cycle,0,Received 29% discount but only 33.0% completion - discount not driving engagement
L00038,Career Switcher,Pro,999,0.7,6.1,15,Y,No Action - Standard Monitoring,0,No strong signal in either direction - continue standard monitoring
L00039,College Student,Pro,999,0.57,6.1,36,Y,No Action - Standard Monitoring,0,No strong signal in either direction - continue standard monitoring
L00040,Casual Learner,Standard,599,0.17,3.2,88,N,CS Outreach Before Upsell,20,High support ticket volume (4) needs resolution first
L00041,College Student,Basic,299,0.6,5.7,17,Y,Maintain Current Plan - Monitor,0,"Steady mid-range engagement (60.0% completion, 5.7 hrs/week) - no action needed yet"
L00042,College Student,Basic,299,0.5,6,24,Y,CS Outreach Before Upsell,0,High support ticket volume (3) needs resolution first
L00043,Casual Learner,Basic,299,0.38,3.8,50,N,CS Outreach Before Upsell,0,High support ticket volume (4) needs resolution first
L00044,Working Professional,Standard,599,0.67,5.5,15,Y,Loyalty Reward (Free Month / 10% Off Renewal),10,Working Professional loyal for 12 months with consistent renewals
L00045,College Student,Standard,599,0.42,2.8,11,N,Do Not Extend Discount Next Cycle,0,Received 24% discount but only 42.0% completion - discount not driving engagement
L00046,Working Professional,Basic,299,0.75,4.8,1,N,Offer Loyalty Discount (10%),10,"Engaged (75.0% completion) but did not renew - likely a price objection, not a satisfaction issue"
L00047,Career Switcher,Standard,599,0.71,6.8,3,Y,No Action - Standard Monitoring,0,No strong signal in either direction - continue standard monitoring
L00048,Career Switcher,Standard,599,0.71,9.2,7,N,Recommend Pro,10,Career Switcher investing 9.2 hrs/week - high intent to reskill
L00049,Power Learner,Premium,1499,0.67,16.3,0,Y,No Action - Standard Monitoring,0,No strong signal in either direction - continue standard monitoring
L00050,Casual Learner,Basic,299,0.33,1.5,29,Y,CS Outreach Before Upsell,0,High support ticket volume (4) needs resolution first
L00051,College Student,Basic,299,0.75,7.5,36,Y,Recommend Upgrade to Standard,15,On Basic but logging in 13x/month with 75.0% completion
L00052,Working Professional,Premium,1499,0.55,5.9,0,Y,Loyalty Reward (Free Month / 10% Off Renewal),10,Working Professional loyal for 12 months with consistent renewals
L00053,Casual Learner,Pro,999,0.5,4,82,N,High Churn Risk - Win-Back Offer,20,Inactive for 82 days and did not renew last cycle
L00054,Casual Learner,Basic,299,0.43,1.4,71,Y,CS Outreach Before Upsell,0,High support ticket volume (3) needs resolution first
L00055,Working Professional,Pro,999,0.67,5.6,9,N,Maintain Current Plan - Monitor,0,"Steady mid-range engagement (67.0% completion, 5.6 hrs/week) - no action needed yet"
L00056,Working Professional,Basic,299,0.75,6.8,20,Y,Recommend Premium,0,Working Professional averaging 6.8 hrs/week with 75.0% completion
L00057,Working Professional,Pro,999,0.8,5.1,4,N,Offer Loyalty Discount (10%),10,"Engaged (80.0% completion) but did not renew - likely a price objection, not a satisfaction issue"
L00058,Working Professional,Pro,999,0.62,10,4,N,CS Outreach Before Upsell,0,High support ticket volume (3) needs resolution first
L00059,Certification Seeker,Pro,999,0.86,3.2,22,N,Recommend Pro (Certification Value),10,Certification Seeker with 86.0% completion - values credentialing
L00060,College Student,Pro,999,0.57,2.7,0,Y,No Action - Standard Monitoring,0,No strong signal in either direction - continue standard monitoring
L00061,Power Learner,Premium,1499,0.87,18.6,2,Y,Recommend Premium,0,Power Learner with 87.0% completion rate
L00062,Casual Learner,Basic,299,0.25,3.2,32,Y,Low-Intent Discount User - No Further Discount,0,"Coupon user with low 25.0% completion - signals low intent, not price sensitivity"
L00063,Working Professional,Pro,999,0.8,5,19,Y,No Action - Standard Monitoring,0,No strong signal in either direction - continue standard monitoring
L00064,Career Switcher,Premium,1499,0.5,11.3,5,Y,CS Outreach Before Upsell,0,High support ticket volume (3) needs resolution first
L00065,Working Professional,Premium,1499,0.67,5.4,18,Y,Maintain Current Plan - Monitor,0,"Steady mid-range engagement (67.0% completion, 5.4 hrs/week) - no action needed yet"
L00066,Certification Seeker,Pro,999,0.8,6,7,N,Offer Loyalty Discount (10%),10,"Engaged (80.0% completion) but did not renew - likely a price objection, not a satisfaction issue"
L00067,Career Switcher,Pro,999,0.67,5.9,10,N,Maintain Current Plan - Monitor,0,"Steady mid-range engagement (67.0% completion, 5.9 hrs/week) - no action needed yet"
L00068,College Student,Standard,599,0.67,8.7,14,Y,No Action - Standard Monitoring,0,No strong signal in either direction - continue standard monitoring
L00069,Working Professional,Pro,999,0.64,8.5,18,Y,Loyalty Reward (Free Month / 10% Off Renewal),10,Working Professional loyal for 11 months with consistent renewals
L00070,Career Switcher,Pro,999,1,10.8,13,Y,Recommend Pro,0,Career Switcher investing 10.8 hrs/week - high intent to reskill
L00071,College Student,Standard,599,0.58,8.6,26,Y,CS Outreach Before Upsell,0,High support ticket volume (3) needs resolution first
L00072,Certification Seeker,Standard,599,0.83,7.8,3,Y,Recommend Pro (Certification Value),0,Certification Seeker with 83.0% completion - values credentialing
L00073,College Student,Standard,599,0.75,6.5,3,Y,Student Discount (15%),15,College Student with strong 75.0% completion - budget-sensitive segment
L00074,Career Switcher,Pro,999,0.69,5,4,Y,Maintain Current Plan - Monitor,0,"Steady mid-range engagement (69.0% completion, 5 hrs/week) - no action needed yet"
L00075,Casual Learner,Basic,299,0.25,0.7,73,N,CS Outreach Before Upsell,20,High support ticket volume (5) needs resolution first
L00076,Working Professional,Pro,999,1,7.1,20,Y,Recommend Premium,10,Working Professional averaging 7.1 hrs/week with 100.0% completion
L00077,Working Professional,Standard,599,0.78,4.4,19,Y,No Action - Standard Monitoring,0,No strong signal in either direction - continue standard monitoring
L00078,Career Switcher,Pro,999,0.5,7.9,12,Y,No Action - Standard Monitoring,0,No strong signal in either direction - continue standard monitoring
L00079,College Student,Standard,599,0.6,5,8,Y,Maintain Current Plan - Monitor,0,"Steady mid-range engagement (60.0% completion, 5 hrs/week) - no action needed yet"
L00080,Certification Seeker,Pro,999,0.62,3.5,6,N,Maintain Current Plan - Monitor,0,"Steady mid-range engagement (62.0% completion, 3.5 hrs/week) - no action needed yet"
L00081,Working Professional,Pro,999,0.73,9.8,0,Y,Recommend Premium,10,Working Professional averaging 9.8 hrs/week with 73.0% completion
L00082,Casual Learner,Basic,299,0.18,2.5,28,Y,CS Outreach Before Upsell,0,High support ticket volume (5) needs resolution first
L00083,Working Professional,Standard,599,0.62,8.7,1,Y,No Action - Standard Monitoring,0,No strong signal in either direction - continue standard monitoring
L00084,Working Professional,Standard,599,0.64,4.7,3,Y,Loyalty Reward (Free Month / 10% Off Renewal),10,Working Professional loyal for 9 months with consistent renewals
L00085,Power Learner,Pro,999,1,17.7,2,Y,Recommend Premium,0,Power Learner with 100.0% completion rate
L00086,Career Switcher,Basic,299,0.79,5.3,14,Y,Recommend Premium (Power Usage),0,Completed 11 courses - power usage on a non-Premium plan
L00087,Working Professional,Premium,1499,0.57,8.8,11,Y,No Action - Standard Monitoring,0,No strong signal in either direction - continue standard monitoring
L00088,Working Professional,Pro,999,0.73,7.1,16,Y,Recommend Premium (Power Usage),0,Completed 11 courses - power usage on a non-Premium plan
L00089,College Student,Standard,599,0.5,2.5,31,N,No Action - Standard Monitoring,0,No strong signal in either direction - continue standard monitoring
L00090,Career Switcher,Pro,999,0.5,7.1,1,Y,No Action - Standard Monitoring,0,No strong signal in either direction - continue standard monitoring
L00091,Certification Seeker,Standard,599,0.9,7.8,14,Y,Recommend Pro (Certification Value),0,Certification Seeker with 90.0% completion - values credentialing
L00092,Power Learner,Premium,1499,0.75,15,0,Y,No Action - Standard Monitoring,0,No strong signal in either direction - continue standard monitoring
L00093,Working Professional,Pro,999,0.71,6,3,Y,Loyalty Reward (Free Month / 10% Off Renewal),10,Working Professional loyal for 11 months with consistent renewals
L00094,Career Switcher,Standard,599,0.67,11.6,12,Y,CS Outreach Before Upsell,0,High support ticket volume (3) needs resolution first
L00095,College Student,Basic,299,0.36,3.3,9,N,CS Outreach Before Upsell,0,High support ticket volume (3) needs resolution first
L00096,Career Switcher,Standard,599,0.5,10.4,14,Y,CS Outreach Before Upsell,0,High support ticket volume (3) needs resolution first
L00097,Casual Learner,Basic,299,0.2,3.9,44,N,CS Outreach Before Upsell,0,High support ticket volume (3) needs resolution first
L00098,Working Professional,Pro,999,0.67,9.2,20,Y,No Action - Standard Monitoring,0,No strong signal in either direction - continue standard monitoring
L00099,Casual Learner,Standard,599,0.4,3.8,77,N,High Churn Risk - Win-Back Offer,20,Inactive for 77 days and did not renew last cycle
L00100,College Student,Pro,999,0.33,6.5,8,Y,CS Outreach Before Upsell,0,High support ticket volume (4) needs resolution first
L00101,College Student,Basic,299,0.54,5.8,33,Y,Maintain Current Plan - Monitor,0,"Steady mid-range engagement (54.0% completion, 5.8 hrs/week) - no action needed yet"
L00102,Casual Learner,Standard,599,0.33,2.6,85,N,High Churn Risk - Win-Back Offer,20,Inactive for 85 days and did not renew last cycle
L00103,College Student,Basic,299,0.36,5.8,35,N,CS Outreach Before Upsell,0,High support ticket volume (3) needs resolution first
L00104,Working Professional,Pro,999,0.56,4.6,4,N,CS Outreach Before Upsell,0,High support ticket volume (3) needs resolution first
L00105,Working Professional,Pro,999,0.8,4.2,1,Y,Recommend Premium (Power Usage),0,Completed 12 courses - power usage on a non-Premium plan
L00106,Casual Learner,Standard,599,0.17,3.5,54,N,CS Outreach Before Upsell,0,High support ticket volume (4) needs resolution first
L00107,College Student,Pro,999,0.4,3.9,27,Y,Maintain Current Plan - Monitor,0,"Steady mid-range engagement (40.0% completion, 3.9 hrs/week) - no action needed yet"
L00108,College Student,Basic,299,0.5,5,22,Y,CS Outreach Before Upsell,0,High support ticket volume (3) needs resolution first
L00109,Power Learner,Pro,999,0.91,16.8,1,Y,Recommend Premium,0,Power Learner with 91.0% completion rate
L00110,Casual Learner,Pro,999,0.5,2.6,77,N,High Churn Risk - Win-Back Offer,20,Inactive for 77 days and did not renew last cycle
L00111,Career Switcher,Pro,999,0.6,8.6,3,Y,Recommend Pro,0,Career Switcher investing 8.6 hrs/week - high intent to reskill
L00112,Power Learner,Premium,1499,0.93,11.7,0,Y,Recommend Premium,0,Power Learner with 93.0% completion rate
L00113,Working Professional,Pro,999,0.62,5.3,4,N,CS Outreach Before Upsell,0,High support ticket volume (3) needs resolution first
L00114,Career Switcher,Pro,999,0.71,10,13,Y,Recommend Premium (Power Usage),0,Completed 10 courses - power usage on a non-Premium plan
L00115,Working Professional,Standard,599,0.67,7.8,4,Y,Recommend Premium (Power Usage),10,Completed 10 courses - power usage on a non-Premium plan
L00116,College Student,Pro,999,0.44,8.3,16,Y,Do Not Extend Discount Next Cycle,0,Received 23% discount but only 44.0% completion - discount not driving engagement
L00117,Career Switcher,Pro,999,0.55,5.3,2,Y,Maintain Current Plan - Monitor,0,"Steady mid-range engagement (55.0% completion, 5.3 hrs/week) - no action needed yet"
L00118,Working Professional,Premium,1499,0.62,5.7,15,Y,CS Outreach Before Upsell,10,High support ticket volume (3) needs resolution first
L00119,College Student,Standard,599,0.64,6.2,20,Y,No Action - Standard Monitoring,0,No strong signal in either direction - continue standard monitoring
L00120,Working Professional,Standard,599,0.64,5.7,19,Y,Maintain Current Plan - Monitor,0,"Steady mid-range engagement (64.0% completion, 5.7 hrs/week) - no action needed yet"
L00121,College Student,Pro,999,0.5,2.2,32,Y,No Action - Standard Monitoring,0,No strong signal in either direction - continue standard monitoring
L00122,Certification Seeker,Pro,999,0.71,3.7,23,Y,No Action - Standard Monitoring,0,No strong signal in either direction - continue standard monitoring
L00123,College Student,Basic,299,0.5,7.4,39,Y,No Action - Standard Monitoring,0,No strong signal in either direction - continue standard monitoring
L00124,Working Professional,Pro,999,0.67,4.2,15,N,Maintain Current Plan - Monitor,0,"Steady mid-range engagement (67.0% completion, 4.2 hrs/week) - no action needed yet"
L00125,Working Professional,Pro,999,0.8,9,15,Y,Recommend Premium,10,Working Professional averaging 9 hrs/week with 80.0% completion
L00126,College Student,Standard,599,0,8.8,36,N,CS Outreach Before Upsell,0,High support ticket volume (5) needs resolution first
L00127,Career Switcher,Basic,299,0.67,5.8,14,Y,CS Outreach Before Upsell,0,High support ticket volume (3) needs resolution first
L00128,Career Switcher,Pro,999,0.67,7.3,15,Y,No Action - Standard Monitoring,0,No strong signal in either direction - continue standard monitoring
L00129,Career Switcher,Standard,599,0.8,7,7,Y,Recommend Upgrade to Pro,0,On Standard but completing 80.0% at 7 hrs/week - outgrowing current plan
L00130,Working Professional,Standard,599,0.85,7.3,11,N,Recommend Premium (Power Usage),10,Completed 11 courses - power usage on a non-Premium plan
L00131,Career Switcher,Pro,999,0.5,11.5,4,N,Recommend Pro,0,Career Switcher investing 11.5 hrs/week - high intent to reskill
L00132,Career Switcher,Pro,999,0.56,8.3,4,Y,CS Outreach Before Upsell,0,High support ticket volume (3) needs resolution first
L00133,Certification Seeker,Pro,999,0.6,4.6,24,Y,Maintain Current Plan - Monitor,0,"Steady mid-range engagement (60.0% completion, 4.6 hrs/week) - no action needed yet"
L00134,Certification Seeker,Standard,599,0.6,7.8,1,Y,No Action - Standard Monitoring,0,No strong signal in either direction - continue standard monitoring
L00135,Career Switcher,Standard,599,1,7.3,8,Y,Recommend Upgrade to Pro,0,On Standard but completing 100.0% at 7.3 hrs/week - outgrowing current plan
L00136,Certification Seeker,Basic,299,0.75,3.5,15,N,Offer Loyalty Discount (10%),10,"Engaged (75.0% completion) but did not renew - likely a price objection, not a satisfaction issue"
L00137,Working Professional,Standard,599,0.67,8.2,3,Y,No Action - Standard Monitoring,0,No strong signal in either direction - continue standard monitoring
L00138,Power Learner,Premium,1499,0.89,11.5,2,Y,Recommend Premium,0,Power Learner with 89.0% completion rate
L00139,Career Switcher,Pro,999,0.56,5.5,3,Y,Maintain Current Plan - Monitor,0,"Steady mid-range engagement (56.0% completion, 5.5 hrs/week) - no action needed yet"
L00140,Certification Seeker,Pro,999,0.88,3.5,14,Y,Recommend Pro (Certification Value),0,Certification Seeker with 88.0% completion - values credentialing
L00141,Working Professional,Pro,999,0.67,5.3,1,Y,CS Outreach Before Upsell,10,High support ticket volume (3) needs resolution first
L00142,Working Professional,Premium,1499,0.55,6.7,12,Y,No Action - Standard Monitoring,0,No strong signal in either direction - continue standard monitoring
L00143,Power Learner,Premium,1499,0.86,19.8,3,Y,Recommend Premium,0,Power Learner with 86.0% completion rate
L00144,College Student,Standard,599,0.5,6.3,15,Y,No Action - Standard Monitoring,0,No strong signal in either direction - continue standard monitoring
L00145,College Student,Standard,599,0.67,3,14,Y,Maintain Current Plan - Monitor,0,"Steady mid-range engagement (67.0% completion, 3 hrs/week) - no action needed yet"
L00146,College Student,Basic,299,0.57,5.9,11,N,Maintain Current Plan - Monitor,0,"Steady mid-range engagement (57.0% completion, 5.9 hrs/week) - no action needed yet"
L00147,Career Switcher,Standard,599,0.5,6.3,15,N,CS Outreach Before Upsell,0,High support ticket volume (3) needs resolution first
L00148,Career Switcher,Pro,999,0.79,6.4,2,Y,Recommend Premium (Power Usage),0,Completed 11 courses - power usage on a non-Premium plan
L00149,Career Switcher,Pro,999,0.64,10.1,6,Y,Recommend Pro,0,Career Switcher investing 10.1 hrs/week - high intent to reskill
L00150,College Student,Pro,999,0.67,6.2,25,Y,No Action - Standard Monitoring,0,No strong signal in either direction - continue standard monitoring
L00151,Working Professional,Pro,999,0.71,6.8,6,Y,Recommend Premium,10,Working Professional averaging 6.8 hrs/week with 71.0% completion
L00152,Certification Seeker,Standard,599,0.73,4.2,15,Y,No Action - Standard Monitoring,0,No strong signal in either direction - continue standard monitoring
L00153,Casual Learner,Standard,599,0.29,1.1,27,Y,Engagement Nudge - Stay on Basic,0,Casual Learner with low 29.0% completion - keep expectations low-commitment
L00154,Certification Seeker,Basic,299,0.8,5.3,19,Y,Recommend Premium (Power Usage),0,Completed 12 courses - power usage on a non-Premium plan
L00155,Career Switcher,Pro,999,0.67,8.8,0,N,Recommend Pro,0,Career Switcher investing 8.8 hrs/week - high intent to reskill
L00156,Career Switcher,Pro,999,0.75,10.6,11,Y,Recommend Pro,0,Career Switcher investing 10.6 hrs/week - high intent to reskill
L00157,Certification Seeker,Standard,599,0.62,5.4,22,N,Maintain Current Plan - Monitor,0,"Steady mid-range engagement (62.0% completion, 5.4 hrs/week) - no action needed yet"
L00158,Certification Seeker,Standard,599,1,6.4,17,Y,Recommend Pro (Certification Value),0,Certification Seeker with 100.0% completion - values credentialing
L00159,Casual Learner,Basic,299,0.23,1.3,89,N,CS Outreach Before Upsell,20,High support ticket volume (5) needs resolution first
L00160,Working Professional,Pro,999,0.6,7.6,10,Y,CS Outreach Before Upsell,0,High support ticket volume (3) needs resolution first
L00161,Career Switcher,Pro,999,0.75,7.7,9,Y,No Action - Standard Monitoring,0,No strong signal in either direction - continue standard monitoring
L00162,Working Professional,Premium,1499,0.67,6.2,3,Y,No Action - Standard Monitoring,0,No strong signal in either direction - continue standard monitoring
L00163,Working Professional,Premium,1499,0.78,5.8,2,Y,No Action - Standard Monitoring,0,No strong signal in either direction - continue standard monitoring
L00164,College Student,Standard,599,0.46,3.2,26,N,CS Outreach Before Upsell,0,High support ticket volume (3) needs resolution first
L00165,College Student,Basic,299,0.67,4.3,24,Y,Recommend Upgrade to Standard,0,On Basic but logging in 13x/month with 67.0% completion
L00166,Power Learner,Pro,999,1,19.7,3,Y,Recommend Premium,0,Power Learner with 100.0% completion rate
L00167,Working Professional,Pro,999,0.88,5.1,0,Y,Loyalty Reward (Free Month / 10% Off Renewal),10,Working Professional loyal for 9 months with consistent renewals
L00168,Certification Seeker,Standard,599,0.71,4.2,22,Y,No Action - Standard Monitoring,0,No strong signal in either direction - continue standard monitoring
L00169,Certification Seeker,Pro,999,0.82,6,3,Y,Recommend Pro (Certification Value),0,Certification Seeker with 82.0% completion - values credentialing
L00170,Career Switcher,Standard,599,0.57,6.8,7,N,No Action - Standard Monitoring,0,No strong signal in either direction - continue standard monitoring
L00171,Working Professional,Standard,599,0.75,4.9,10,Y,Loyalty Reward (Free Month / 10% Off Renewal),10,Working Professional loyal for 12 months with consistent renewals
L00172,Casual Learner,Basic,299,0.33,0.9,33,Y,CS Outreach Before Upsell,0,High support ticket volume (5) needs resolution first
L00173,College Student,Basic,299,0.57,6.4,40,N,CS Outreach Before Upsell,0,High support ticket volume (3) needs resolution first
L00174,Working Professional,Standard,599,0.57,8.9,18,Y,Loyalty Reward (Free Month / 10% Off Renewal),10,Working Professional loyal for 12 months with consistent renewals
L00175,College Student,Standard,599,0.5,4.7,22,N,Maintain Current Plan - Monitor,0,"Steady mid-range engagement (50.0% completion, 4.7 hrs/week) - no action needed yet"
L00176,Working Professional,Standard,599,0.7,4.8,13,Y,Loyalty Reward (Free Month / 10% Off Renewal),10,Working Professional loyal for 12 months with consistent renewals
L00177,Casual Learner,Basic,299,0,1.2,26,N,CS Outreach Before Upsell,0,High support ticket volume (5) needs resolution first
L00178,Working Professional,Pro,999,0.54,6.9,18,Y,No Action - Standard Monitoring,0,No strong signal in either direction - continue standard monitoring
L00179,Working Professional,Pro,999,0.83,7.4,17,Y,Recommend Premium,0,Working Professional averaging 7.4 hrs/week with 83.0% completion
L00180,Power Learner,Premium,1499,1,14.5,0,Y,Recommend Premium,0,Power Learner with 100.0% completion rate
L00181,Career Switcher,Standard,599,0.67,10.5,1,N,Recommend Pro,0,Career Switcher investing 10.5 hrs/week - high intent to reskill
L00182,Working Professional,Standard,599,0.57,9.5,20,N,No Action - Standard Monitoring,0,No strong signal in either direction - continue standard monitoring
L00183,Career Switcher,Pro,999,0.58,8.2,2,N,CS Outreach Before Upsell,0,High support ticket volume (3) needs resolution first
L00184,Working Professional,Pro,999,0.71,6.1,17,Y,Recommend Premium,10,Working Professional averaging 6.1 hrs/week with 71.0% completion
L00185,Working Professional,Pro,999,0.62,8.7,1,N,No Action - Standard Monitoring,0,No strong signal in either direction - continue standard monitoring
L00186,College Student,Basic,299,0.4,8.4,19,Y,No Action - Standard Monitoring,0,No strong signal in either direction - continue standard monitoring
L00187,Working Professional,Standard,599,0.75,8.4,13,Y,Recommend Premium,0,Working Professional averaging 8.4 hrs/week with 75.0% completion
L00188,Working Professional,Pro,999,0.75,9.9,4,Y,Recommend Premium,0,Working Professional averaging 9.9 hrs/week with 75.0% completion
L00189,Certification Seeker,Pro,999,0.64,3.7,18,N,Maintain Current Plan - Monitor,0,"Steady mid-range engagement (64.0% completion, 3.7 hrs/week) - no action needed yet"
L00190,Career Switcher,Premium,1499,0.57,10.3,12,Y,Recommend Pro,0,Career Switcher investing 10.3 hrs/week - high intent to reskill
L00191,College Student,Standard,599,0.5,8.1,33,N,No Action - Standard Monitoring,0,No strong signal in either direction - continue standard monitoring
L00192,Casual Learner,Basic,299,0,2.7,87,N,High Churn Risk - Win-Back Offer,20,Inactive for 87 days and did not renew last cycle
L00193,Certification Seeker,Pro,999,1,3.1,0,Y,Recommend Pro (Certification Value),0,Certification Seeker with 100.0% completion - values credentialing
L00194,Working Professional,Basic,299,0.5,7.2,8,Y,Loyalty Reward (Free Month / 10% Off Renewal),10,Working Professional loyal for 9 months with consistent renewals
L00195,Working Professional,Pro,999,0.6,9.7,1,Y,Loyalty Reward (Free Month / 10% Off Renewal),10,Working Professional loyal for 12 months with consistent renewals
L00196,Casual Learner,Basic,299,0.44,3,83,N,High Churn Risk - Win-Back Offer,20,Inactive for 83 days and did not renew last cycle
L00197,Casual Learner,Standard,599,0.2,1.7,54,N,CS Outreach Before Upsell,0,High support ticket volume (4) needs resolution first
L00198,Working Professional,Standard,599,1,8.6,7,Y,Recommend Premium,0,Working Professional averaging 8.6 hrs/week with 100.0% completion
L00199,Working Professional,Pro,999,0.71,8.4,7,Y,Recommend Premium,10,Working Professional averaging 8.4 hrs/week with 71.0% completion
L00200,Career Switcher,Standard,599,0.79,11.9,2,Y,Recommend Premium (Power Usage),0,Completed 11 courses - power usage on a non-Premium plan
L00201,Working Professional,Pro,999,0.62,8.4,14,Y,No Action - Standard Monitoring,0,No strong signal in either direction - continue standard monitoring
L00202,Certification Seeker,Pro,999,0.86,7.4,0,Y,Recommend Pro (Certification Value),0,Certification Seeker with 86.0% completion - values credentialing
L00203,Power Learner,Premium,1499,0.93,17.1,0,Y,Recommend Premium,0,Power Learner with 93.0% completion rate
L00204,Casual Learner,Basic,299,0.33,0.8,27,N,CS Outreach Before Upsell,0,High support ticket volume (4) needs resolution first
L00205,Casual Learner,Basic,299,0,1,33,N,CS Outreach Before Upsell,0,High support ticket volume (5) needs resolution first
L00206,Casual Learner,Basic,299,0.42,0.8,58,N,Renewal Reminder,0,No login in 58 days
L00207,Casual Learner,Standard,599,0.43,3.4,23,Y,Do Not Extend Discount Next Cycle,0,Received 25% discount but only 43.0% completion - discount not driving engagement
L00208,Casual Learner,Basic,299,0.36,1,67,N,High Churn Risk - Win-Back Offer,20,Inactive for 67 days and did not renew last cycle
L00209,College Student,Basic,299,0.4,2.9,3,Y,Do Not Extend Discount Next Cycle,0,Received 24% discount but only 40.0% completion - discount not driving engagement
L00210,Working Professional,Standard,599,0.75,9.3,19,N,Recommend Premium,10,Working Professional averaging 9.3 hrs/week with 75.0% completion
L00211,Working Professional,Standard,599,0.77,7.9,7,N,Recommend Premium (Power Usage),10,Completed 10 courses - power usage on a non-Premium plan
L00212,Working Professional,Premium,1499,0.6,5.9,5,N,Maintain Current Plan - Monitor,0,"Steady mid-range engagement (60.0% completion, 5.9 hrs/week) - no action needed yet"
L00213,Working Professional,Premium,1499,0.69,5.5,8,Y,Maintain Current Plan - Monitor,0,"Steady mid-range engagement (69.0% completion, 5.5 hrs/week) - no action needed yet"
L00214,Power Learner,Pro,999,0.83,13.2,0,Y,Recommend Premium,0,Power Learner with 83.0% completion rate
L00215,Casual Learner,Basic,299,0.12,0.8,48,N,Renewal Reminder,0,No login in 48 days
L00216,College Student,Basic,299,0.5,8.4,33,Y,No Action - Standard Monitoring,0,No strong signal in either direction - continue standard monitoring
L00217,Working Professional,Pro,999,0.75,8.2,19,Y,Recommend Premium,0,Working Professional averaging 8.2 hrs/week with 75.0% completion
L00218,Casual Learner,Pro,999,0.17,1.9,24,Y,CS Outreach Before Upsell,0,High support ticket volume (5) needs resolution first
L00219,Working Professional,Standard,599,0.83,5,20,Y,No Action - Standard Monitoring,0,No strong signal in either direction - continue standard monitoring
L00220,College Student,Basic,299,0.57,7.1,26,Y,No Action - Standard Monitoring,0,No strong signal in either direction - continue standard monitoring
L00221,College Student,Basic,299,0.5,2.5,24,N,No Action - Standard Monitoring,0,No strong signal in either direction - continue standard monitoring
L00222,Career Switcher,Premium,1499,0.5,9.3,5,N,CS Outreach Before Upsell,0,High support ticket volume (3) needs resolution first
L00223,Casual Learner,Standard,599,0.29,1.3,70,N,CS Outreach Before Upsell,20,High support ticket volume (4) needs resolution first
L00224,Certification Seeker,Basic,299,0.8,6.2,15,N,Recommend Upgrade to Pro,10,On Basic but completing 80.0% at 6.2 hrs/week - outgrowing current plan
L00225,College Student,Basic,299,0.5,4.6,2,N,Maintain Current Plan - Monitor,0,"Steady mid-range engagement (50.0% completion, 4.6 hrs/week) - no action needed yet"
L00226,Career Switcher,Premium,1499,0.71,6.6,12,Y,No Action - Standard Monitoring,0,No strong signal in either direction - continue standard monitoring
L00227,College Student,Basic,299,0.67,3.2,13,N,Maintain Current Plan - Monitor,0,"Steady mid-range engagement (67.0% completion, 3.2 hrs/week) - no action needed yet"
L00228,Career Switcher,Basic,299,0.67,7.8,8,Y,Recommend Premium (Power Usage),0,Completed 10 courses - power usage on a non-Premium plan
L00229,College Student,Standard,599,0.8,7.5,22,Y,Recommend Upgrade to Pro,15,On Standard but completing 80.0% at 7.5 hrs/week - outgrowing current plan
L00230,Working Professional,Basic,299,0.8,8.1,15,Y,Recommend Premium (Power Usage),0,Completed 12 courses - power usage on a non-Premium plan
L00231,Certification Seeker,Standard,599,0.8,5.2,8,Y,No Action - Standard Monitoring,0,No strong signal in either direction - continue standard monitoring
L00232,Certification Seeker,Standard,599,0.64,3.3,12,Y,Maintain Current Plan - Monitor,0,"Steady mid-range engagement (64.0% completion, 3.3 hrs/week) - no action needed yet"
L00233,Certification Seeker,Standard,599,0.89,6.5,11,Y,Recommend Pro (Certification Value),0,Certification Seeker with 89.0% completion - values credentialing
L00234,Working Professional,Pro,999,0.57,6.1,2,Y,No Action - Standard Monitoring,0,No strong signal in either direction - continue standard monitoring
L00235,Career Switcher,Premium,1499,1,5.1,5,Y,Referral Program Candidate,0,Highly active (logged in 5 day(s) ago) with 100.0% completion - strong advocate potential
L00236,Working Professional,Standard,599,0.56,8.1,18,Y,No Action - Standard Monitoring,0,No strong signal in either direction - continue standard monitoring
L00237,College Student,Standard,599,0.44,3.8,19,N,CS Outreach Before Upsell,0,High support ticket volume (3) needs resolution first
L00238,Casual Learner,Premium,1499,0.4,3.7,69,N,High Churn Risk - Win-Back Offer,20,Inactive for 69 days and did not renew last cycle
L00239,College Student,Standard,599,0.5,7.9,11,N,No Action - Standard Monitoring,0,No strong signal in either direction - continue standard monitoring
L00240,College Student,Standard,599,0.5,4.6,18,N,CS Outreach Before Upsell,0,High support ticket volume (3) needs resolution first
L00241,Working Professional,Standard,599,0.7,4.8,10,Y,Maintain Current Plan - Monitor,0,"Steady mid-range engagement (70.0% completion, 4.8 hrs/week) - no action needed yet"
L00242,Casual Learner,Basic,299,0.25,1.6,20,N,CS Outreach Before Upsell,0,High support ticket volume (5) needs resolution first
L00243,Working Professional,Pro,999,0.56,6.6,12,N,No Action - Standard Monitoring,0,No strong signal in either direction - continue standard monitoring
L00244,Career Switcher,Standard,599,0.6,7.2,12,Y,No Action - Standard Monitoring,0,No strong signal in either direction - continue standard monitoring
L00245,Career Switcher,Standard,599,0.8,7.5,5,Y,Recommend Premium (Power Usage),0,Completed 12 courses - power usage on a non-Premium plan
L00246,Power Learner,Pro,999,1,16.5,3,Y,Recommend Premium,0,Power Learner with 100.0% completion rate
L00247,Career Switcher,Pro,999,0.75,5.9,15,Y,No Action - Standard Monitoring,0,No strong signal in either direction - continue standard monitoring
L00248,College Student,Basic,299,0.46,5.6,7,N,Maintain Current Plan - Monitor,0,"Steady mid-range engagement (46.0% completion, 5.6 hrs/week) - no action needed yet"
L00249,Power Learner,Pro,999,1,15,3,Y,Recommend Premium,0,Power Learner with 100.0% completion rate
L00250,College Student,Pro,999,0.5,3.6,16,Y,Maintain Current Plan - Monitor,0,"Steady mid-range engagement (50.0% completion, 3.6 hrs/week) - no action needed yet"
L00251,Career Switcher,Premium,1499,0.6,5.1,5,Y,Maintain Current Plan - Monitor,0,"Steady mid-range engagement (60.0% completion, 5.1 hrs/week) - no action needed yet"
L00252,Working Professional,Premium,1499,0.77,9,13,Y,Recommend Premium,0,Working Professional averaging 9 hrs/week with 77.0% completion
L00253,Certification Seeker,Pro,999,1,6.1,15,Y,Recommend Pro (Certification Value),0,Certification Seeker with 100.0% completion - values credentialing
L00254,Career Switcher,Premium,1499,0.67,11.1,3,Y,CS Outreach Before Upsell,0,High support ticket volume (3) needs resolution first
L00255,Certification Seeker,Standard,599,0.83,7.3,2,Y,Recommend Pro (Certification Value),0,Certification Seeker with 83.0% completion - values credentialing
L00256,Career Switcher,Basic,299,0.75,10.6,2,Y,Recommend Pro,0,Career Switcher investing 10.6 hrs/week - high intent to reskill
L00257,Working Professional,Pro,999,0.73,9.8,16,N,Recommend Premium,10,Working Professional averaging 9.8 hrs/week with 73.0% completion
L00258,Casual Learner,Basic,299,0.5,2.6,66,N,High Churn Risk - Win-Back Offer,20,Inactive for 66 days and did not renew last cycle
L00259,Career Switcher,Pro,999,0.75,11.3,4,Y,Recommend Pro,0,Career Switcher investing 11.3 hrs/week - high intent to reskill
L00260,College Student,Standard,599,0.36,7,26,Y,CS Outreach Before Upsell,0,High support ticket volume (4) needs resolution first
L00261,Career Switcher,Pro,999,0.77,8.9,15,N,Recommend Premium (Power Usage),10,Completed 10 courses - power usage on a non-Premium plan
L00262,College Student,Basic,299,0.5,8.4,17,Y,No Action - Standard Monitoring,0,No strong signal in either direction - continue standard monitoring
L00263,Career Switcher,Pro,999,0.6,9.4,6,Y,Recommend Pro,0,Career Switcher investing 9.4 hrs/week - high intent to reskill
L00264,Casual Learner,Basic,299,0.33,2.5,73,N,CS Outreach Before Upsell,20,High support ticket volume (4) needs resolution first
L00265,Career Switcher,Basic,299,0.67,6.4,9,N,No Action - Standard Monitoring,0,No strong signal in either direction - continue standard monitoring
L00266,College Student,Standard,599,1,4.7,18,N,Offer Loyalty Discount (10%),10,"Engaged (100.0% completion) but did not renew - likely a price objection, not a satisfaction issue"
L00267,Power Learner,Premium,1499,1,16.2,1,Y,Recommend Premium,0,Power Learner with 100.0% completion rate
L00268,Power Learner,Premium,1499,0.86,11.9,0,Y,Recommend Premium,0,Power Learner with 86.0% completion rate
L00269,Certification Seeker,Pro,999,0.6,3.2,19,N,CS Outreach Before Upsell,0,High support ticket volume (3) needs resolution first
L00270,Career Switcher,Premium,1499,0.67,5.5,5,N,Maintain Current Plan - Monitor,0,"Steady mid-range engagement (67.0% completion, 5.5 hrs/week) - no action needed yet"
L00271,Career Switcher,Standard,599,0.5,8.7,0,Y,Recommend Pro,0,Career Switcher investing 8.7 hrs/week - high intent to reskill
L00272,Working Professional,Pro,999,0.67,4.1,11,N,Maintain Current Plan - Monitor,0,"Steady mid-range engagement (67.0% completion, 4.1 hrs/week) - no action needed yet"
L00273,College Student,Basic,299,0.45,5.7,4,Y,Maintain Current Plan - Monitor,0,"Steady mid-range engagement (45.0% completion, 5.7 hrs/week) - no action needed yet"
L00274,Certification Seeker,Basic,299,0.62,4.7,2,N,Maintain Current Plan - Monitor,0,"Steady mid-range engagement (62.0% completion, 4.7 hrs/week) - no action needed yet"
L00275,Working Professional,Standard,599,0.7,8,0,Y,No Action - Standard Monitoring,0,No strong signal in either direction - continue standard monitoring
L00276,Working Professional,Standard,599,0.5,6.3,15,Y,No Action - Standard Monitoring,0,No strong signal in either direction - continue standard monitoring
L00277,Certification Seeker,Standard,599,1,5.9,17,Y,Recommend Pro (Certification Value),0,Certification Seeker with 100.0% completion - values credentialing
L00278,Career Switcher,Standard,599,0.73,6.4,1,Y,Recommend Premium (Power Usage),0,Completed 11 courses - power usage on a non-Premium plan
L00279,College Student,Pro,999,0.4,2.9,15,Y,CS Outreach Before Upsell,0,High support ticket volume (3) needs resolution first
L00280,Career Switcher,Pro,999,0.75,6.2,7,N,Offer Loyalty Discount (10%),10,"Engaged (75.0% completion) but did not renew - likely a price objection, not a satisfaction issue"
L00281,College Student,Standard,599,0.36,7.4,35,N,No Action - Standard Monitoring,0,No strong signal in either direction - continue standard monitoring
L00282,College Student,Pro,999,0.5,6.4,37,N,CS Outreach Before Upsell,0,High support ticket volume (3) needs resolution first
L00283,College Student,Basic,299,0.55,5.6,23,Y,Maintain Current Plan - Monitor,0,"Steady mid-range engagement (55.0% completion, 5.6 hrs/week) - no action needed yet"
L00284,College Student,Pro,999,0.33,3.5,14,Y,CS Outreach Before Upsell,0,High support ticket volume (4) needs resolution first
L00285,Working Professional,Standard,599,0.7,7.8,8,Y,Loyalty Reward (Free Month / 10% Off Renewal),10,Working Professional loyal for 9 months with consistent renewals
L00286,Working Professional,Standard,599,0.53,6.9,19,Y,No Action - Standard Monitoring,0,No strong signal in either direction - continue standard monitoring
L00287,College Student,Basic,299,0.5,7,30,Y,No Action - Standard Monitoring,0,No strong signal in either direction - continue standard monitoring
L00288,Career Switcher,Premium,1499,0.71,5.4,5,N,Offer Loyalty Discount (10%),10,"Engaged (71.0% completion) but did not renew - likely a price objection, not a satisfaction issue"
L00289,College Student,Basic,299,0.56,6.2,11,Y,CS Outreach Before Upsell,0,High support ticket volume (3) needs resolution first
L00290,College Student,Basic,299,0.7,5.7,26,Y,Recommend Upgrade to Standard,0,On Basic but logging in 12x/month with 70.0% completion
L00291,Career Switcher,Pro,999,0.75,9.9,7,Y,Recommend Pro,0,Career Switcher investing 9.9 hrs/week - high intent to reskill
L00292,Casual Learner,Basic,299,0.2,2.2,30,N,Low-Intent Discount User - No Further Discount,0,"Coupon user with low 20.0% completion - signals low intent, not price sensitivity"
L00293,College Student,Standard,599,0.5,4.9,9,Y,Maintain Current Plan - Monitor,0,"Steady mid-range engagement (50.0% completion, 4.9 hrs/week) - no action needed yet"
L00294,Power Learner,Premium,1499,0.8,14.8,3,Y,Recommend Annual Plan,0,Power Learner active for 9 months - strong annual-plan candidate
L00295,Career Switcher,Standard,599,0.55,7.8,1,N,CS Outreach Before Upsell,0,High support ticket volume (3) needs resolution first
L00296,Working Professional,Standard,599,0.78,4.2,12,Y,Loyalty Reward (Free Month / 10% Off Renewal),10,Working Professional loyal for 10 months with consistent renewals
L00297,Working Professional,Standard,599,1,7.1,19,Y,Recommend Premium,10,Working Professional averaging 7.1 hrs/week with 100.0% completion
L00298,College Student,Basic,299,0.58,5.6,5,N,Maintain Current Plan - Monitor,0,"Steady mid-range engagement (58.0% completion, 5.6 hrs/week) - no action needed yet"
L00299,College Student,Pro,999,0.56,2,26,N,No Action - Standard Monitoring,0,No strong signal in either direction - continue standard monitoring
L00300,Casual Learner,Pro,999,0.38,2.2,63,Y,CS Outreach Before Upsell,0,High support ticket volume (4) needs resolution first
L00301,College Student,Standard,599,0.36,8.7,34,Y,CS Outreach Before Upsell,0,High support ticket volume (3) needs resolution first
L00302,Certification Seeker,Standard,599,0.75,4.3,15,Y,No Action - Standard Monitoring,0,No strong signal in either direction - continue standard monitoring
L00303,Certification Seeker,Standard,599,0.57,6.4,19,Y,CS Outreach Before Upsell,0,High support ticket volume (3) needs resolution first
L00304,Working Professional,Standard,599,0.56,5.7,18,Y,Loyalty Reward (Free Month / 10% Off Renewal),10,Working Professional loyal for 9 months with consistent renewals
L00305,Working Professional,Premium,1499,0.5,7.1,0,Y,Loyalty Reward (Free Month / 10% Off Renewal),10,Working Professional loyal for 12 months with consistent renewals
L00306,Certification Seeker,Standard,599,0.71,4.7,15,N,Offer Loyalty Discount (10%),10,"Engaged (71.0% completion) but did not renew - likely a price objection, not a satisfaction issue"
L00307,College Student,Standard,599,0.57,3.9,35,N,CS Outreach Before Upsell,0,High support ticket volume (3) needs resolution first
L00308,College Student,Standard,599,0.5,3.8,3,N,CS Outreach Before Upsell,0,High support ticket volume (3) needs resolution first
L00309,College Student,Basic,299,0.5,5.9,22,N,Maintain Current Plan - Monitor,0,"Steady mid-range engagement (50.0% completion, 5.9 hrs/week) - no action needed yet"
L00310,Working Professional,Pro,999,0.64,9.3,19,Y,No Action - Standard Monitoring,0,No strong signal in either direction - continue standard monitoring
L00311,Career Switcher,Standard,599,0.7,7.2,9,N,No Action - Standard Monitoring,0,No strong signal in either direction - continue standard monitoring
L00312,Certification Seeker,Standard,599,0.67,3.6,21,Y,Maintain Current Plan - Monitor,0,"Steady mid-range engagement (67.0% completion, 3.6 hrs/week) - no action needed yet"
L00313,College Student,Basic,299,0.33,5.7,6,Y,CS Outreach Before Upsell,0,High support ticket volume (3) needs resolution first
L00314,Casual Learner,Basic,299,0.33,0.6,65,N,CS Outreach Before Upsell,20,High support ticket volume (5) needs resolution first
L00315,Career Switcher,Pro,999,0.64,9.4,13,Y,CS Outreach Before Upsell,0,High support ticket volume (3) needs resolution first
L00316,Casual Learner,Basic,299,0.36,1.6,86,N,CS Outreach Before Upsell,20,High support ticket volume (4) needs resolution first
L00317,Working Professional,Pro,999,0.86,7.3,13,N,Recommend Premium,10,Working Professional averaging 7.3 hrs/week with 86.0% completion
L00318,College Student,Standard,599,0.5,7.7,17,Y,No Action - Standard Monitoring,0,No strong signal in either direction - continue standard monitoring
L00319,Working Professional,Standard,599,0.56,7,0,Y,Loyalty Reward (Free Month / 10% Off Renewal),10,Working Professional loyal for 10 months with consistent renewals
L00320,Working Professional,Standard,599,0.75,5.3,9,Y,No Action - Standard Monitoring,0,No strong signal in either direction - continue standard monitoring
L00321,Certification Seeker,Pro,999,0.8,5.7,6,N,Offer Loyalty Discount (10%),10,"Engaged (80.0% completion) but did not renew - likely a price objection, not a satisfaction issue"
L00322,Casual Learner,Standard,599,0.25,1.2,32,Y,CS Outreach Before Upsell,0,High support ticket volume (3) needs resolution first
L00323,Casual Learner,Basic,299,0.5,1.5,26,Y,CS Outreach Before Upsell,0,High support ticket volume (3) needs resolution first
L00324,College Student,Standard,599,0.67,8.8,30,Y,CS Outreach Before Upsell,0,High support ticket volume (3) needs resolution first
L00325,Career Switcher,Pro,999,0.67,8.8,4,Y,CS Outreach Before Upsell,0,High support ticket volume (3) needs resolution first
L00326,College Student,Basic,299,0.5,5.4,35,N,Maintain Current Plan - Monitor,0,"Steady mid-range engagement (50.0% completion, 5.4 hrs/week) - no action needed yet"
L00327,College Student,Standard,599,0,4.1,34,N,No Action - Standard Monitoring,0,No strong signal in either direction - continue standard monitoring
L00328,Career Switcher,Standard,599,0.55,9.6,12,Y,Recommend Pro,0,Career Switcher investing 9.6 hrs/week - high intent to reskill
L00329,Career Switcher,Basic,299,0.5,6.3,6,Y,CS Outreach Before Upsell,0,High support ticket volume (3) needs resolution first
L00330,Casual Learner,Basic,299,0.43,0.7,82,N,High Churn Risk - Win-Back Offer,20,Inactive for 82 days and did not renew last cycle
L00331,Certification Seeker,Pro,999,0.5,5.6,9,N,Maintain Current Plan - Monitor,0,"Steady mid-range engagement (50.0% completion, 5.6 hrs/week) - no action needed yet"
L00332,Career Switcher,Pro,999,0.69,8.9,13,N,CS Outreach Before Upsell,0,High support ticket volume (3) needs resolution first
L00333,Working Professional,Pro,999,0.88,6,17,N,Offer Loyalty Discount (10%),10,"Engaged (88.0% completion) but did not renew - likely a price objection, not a satisfaction issue"
L00334,Working Professional,Pro,999,0.8,7.3,17,N,Recommend Premium,10,Working Professional averaging 7.3 hrs/week with 80.0% completion
L00335,College Student,Standard,599,1,2,13,Y,Student Discount (15%),15,College Student with strong 100.0% completion - budget-sensitive segment
L00336,Working Professional,Standard,599,0.57,5.5,9,Y,Loyalty Reward (Free Month / 10% Off Renewal),10,Working Professional loyal for 10 months with consistent renewals
L00337,Casual Learner,Basic,299,0,0.6,68,N,CS Outreach Before Upsell,20,High support ticket volume (3) needs resolution first
L00338,Working Professional,Pro,999,0.56,6.3,16,Y,Loyalty Reward (Free Month / 10% Off Renewal),10,Working Professional loyal for 11 months with consistent renewals
L00339,Career Switcher,Standard,599,0.62,10.5,4,Y,CS Outreach Before Upsell,0,High support ticket volume (3) needs resolution first
L00340,Working Professional,Pro,999,0.75,6.9,17,Y,Recommend Premium,0,Working Professional averaging 6.9 hrs/week with 75.0% completion
L00341,Working Professional,Standard,599,0.6,6.5,6,N,No Action - Standard Monitoring,0,No strong signal in either direction - continue standard monitoring
L00342,Career Switcher,Pro,999,0.71,6.4,4,N,Recommend Premium (Power Usage),10,Completed 10 courses - power usage on a non-Premium plan
L00343,Certification Seeker,Standard,599,0.75,3.1,23,Y,No Action - Standard Monitoring,0,No strong signal in either direction - continue standard monitoring
L00344,Power Learner,Premium,1499,0.75,15.3,1,Y,Recommend Annual Plan,0,Power Learner active for 11 months - strong annual-plan candidate
L00345,Power Learner,Premium,1499,0.8,13.6,0,Y,Recommend Annual Plan,0,Power Learner active for 11 months - strong annual-plan candidate
L00346,Casual Learner,Basic,299,0.13,3.9,22,Y,Low-Intent Discount User - No Further Discount,0,"Coupon user with low 13.0% completion - signals low intent, not price sensitivity"
L00347,Casual Learner,Premium,1499,0.4,1.5,52,N,Renewal Reminder,0,No login in 52 days
L00348,Working Professional,Pro,999,0.67,9.8,13,Y,Loyalty Reward (Free Month / 10% Off Renewal),10,Working Professional loyal for 9 months with consistent renewals
L00349,College Student,Pro,999,0.53,6.8,8,Y,No Action - Standard Monitoring,0,No strong signal in either direction - continue standard monitoring
L00350,Career Switcher,Pro,999,0.8,10.1,13,N,Recommend Pro,10,Career Switcher investing 10.1 hrs/week - high intent to reskill
L00351,College Student,Standard,599,0.67,3.6,14,Y,CS Outreach Before Upsell,0,High support ticket volume (3) needs resolution first
L00352,Working Professional,Standard,599,0.86,5.4,0,Y,Referral Program Candidate,0,Highly active (logged in 0 day(s) ago) with 86.0% completion - strong advocate potential
L00353,Certification Seeker,Pro,999,0.86,5.1,19,Y,Recommend Pro (Certification Value),0,Certification Seeker with 86.0% completion - values credentialing
L00354,Working Professional,Premium,1499,0.75,7.3,20,N,Recommend Premium,10,Working Professional averaging 7.3 hrs/week with 75.0% completion
L00355,Working Professional,Pro,999,0.75,8.1,14,Y,Recommend Premium,0,Working Professional averaging 8.1 hrs/week with 75.0% completion
L00356,Working Professional,Pro,999,0.67,9.4,2,Y,Loyalty Reward (Free Month / 10% Off Renewal),10,Working Professional loyal for 12 months with consistent renewals
L00357,Casual Learner,Basic,299,0.29,3,40,N,CS Outreach Before Upsell,0,High support ticket volume (5) needs resolution first
L00358,Certification Seeker,Pro,999,0.88,5.1,23,N,Recommend Pro (Certification Value),10,Certification Seeker with 88.0% completion - values credentialing
L00359,Power Learner,Premium,1499,0.8,15.4,3,Y,Recommend Annual Plan,0,Power Learner active for 8 months - strong annual-plan candidate
L00360,Career Switcher,Pro,999,1,10.7,1,Y,Recommend Pro,0,Career Switcher investing 10.7 hrs/week - high intent to reskill
L00361,Career Switcher,Basic,299,0.67,12,9,N,CS Outreach Before Upsell,0,High support ticket volume (3) needs resolution first
L00362,Working Professional,Standard,599,0.62,8.9,17,Y,No Action - Standard Monitoring,0,No strong signal in either direction - continue standard monitoring
L00363,Career Switcher,Standard,599,0.67,11.9,2,Y,CS Outreach Before Upsell,0,High support ticket volume (3) needs resolution first
L00364,Working Professional,Premium,1499,0.69,7.4,20,Y,Loyalty Reward (Free Month / 10% Off Renewal),10,Working Professional loyal for 10 months with consistent renewals
L00365,College Student,Standard,599,0.55,4.9,22,N,Maintain Current Plan - Monitor,0,"Steady mid-range engagement (55.0% completion, 4.9 hrs/week) - no action needed yet"
L00366,Working Professional,Pro,999,0.8,8.1,12,Y,Recommend Premium,0,Working Professional averaging 8.1 hrs/week with 80.0% completion
L00367,Working Professional,Pro,999,0.71,4.8,20,N,Recommend Premium (Power Usage),10,Completed 10 courses - power usage on a non-Premium plan
L00368,Working Professional,Pro,999,0.64,5.9,0,N,Maintain Current Plan - Monitor,0,"Steady mid-range engagement (64.0% completion, 5.9 hrs/week) - no action needed yet"
L00369,Working Professional,Pro,999,0.71,7.4,5,Y,Recommend Premium (Power Usage),0,Completed 10 courses - power usage on a non-Premium plan
L00370,College Student,Basic,299,0.38,3.5,11,Y,CS Outreach Before Upsell,0,High support ticket volume (4) needs resolution first
L00371,Casual Learner,Basic,299,0.33,3.1,59,N,CS Outreach Before Upsell,0,High support ticket volume (5) needs resolution first
L00372,College Student,Basic,299,0.6,2.8,2,N,CS Outreach Before Upsell,0,High support ticket volume (3) needs resolution first
L00373,College Student,Standard,599,0.4,6.5,20,Y,No Action - Standard Monitoring,0,No strong signal in either direction - continue standard monitoring
L00374,College Student,Basic,299,0.69,5.8,9,Y,Maintain Current Plan - Monitor,0,"Steady mid-range engagement (69.0% completion, 5.8 hrs/week) - no action needed yet"
L00375,Working Professional,Basic,299,0.57,4.3,1,Y,Loyalty Reward (Free Month / 10% Off Renewal),10,Working Professional loyal for 11 months with consistent renewals
L00376,Casual Learner,Pro,999,0.2,2.5,79,N,CS Outreach Before Upsell,20,High support ticket volume (4) needs resolution first
L00377,College Student,Basic,299,1,8.4,20,Y,Recommend Upgrade to Pro,15,On Basic but completing 100.0% at 8.4 hrs/week - outgrowing current plan
L00378,Working Professional,Pro,999,0.5,8.9,10,Y,CS Outreach Before Upsell,0,High support ticket volume (3) needs resolution first
L00379,College Student,Basic,299,0.71,3.5,27,Y,Recommend Upgrade to Standard,15,On Basic but logging in 13x/month with 71.0% completion
L00380,Career Switcher,Standard,599,1,10.8,9,Y,Recommend Pro,0,Career Switcher investing 10.8 hrs/week - high intent to reskill
L00381,Career Switcher,Premium,1499,0.6,10.7,4,Y,Recommend Pro,0,Career Switcher investing 10.7 hrs/week - high intent to reskill
L00382,Certification Seeker,Pro,999,0.86,8,19,Y,Recommend Pro (Certification Value),0,Certification Seeker with 86.0% completion - values credentialing
L00383,Career Switcher,Standard,599,0.71,11.1,13,Y,Recommend Pro,0,Career Switcher investing 11.1 hrs/week - high intent to reskill
L00384,Career Switcher,Standard,599,0.57,10.9,13,Y,Recommend Pro,0,Career Switcher investing 10.9 hrs/week - high intent to reskill
L00385,College Student,Premium,1499,0.67,2.6,26,Y,No Action - Standard Monitoring,0,No strong signal in either direction - continue standard monitoring
L00386,Working Professional,Standard,599,0.8,7.6,7,N,Recommend Premium,10,Working Professional averaging 7.6 hrs/week with 80.0% completion
L00387,Career Switcher,Premium,1499,0.5,6,8,Y,Maintain Current Plan - Monitor,0,"Steady mid-range engagement (50.0% completion, 6 hrs/week) - no action needed yet"
L00388,Casual Learner,Basic,299,0.27,2.4,80,N,CS Outreach Before Upsell,20,High support ticket volume (3) needs resolution first
L00389,Casual Learner,Standard,599,0.12,3.1,53,N,CS Outreach Before Upsell,0,High support ticket volume (3) needs resolution first
L00390,Career Switcher,Standard,599,0.6,11,8,N,Recommend Pro,0,Career Switcher investing 11 hrs/week - high intent to reskill
L00391,Career Switcher,Pro,999,0.56,10.5,15,N,Recommend Pro,0,Career Switcher investing 10.5 hrs/week - high intent to reskill
L00392,Career Switcher,Pro,999,0.58,9.6,5,N,Recommend Pro,0,Career Switcher investing 9.6 hrs/week - high intent to reskill
L00393,College Student,Standard,599,0.5,7.2,14,Y,No Action - Standard Monitoring,0,No strong signal in either direction - continue standard monitoring
L00394,Casual Learner,Basic,299,0.2,2.7,54,N,CS Outreach Before Upsell,0,High support ticket volume (5) needs resolution first
L00395,Casual Learner,Basic,299,0.27,2.9,60,N,Renewal Reminder,0,No login in 60 days
L00396,Casual Learner,Basic,299,0.45,0.6,27,N,Onboarding Nudge - No Discount,0,"New learner (1 month(s)) with only 1 logins/month - needs onboarding, not a discount"
L00397,College Student,Standard,599,0.6,6,7,N,CS Outreach Before Upsell,0,High support ticket volume (3) needs resolution first
L00398,College Student,Basic,299,1,3.9,24,Y,Student Discount (15%),15,College Student with strong 100.0% completion - budget-sensitive segment
L00399,Power Learner,Premium,1499,1,11.4,1,Y,Recommend Premium,0,Power Learner with 100.0% completion rate
L00400,College Student,Basic,299,0.73,3,0,Y,Recommend Upgrade to Standard,15,On Basic but logging in 14x/month with 73.0% completion
L00401,Working Professional,Standard,599,0.57,8.7,17,Y,Loyalty Reward (Free Month / 10% Off Renewal),10,Working Professional loyal for 12 months with consistent renewals
L00402,Certification Seeker,Standard,599,0.83,8,11,Y,Recommend Pro (Certification Value),0,Certification Seeker with 83.0% completion - values credentialing
L00403,College Student,Standard,599,0.36,6.4,31,Y,Low-Intent Discount User - No Further Discount,0,"Coupon user with low 36.0% completion - signals low intent, not price sensitivity"
L00404,Power Learner,Standard,599,1,16.4,3,Y,Recommend Premium,0,Power Learner with 100.0% completion rate
L00405,Casual Learner,Pro,999,0,1,49,N,Renewal Reminder,0,No login in 49 days
L00406,Certification Seeker,Basic,299,0.6,3.2,25,Y,Maintain Current Plan - Monitor,0,"Steady mid-range engagement (60.0% completion, 3.2 hrs/week) - no action needed yet"
L00407,Casual Learner,Basic,299,0.4,2.9,35,Y,No Action - Standard Monitoring,0,No strong signal in either direction - continue standard monitoring
L00408,Working Professional,Pro,999,0.67,8.2,5,N,Recommend Premium (Power Usage),0,Completed 10 courses - power usage on a non-Premium plan
L00409,Career Switcher,Premium,1499,0.7,5,2,Y,Maintain Current Plan - Monitor,0,"Steady mid-range engagement (70.0% completion, 5 hrs/week) - no action needed yet"
L00410,College Student,Basic,299,0.38,6.3,38,Y,CS Outreach Before Upsell,0,High support ticket volume (3) needs resolution first
L00411,College Student,Premium,1499,0.46,6.3,32,Y,Verify Extended Student Eligibility,0,Age 19 on Premium - confirm still eligible for extended student pricing
L00412,College Student,Basic,299,0.43,8.5,23,Y,Do Not Extend Discount Next Cycle,0,Received 22% discount but only 43.0% completion - discount not driving engagement
L00413,College Student,Standard,599,0.6,5.6,15,N,Maintain Current Plan - Monitor,0,"Steady mid-range engagement (60.0% completion, 5.6 hrs/week) - no action needed yet"
L00414,Certification Seeker,Standard,599,1,6.7,12,N,Recommend Pro (Certification Value),10,Certification Seeker with 100.0% completion - values credentialing
L00415,College Student,Basic,299,0.4,5.2,40,Y,Maintain Current Plan - Monitor,0,"Steady mid-range engagement (40.0% completion, 5.2 hrs/week) - no action needed yet"
L00416,Certification Seeker,Pro,999,0.8,7.4,25,Y,No Action - Standard Monitoring,0,No strong signal in either direction - continue standard monitoring
L00417,Career Switcher,Pro,999,0.57,5.1,7,Y,Maintain Current Plan - Monitor,0,"Steady mid-range engagement (57.0% completion, 5.1 hrs/week) - no action needed yet"
L00418,College Student,Standard,599,0.5,7.7,28,N,CS Outreach Before Upsell,0,High support ticket volume (3) needs resolution first
L00419,College Student,Basic,299,1,4.1,36,N,Offer Loyalty Discount (10%),10,"Engaged (100.0% completion) but did not renew - likely a price objection, not a satisfaction issue"
L00420,Working Professional,Premium,1499,0.57,6.3,16,N,No Action - Standard Monitoring,0,No strong signal in either direction - continue standard monitoring
L00421,Working Professional,Premium,1499,0.5,6.3,19,Y,No Action - Standard Monitoring,0,No strong signal in either direction - continue standard monitoring
L00422,Working Professional,Pro,999,0.67,9.2,7,Y,Recommend Premium (Power Usage),10,Completed 10 courses - power usage on a non-Premium plan
L00423,Working Professional,Pro,999,0.67,8.1,9,N,No Action - Standard Monitoring,0,No strong signal in either direction - continue standard monitoring
L00424,Working Professional,Standard,599,0.75,4.7,3,Y,No Action - Standard Monitoring,0,No strong signal in either direction - continue standard monitoring
L00425,Casual Learner,Basic,299,0.14,2.8,44,N,CS Outreach Before Upsell,0,High support ticket volume (4) needs resolution first
L00426,Career Switcher,Pro,999,0.75,5.9,5,Y,No Action - Standard Monitoring,0,No strong signal in either direction - continue standard monitoring
L00427,Working Professional,Pro,999,0.5,5.1,4,Y,CS Outreach Before Upsell,0,High support ticket volume (3) needs resolution first
L00428,College Student,Premium,1499,0.5,4.6,10,N,CS Outreach Before Upsell,0,High support ticket volume (3) needs resolution first
L00429,Power Learner,Premium,1499,0.8,19.8,2,Y,Recommend Annual Plan,0,Power Learner active for 9 months - strong annual-plan candidate
L00430,College Student,Standard,599,0.62,4.2,39,N,Maintain Current Plan - Monitor,0,"Steady mid-range engagement (62.0% completion, 4.2 hrs/week) - no action needed yet"
L00431,Casual Learner,Basic,299,0.25,2.9,85,N,CS Outreach Before Upsell,20,High support ticket volume (3) needs resolution first
L00432,Casual Learner,Basic,299,0.5,1.7,77,N,CS Outreach Before Upsell,20,High support ticket volume (3) needs resolution first
L00433,Casual Learner,Standard,599,0.29,0.8,58,Y,Renewal Reminder,0,No login in 58 days
L00434,Career Switcher,Pro,999,0.57,9,6,N,Recommend Pro,0,Career Switcher investing 9 hrs/week - high intent to reskill
L00435,Working Professional,Pro,999,0.64,5.3,4,Y,Maintain Current Plan - Monitor,0,"Steady mid-range engagement (64.0% completion, 5.3 hrs/week) - no action needed yet"
L00436,Certification Seeker,Premium,1499,0.5,4.2,24,Y,CS Outreach Before Upsell,0,High support ticket volume (3) needs resolution first
L00437,Certification Seeker,Standard,599,0.67,3.1,5,Y,Maintain Current Plan - Monitor,0,"Steady mid-range engagement (67.0% completion, 3.1 hrs/week) - no action needed yet"
L00438,College Student,Basic,299,0.45,6.5,32,N,No Action - Standard Monitoring,0,No strong signal in either direction - continue standard monitoring
L00439,Certification Seeker,Basic,299,0.6,4.8,0,Y,CS Outreach Before Upsell,0,High support ticket volume (3) needs resolution first
L00440,Certification Seeker,Standard,599,0.78,7,19,Y,Recommend Upgrade to Pro,0,On Standard but completing 78.0% at 7 hrs/week - outgrowing current plan
L00441,College Student,Basic,299,0.5,4.5,38,Y,Maintain Current Plan - Monitor,0,"Steady mid-range engagement (50.0% completion, 4.5 hrs/week) - no action needed yet"
L00442,Casual Learner,Basic,299,0.15,3.9,34,Y,Low-Intent Discount User - No Further Discount,0,"Coupon user with low 15.0% completion - signals low intent, not price sensitivity"
L00443,Career Switcher,Premium,1499,0.69,5.5,0,Y,Maintain Current Plan - Monitor,0,"Steady mid-range engagement (69.0% completion, 5.5 hrs/week) - no action needed yet"
L00444,College Student,Basic,299,0.5,7.5,15,N,No Action - Standard Monitoring,0,No strong signal in either direction - continue standard monitoring
L00445,Power Learner,Premium,1499,1,18.5,2,Y,Recommend Premium,0,Power Learner with 100.0% completion rate
L00446,Power Learner,Premium,1499,0.83,11.2,1,Y,Recommend Premium,0,Power Learner with 83.0% completion rate
L00447,College Student,Standard,599,0.71,3.6,18,Y,Student Discount (15%),15,College Student with strong 71.0% completion - budget-sensitive segment
L00448,Power Learner,Premium,1499,0.83,16.8,1,Y,Recommend Premium,0,Power Learner with 83.0% completion rate
L00449,Power Learner,Pro,999,0.92,17.3,2,Y,Recommend Premium,0,Power Learner with 92.0% completion rate
L00450,Career Switcher,Standard,599,0.64,5.8,15,N,Maintain Current Plan - Monitor,0,"Steady mid-range engagement (64.0% completion, 5.8 hrs/week) - no action needed yet"
L00451,Certification Seeker,Standard,599,0.77,4.6,19,Y,Recommend Premium (Power Usage),0,Completed 10 courses - power usage on a non-Premium plan
L00452,Career Switcher,Pro,999,1,8.8,13,Y,Recommend Pro,0,Career Switcher investing 8.8 hrs/week - high intent to reskill
L00453,College Student,Standard,599,0.7,4.2,31,Y,Maintain Current Plan - Monitor,0,"Steady mid-range engagement (70.0% completion, 4.2 hrs/week) - no action needed yet"
L00454,College Student,Standard,599,0,6.3,18,Y,CS Outreach Before Upsell,0,High support ticket volume (3) needs resolution first
L00455,Casual Learner,Basic,299,0,4,64,N,High Churn Risk - Win-Back Offer,20,Inactive for 64 days and did not renew last cycle
L00456,College Student,Basic,299,0.8,8,32,Y,Recommend Upgrade to Pro,15,On Basic but completing 80.0% at 8 hrs/week - outgrowing current plan
L00457,Working Professional,Standard,599,0.82,5.2,16,N,Offer Loyalty Discount (10%),10,"Engaged (82.0% completion) but did not renew - likely a price objection, not a satisfaction issue"
L00458,College Student,Basic,299,0.7,4.1,25,N,Recommend Upgrade to Standard,0,On Basic but logging in 13x/month with 70.0% completion
L00459,College Student,Basic,299,0.71,6.6,32,Y,Student Discount (15%),15,College Student with strong 71.0% completion - budget-sensitive segment
L00460,College Student,Pro,999,0.55,6.9,36,N,No Action - Standard Monitoring,0,No strong signal in either direction - continue standard monitoring
L00461,Career Switcher,Pro,999,0.69,8.2,4,Y,CS Outreach Before Upsell,0,High support ticket volume (3) needs resolution first
L00462,Certification Seeker,Standard,599,0.71,6.2,21,Y,No Action - Standard Monitoring,0,No strong signal in either direction - continue standard monitoring
L00463,Casual Learner,Basic,299,0,2,45,Y,CS Outreach Before Upsell,0,High support ticket volume (5) needs resolution first
L00464,Certification Seeker,Pro,999,0.86,4.6,2,N,Recommend Pro (Certification Value),10,Certification Seeker with 86.0% completion - values credentialing
L00465,Casual Learner,Basic,299,0.2,3.8,87,N,CS Outreach Before Upsell,20,High support ticket volume (3) needs resolution first
L00466,Casual Learner,Basic,299,0.21,1.1,76,N,CS Outreach Before Upsell,20,High support ticket volume (5) needs resolution first
L00467,Power Learner,Premium,1499,0.83,18.8,2,N,Recommend Premium,10,Power Learner with 83.0% completion rate
L00468,Career Switcher,Pro,999,0.75,9.5,3,N,Recommend Pro,10,Career Switcher investing 9.5 hrs/week - high intent to reskill
L00469,Working Professional,Premium,1499,0.73,5.8,14,Y,No Action - Standard Monitoring,0,No strong signal in either direction - continue standard monitoring
L00470,College Student,Pro,999,0.67,7,10,Y,CS Outreach Before Upsell,0,High support ticket volume (3) needs resolution first
L00471,Casual Learner,Standard,599,0,0.5,59,N,CS Outreach Before Upsell,0,High support ticket volume (5) needs resolution first
L00472,Casual Learner,Standard,599,0.5,1.4,61,N,CS Outreach Before Upsell,20,High support ticket volume (3) needs resolution first
L00473,Certification Seeker,Premium,1499,1,6.1,2,Y,Recommend Pro (Certification Value),0,Certification Seeker with 100.0% completion - values credentialing
L00474,Working Professional,Premium,1499,0.71,9.7,0,Y,Recommend Premium,0,Working Professional averaging 9.7 hrs/week with 71.0% completion
L00475,Casual Learner,Standard,599,0.4,1,47,N,CS Outreach Before Upsell,0,High support ticket volume (3) needs resolution first
L00476,Casual Learner,Basic,299,0.12,3.7,78,N,High Churn Risk - Win-Back Offer,20,Inactive for 78 days and did not renew last cycle
L00477,Casual Learner,Basic,299,0.33,0.7,50,N,Renewal Reminder,0,No login in 50 days
L00478,Career Switcher,Standard,599,0.5,5.3,8,Y,Maintain Current Plan - Monitor,0,"Steady mid-range engagement (50.0% completion, 5.3 hrs/week) - no action needed yet"
L00479,Casual Learner,Basic,299,0.33,3.9,55,N,CS Outreach Before Upsell,0,High support ticket volume (5) needs resolution first
L00480,Certification Seeker,Pro,999,0.89,6.7,24,Y,Recommend Pro (Certification Value),0,Certification Seeker with 89.0% completion - values credentialing
L00481,College Student,Basic,299,0.33,5.3,31,Y,CS Outreach Before Upsell,0,High support ticket volume (4) needs resolution first
L00482,Certification Seeker,Basic,299,0.8,3.9,23,Y,No Action - Standard Monitoring,0,No strong signal in either direction - continue standard monitoring
L00483,Career Switcher,Pro,999,0.55,5.7,0,Y,Maintain Current Plan - Monitor,0,"Steady mid-range engagement (55.0% completion, 5.7 hrs/week) - no action needed yet"
L00484,College Student,Standard,599,0.73,6.2,21,N,Offer Loyalty Discount (10%),10,"Engaged (73.0% completion) but did not renew - likely a price objection, not a satisfaction issue"
L00485,Power Learner,Premium,1499,0.9,12.8,0,Y,Recommend Premium,0,Power Learner with 90.0% completion rate
L00486,Power Learner,Premium,1499,0.91,13.9,2,N,Recommend Premium,10,Power Learner with 91.0% completion rate
L00487,Career Switcher,Pro,999,0.6,8.1,15,Y,Recommend Pro,0,Career Switcher investing 8.1 hrs/week - high intent to reskill
L00488,Working Professional,Pro,999,0.73,8.1,15,Y,Recommend Premium,0,Working Professional averaging 8.1 hrs/week with 73.0% completion
L00489,Certification Seeker,Premium,1499,0.7,7.5,16,Y,No Action - Standard Monitoring,0,No strong signal in either direction - continue standard monitoring
L00490,Working Professional,Standard,599,0.55,4.5,0,Y,CS Outreach Before Upsell,10,High support ticket volume (3) needs resolution first
L00491,Working Professional,Pro,999,0.83,8.5,19,Y,Recommend Premium,0,Working Professional averaging 8.5 hrs/week with 83.0% completion
L00492,Casual Learner,Basic,299,0.12,0.5,21,N,CS Outreach Before Upsell,0,High support ticket volume (3) needs resolution first
L00493,Power Learner,Standard,599,1,10.1,0,Y,Recommend Premium,0,Power Learner with 100.0% completion rate
L00494,Career Switcher,Basic,299,0.53,6,0,Y,CS Outreach Before Upsell,0,High support ticket volume (3) needs resolution first
L00495,Working Professional,Pro,999,0.75,4.3,3,Y,No Action - Standard Monitoring,0,No strong signal in either direction - continue standard monitoring
L00496,Career Switcher,Pro,999,1,9.1,15,Y,Recommend Pro,0,Career Switcher investing 9.1 hrs/week - high intent to reskill
L00497,College Student,Basic,299,1,8.6,28,Y,Recommend Upgrade to Pro,15,On Basic but completing 100.0% at 8.6 hrs/week - outgrowing current plan
L00498,Working Professional,Standard,599,0.82,8.3,13,N,Recommend Premium,10,Working Professional averaging 8.3 hrs/week with 82.0% completion
L00499,Certification Seeker,Pro,999,0.77,3.9,19,Y,Recommend Premium (Power Usage),0,Completed 10 courses - power usage on a non-Premium plan
L00500,Career Switcher,Pro,999,0.67,6.2,1,Y,No Action - Standard Monitoring,0,No strong signal in either direction - continue standard monitoring
L00501,Working Professional,Pro,999,0.5,5.6,16,N,CS Outreach Before Upsell,0,High support ticket volume (3) needs resolution first
L00502,Casual Learner,Standard,599,0.4,2.3,35,N,CS Outreach Before Upsell,0,High support ticket volume (3) needs resolution first
L00503,College Student,Standard,599,1,7.9,26,Y,Recommend Upgrade to Pro,15,On Standard but completing 100.0% at 7.9 hrs/week - outgrowing current plan
L00504,College Student,Standard,599,0.67,3.1,26,N,CS Outreach Before Upsell,0,High support ticket volume (3) needs resolution first
L00505,Power Learner,Premium,1499,0.83,17.2,0,Y,Recommend Premium,0,Power Learner with 83.0% completion rate
L00506,Casual Learner,Pro,999,0.27,3.3,57,N,CS Outreach Before Upsell,0,High support ticket volume (3) needs resolution first
L00507,College Student,Basic,299,0.58,8.2,39,N,No Action - Standard Monitoring,0,No strong signal in either direction - continue standard monitoring
L00508,College Student,Standard,599,0.5,8.2,34,Y,No Action - Standard Monitoring,0,No strong signal in either direction - continue standard monitoring
L00509,Certification Seeker,Pro,999,0.79,6.6,3,Y,Recommend Premium (Power Usage),0,Completed 11 courses - power usage on a non-Premium plan
L00510,Career Switcher,Pro,999,0.6,8.2,7,Y,CS Outreach Before Upsell,0,High support ticket volume (3) needs resolution first
L00511,College Student,Standard,599,0.43,7,5,Y,No Action - Standard Monitoring,0,No strong signal in either direction - continue standard monitoring
L00512,Working Professional,Premium,1499,0.75,7,14,Y,Recommend Premium,10,Working Professional averaging 7 hrs/week with 75.0% completion
L00513,College Student,Pro,999,1,8,13,Y,Student Discount (15%),15,College Student with strong 100.0% completion - budget-sensitive segment
L00514,Working Professional,Basic,299,0.62,4.7,11,N,Recommend Upgrade to Standard,0,On Basic but logging in 12x/month with 62.0% completion
L00515,Working Professional,Pro,999,1,4,11,N,Offer Loyalty Discount (10%),10,"Engaged (100.0% completion) but did not renew - likely a price objection, not a satisfaction issue"
L00516,Casual Learner,Standard,599,0.17,2.7,77,N,CS Outreach Before Upsell,20,High support ticket volume (4) needs resolution first
L00517,Working Professional,Pro,999,0.69,4.5,0,Y,Loyalty Reward (Free Month / 10% Off Renewal),10,Working Professional loyal for 11 months with consistent renewals
L00518,College Student,Standard,599,0,8.3,34,N,Low-Intent Discount User - No Further Discount,0,"Coupon user with low 0.0% completion - signals low intent, not price sensitivity"
L00519,Career Switcher,Pro,999,0.56,7.4,13,Y,No Action - Standard Monitoring,0,No strong signal in either direction - continue standard monitoring
L00520,College Student,Basic,299,0.33,3.1,10,Y,CS Outreach Before Upsell,0,High support ticket volume (4) needs resolution first
L00521,College Student,Pro,999,0.62,2.4,38,Y,Verify Extended Student Eligibility,0,Age 20 on Pro - confirm still eligible for extended student pricing
L00522,Working Professional,Basic,299,0.7,5.4,8,Y,Loyalty Reward (Free Month / 10% Off Renewal),10,Working Professional loyal for 11 months with consistent renewals
L00523,Working Professional,Pro,999,0.71,6.2,7,Y,Recommend Premium,0,Working Professional averaging 6.2 hrs/week with 71.0% completion
L00524,Working Professional,Basic,299,0.86,5.6,12,Y,Recommend Premium (Power Usage),0,Completed 12 courses - power usage on a non-Premium plan
L00525,Career Switcher,Pro,999,0.75,10.8,8,Y,Recommend Pro,0,Career Switcher investing 10.8 hrs/week - high intent to reskill
L00526,Power Learner,Pro,999,0.75,13.4,2,N,Recommend Annual Plan,10,Power Learner active for 6 months - strong annual-plan candidate
L00527,Career Switcher,Pro,999,0.67,5.6,2,Y,Recommend Premium (Power Usage),0,Completed 10 courses - power usage on a non-Premium plan
L00528,Casual Learner,Basic,299,0.25,3.9,79,N,CS Outreach Before Upsell,20,High support ticket volume (3) needs resolution first
L00529,Casual Learner,Standard,599,0.12,1.3,66,N,High Churn Risk - Win-Back Offer,20,Inactive for 66 days and did not renew last cycle
L00530,Certification Seeker,Pro,999,0.82,3.9,21,Y,Recommend Pro (Certification Value),0,Certification Seeker with 82.0% completion - values credentialing
L00531,Casual Learner,Standard,599,0.42,3.2,22,Y,CS Outreach Before Upsell,0,High support ticket volume (3) needs resolution first
L00532,Working Professional,Standard,599,0.67,5.6,14,Y,Maintain Current Plan - Monitor,0,"Steady mid-range engagement (67.0% completion, 5.6 hrs/week) - no action needed yet"
L00533,Working Professional,Standard,599,0.86,4.5,7,Y,Referral Program Candidate,0,Highly active (logged in 7 day(s) ago) with 86.0% completion - strong advocate potential
L00534,Working Professional,Pro,999,0.62,7.6,8,N,No Action - Standard Monitoring,0,No strong signal in either direction - continue standard monitoring
L00535,Working Professional,Pro,999,0.87,6.7,2,Y,Recommend Premium (Power Usage),10,Completed 13 courses - power usage on a non-Premium plan
L00536,Casual Learner,Basic,299,0.43,0.7,57,N,Renewal Reminder,0,No login in 57 days
L00537,Working Professional,Standard,599,0.75,8.7,16,N,Recommend Premium,10,Working Professional averaging 8.7 hrs/week with 75.0% completion
L00538,College Student,Basic,299,0,6.3,15,N,CS Outreach Before Upsell,0,High support ticket volume (5) needs resolution first
L00539,Casual Learner,Basic,299,0.44,2.6,67,N,High Churn Risk - Win-Back Offer,20,Inactive for 67 days and did not renew last cycle
L00540,Casual Learner,Basic,299,0.18,2.7,28,N,CS Outreach Before Upsell,0,High support ticket volume (5) needs resolution first
L00541,Certification Seeker,Standard,599,1,3.5,15,Y,Recommend Pro (Certification Value),0,Certification Seeker with 100.0% completion - values credentialing
L00542,College Student,Basic,299,0.33,7.8,23,Y,CS Outreach Before Upsell,0,High support ticket volume (4) needs resolution first
L00543,Career Switcher,Standard,599,0.56,6.2,5,Y,No Action - Standard Monitoring,0,No strong signal in either direction - continue standard monitoring
L00544,College Student,Basic,299,0.5,4.4,19,N,CS Outreach Before Upsell,0,High support ticket volume (3) needs resolution first
L00545,College Student,Basic,299,0.55,6.9,38,N,No Action - Standard Monitoring,0,No strong signal in either direction - continue standard monitoring
L00546,Working Professional,Premium,1499,0.77,9.3,2,Y,Recommend Premium,10,Working Professional averaging 9.3 hrs/week with 77.0% completion
L00547,Casual Learner,Basic,299,0.25,1.1,67,N,CS Outreach Before Upsell,20,High support ticket volume (4) needs resolution first
L00548,Working Professional,Standard,599,0.57,6.7,12,Y,No Action - Standard Monitoring,0,No strong signal in either direction - continue standard monitoring
L00549,College Student,Standard,599,0.57,6.1,32,Y,CS Outreach Before Upsell,0,High support ticket volume (3) needs resolution first
L00550,Working Professional,Standard,599,0.78,6.2,9,N,Recommend Premium,10,Working Professional averaging 6.2 hrs/week with 78.0% completion
L00551,College Student,Standard,599,0.5,3.4,16,N,Maintain Current Plan - Monitor,0,"Steady mid-range engagement (50.0% completion, 3.4 hrs/week) - no action needed yet"
L00552,Power Learner,Premium,1499,0.92,18.2,3,N,Recommend Premium,10,Power Learner with 92.0% completion rate
L00553,College Student,Basic,299,0.5,7.5,29,Y,No Action - Standard Monitoring,0,No strong signal in either direction - continue standard monitoring
L00554,Certification Seeker,Pro,999,0.86,4.5,15,Y,Recommend Premium (Power Usage),0,Completed 12 courses - power usage on a non-Premium plan
L00555,Casual Learner,Basic,299,0.17,2.5,37,Y,CS Outreach Before Upsell,0,High support ticket volume (4) needs resolution first
L00556,Working Professional,Pro,999,1,7.4,20,N,Recommend Premium,10,Working Professional averaging 7.4 hrs/week with 100.0% completion
L00557,Career Switcher,Basic,299,0.5,7,9,Y,No Action - Standard Monitoring,0,No strong signal in either direction - continue standard monitoring
L00558,Certification Seeker,Premium,1499,0.6,5.7,23,Y,Maintain Current Plan - Monitor,0,"Steady mid-range engagement (60.0% completion, 5.7 hrs/week) - no action needed yet"
L00559,Casual Learner,Basic,299,0,2.6,78,N,High Churn Risk - Win-Back Offer,20,Inactive for 78 days and did not renew last cycle
L00560,Career Switcher,Premium,1499,0.8,8.2,1,Y,Recommend Pro,0,Career Switcher investing 8.2 hrs/week - high intent to reskill
L00561,Casual Learner,Basic,299,0.27,3.6,75,N,CS Outreach Before Upsell,20,High support ticket volume (4) needs resolution first
L00562,College Student,Standard,599,0.54,6.9,31,N,No Action - Standard Monitoring,0,No strong signal in either direction - continue standard monitoring
L00563,Working Professional,Standard,599,0.58,7,0,Y,CS Outreach Before Upsell,0,High support ticket volume (3) needs resolution first
L00564,Working Professional,Basic,299,0.75,8.3,10,Y,Recommend Premium,0,Working Professional averaging 8.3 hrs/week with 75.0% completion
L00565,College Student,Standard,599,0.4,3.2,38,N,Do Not Extend Discount Next Cycle,0,Received 25% discount but only 40.0% completion - discount not driving engagement
L00566,College Student,Basic,299,0.42,7,34,N,CS Outreach Before Upsell,0,High support ticket volume (3) needs resolution first
L00567,Working Professional,Pro,999,1,9.6,7,Y,Recommend Premium,0,Working Professional averaging 9.6 hrs/week with 100.0% completion
L00568,Career Switcher,Pro,999,0.5,6.2,1,Y,No Action - Standard Monitoring,0,No strong signal in either direction - continue standard monitoring
L00569,Certification Seeker,Standard,599,0.67,4.8,0,Y,Maintain Current Plan - Monitor,0,"Steady mid-range engagement (67.0% completion, 4.8 hrs/week) - no action needed yet"
L00570,College Student,Basic,299,0.5,4.9,31,N,Maintain Current Plan - Monitor,0,"Steady mid-range engagement (50.0% completion, 4.9 hrs/week) - no action needed yet"
L00571,Career Switcher,Standard,599,1,7.2,15,Y,Recommend Upgrade to Pro,0,On Standard but completing 100.0% at 7.2 hrs/week - outgrowing current plan
L00572,Casual Learner,Basic,299,0.14,3.2,59,N,Renewal Reminder,0,No login in 59 days
L00573,Working Professional,Standard,599,0.67,5.4,10,N,CS Outreach Before Upsell,0,High support ticket volume (3) needs resolution first
L00574,Working Professional,Standard,599,0.71,7.2,7,Y,Recommend Premium,0,Working Professional averaging 7.2 hrs/week with 71.0% completion
L00575,College Student,Basic,299,0.44,8.6,5,Y,No Action - Standard Monitoring,0,No strong signal in either direction - continue standard monitoring
L00576,Working Professional,Pro,999,0.62,6.5,9,N,No Action - Standard Monitoring,0,No strong signal in either direction - continue standard monitoring
L00577,Working Professional,Standard,599,0.77,6.5,4,N,Recommend Premium (Power Usage),10,Completed 10 courses - power usage on a non-Premium plan
L00578,Casual Learner,Basic,299,0.29,1.4,59,N,Renewal Reminder,0,No login in 59 days
L00579,Casual Learner,Basic,299,0.29,3.1,82,N,CS Outreach Before Upsell,20,High support ticket volume (4) needs resolution first
L00580,Career Switcher,Premium,1499,0.57,7.7,5,Y,CS Outreach Before Upsell,0,High support ticket volume (3) needs resolution first
L00581,Working Professional,Pro,999,1,6.9,20,Y,Recommend Premium,0,Working Professional averaging 6.9 hrs/week with 100.0% completion
L00582,Power Learner,Premium,1499,0.91,18.4,0,Y,Recommend Premium,0,Power Learner with 91.0% completion rate
L00583,Power Learner,Pro,999,0.92,12.5,3,Y,Recommend Premium,0,Power Learner with 92.0% completion rate
L00584,Casual Learner,Standard,599,0.43,1.9,20,Y,CS Outreach Before Upsell,0,High support ticket volume (3) needs resolution first
L00585,Casual Learner,Basic,299,0.38,1.2,84,N,High Churn Risk - Win-Back Offer,20,Inactive for 84 days and did not renew last cycle
L00586,Casual Learner,Premium,1499,0.33,2,33,Y,CS Outreach Before Upsell,0,High support ticket volume (3) needs resolution first
L00587,College Student,Standard,599,0.62,2.1,0,Y,No Action - Standard Monitoring,0,No strong signal in either direction - continue standard monitoring
L00588,College Student,Standard,599,0.67,6.2,23,Y,No Action - Standard Monitoring,0,No strong signal in either direction - continue standard monitoring
L00589,Working Professional,Pro,999,0.5,6.7,4,Y,No Action - Standard Monitoring,0,No strong signal in either direction - continue standard monitoring
L00590,Career Switcher,Pro,999,0.71,11.9,0,Y,Recommend Premium (Power Usage),0,Completed 10 courses - power usage on a non-Premium plan
L00591,Working Professional,Standard,599,0.75,9.9,12,Y,Recommend Premium,0,Working Professional averaging 9.9 hrs/week with 75.0% completion
L00592,College Student,Pro,999,0.33,5.4,15,Y,No Action - Standard Monitoring,0,No strong signal in either direction - continue standard monitoring
L00593,Casual Learner,Standard,599,0.45,3,80,N,High Churn Risk - Win-Back Offer,20,Inactive for 80 days and did not renew last cycle
L00594,Working Professional,Pro,999,0.78,9.5,20,Y,Recommend Premium,0,Working Professional averaging 9.5 hrs/week with 78.0% completion
L00595,College Student,Basic,299,0.5,8.6,36,Y,No Action - Standard Monitoring,0,No strong signal in either direction - continue standard monitoring
L00596,Career Switcher,Pro,999,1,11.5,7,Y,Recommend Pro,0,Career Switcher investing 11.5 hrs/week - high intent to reskill
L00597,Power Learner,Pro,999,0.8,11.5,0,N,Offer Loyalty Discount (10%),10,"Engaged (80.0% completion) but did not renew - likely a price objection, not a satisfaction issue"
L00598,Casual Learner,Basic,299,0.5,0.7,39,N,No Action - Standard Monitoring,0,No strong signal in either direction - continue standard monitoring
L00599,Casual Learner,Basic,299,0.33,3.7,22,Y,CS Outreach Before Upsell,0,High support ticket volume (4) needs resolution first
L00600,Career Switcher,Pro,999,0.7,7.8,10,Y,No Action - Standard Monitoring,0,No strong signal in either direction - continue standard monitoring
L00601,College Student,Basic,299,0.5,3.5,0,N,CS Outreach Before Upsell,0,High support ticket volume (3) needs resolution first
L00602,Working Professional,Standard,599,0.82,5.1,3,Y,No Action - Standard Monitoring,0,No strong signal in either direction - continue standard monitoring
L00603,Working Professional,Standard,599,0.77,8.1,20,N,Recommend Premium (Power Usage),10,Completed 10 courses - power usage on a non-Premium plan
L00604,Career Switcher,Basic,299,0.5,5.6,7,N,Maintain Current Plan - Monitor,0,"Steady mid-range engagement (50.0% completion, 5.6 hrs/week) - no action needed yet"
L00605,College Student,Standard,599,0.33,6.9,36,N,CS Outreach Before Upsell,0,High support ticket volume (4) needs resolution first
L00606,College Student,Standard,599,0.75,5.8,7,N,Offer Loyalty Discount (10%),10,"Engaged (75.0% completion) but did not renew - likely a price objection, not a satisfaction issue"
L00607,Casual Learner,Standard,599,0.5,0.6,46,N,Renewal Reminder,0,No login in 46 days
L00608,Working Professional,Standard,599,0.89,4,1,Y,Loyalty Reward (Free Month / 10% Off Renewal),10,Working Professional loyal for 11 months with consistent renewals
L00609,Working Professional,Pro,999,0.5,5.3,1,Y,Loyalty Reward (Free Month / 10% Off Renewal),10,Working Professional loyal for 9 months with consistent renewals
L00610,College Student,Standard,599,0.53,2.5,16,N,CS Outreach Before Upsell,0,High support ticket volume (3) needs resolution first
L00611,College Student,Premium,1499,0.64,6.5,36,N,Verify Extended Student Eligibility,0,Age 19 on Premium - confirm still eligible for extended student pricing
L00612,Working Professional,Basic,299,0.55,7.2,13,N,No Action - Standard Monitoring,0,No strong signal in either direction - continue standard monitoring
L00613,College Student,Premium,1499,0.42,4.7,7,Y,Verify Extended Student Eligibility,0,Age 18 on Premium - confirm still eligible for extended student pricing
L00614,Casual Learner,Basic,299,0.25,1.1,43,N,CS Outreach Before Upsell,0,High support ticket volume (4) needs resolution first
L00615,College Student,Basic,299,0.75,7.1,40,Y,Student Discount (15%),15,College Student with strong 75.0% completion - budget-sensitive segment
L00616,Power Learner,Pro,999,1,15.2,2,Y,Recommend Premium,0,Power Learner with 100.0% completion rate
L00617,Career Switcher,Standard,599,1,5.6,15,Y,No Action - Standard Monitoring,0,No strong signal in either direction - continue standard monitoring
L00618,Working Professional,Standard,599,0.75,5.1,13,N,Offer Loyalty Discount (10%),10,"Engaged (75.0% completion) but did not renew - likely a price objection, not a satisfaction issue"
L00619,Career Switcher,Pro,999,0.67,8.6,13,N,Recommend Pro,0,Career Switcher investing 8.6 hrs/week - high intent to reskill
L00620,College Student,Basic,299,0.5,3.9,40,N,CS Outreach Before Upsell,0,High support ticket volume (3) needs resolution first
L00621,Certification Seeker,Pro,999,0.67,4.5,0,Y,CS Outreach Before Upsell,0,High support ticket volume (3) needs resolution first
L00622,College Student,Basic,299,0.43,2,16,Y,No Action - Standard Monitoring,0,No strong signal in either direction - continue standard monitoring
L00623,Working Professional,Standard,599,1,4,3,Y,Referral Program Candidate,0,Highly active (logged in 3 day(s) ago) with 100.0% completion - strong advocate potential
L00624,College Student,Basic,299,0.46,5.5,8,Y,CS Outreach Before Upsell,0,High support ticket volume (3) needs resolution first
L00625,Power Learner,Pro,999,0.79,10.1,1,Y,Recommend Premium (Power Usage),0,Completed 11 courses - power usage on a non-Premium plan
L00626,Working Professional,Pro,999,0.79,7.1,8,Y,Recommend Premium (Power Usage),10,Completed 11 courses - power usage on a non-Premium plan
L00627,Casual Learner,Basic,299,0.14,2.7,49,Y,CS Outreach Before Upsell,0,High support ticket volume (4) needs resolution first
L00628,College Student,Standard,599,0.5,6.4,14,Y,No Action - Standard Monitoring,0,No strong signal in either direction - continue standard monitoring
L00629,Working Professional,Standard,599,0.67,5.1,1,N,Maintain Current Plan - Monitor,0,"Steady mid-range engagement (67.0% completion, 5.1 hrs/week) - no action needed yet"
L00630,College Student,Basic,299,0.62,2.8,0,N,Recommend Upgrade to Standard,0,On Basic but logging in 14x/month with 62.0% completion
L00631,Working Professional,Standard,599,0.67,5.3,2,Y,Maintain Current Plan - Monitor,0,"Steady mid-range engagement (67.0% completion, 5.3 hrs/week) - no action needed yet"
L00632,Certification Seeker,Premium,1499,0.85,7.7,9,Y,Recommend Pro (Certification Value),0,Certification Seeker with 85.0% completion - values credentialing
L00633,Working Professional,Premium,1499,0.57,7.8,13,Y,No Action - Standard Monitoring,0,No strong signal in either direction - continue standard monitoring
L00634,Casual Learner,Pro,999,0.43,3.3,44,N,Do Not Extend Discount Next Cycle,0,Received 21% discount but only 43.0% completion - discount not driving engagement
L00635,Working Professional,Pro,999,0.58,5.1,18,Y,Maintain Current Plan - Monitor,0,"Steady mid-range engagement (58.0% completion, 5.1 hrs/week) - no action needed yet"
L00636,College Student,Basic,299,0.6,5.7,2,N,Maintain Current Plan - Monitor,0,"Steady mid-range engagement (60.0% completion, 5.7 hrs/week) - no action needed yet"
L00637,College Student,Standard,599,0.57,4.3,16,N,Maintain Current Plan - Monitor,0,"Steady mid-range engagement (57.0% completion, 4.3 hrs/week) - no action needed yet"
L00638,Career Switcher,Pro,999,0.75,6.2,3,N,Offer Loyalty Discount (10%),10,"Engaged (75.0% completion) but did not renew - likely a price objection, not a satisfaction issue"
L00639,College Student,Basic,299,0.38,7.1,23,Y,Low-Intent Discount User - No Further Discount,0,"Coupon user with low 38.0% completion - signals low intent, not price sensitivity"
L00640,Working Professional,Basic,299,0.67,9.3,19,N,Recommend Upgrade to Standard,0,On Basic but logging in 14x/month with 67.0% completion
L00641,College Student,Basic,299,0.38,7.8,2,N,Low-Intent Discount User - No Further Discount,0,"Coupon user with low 38.0% completion - signals low intent, not price sensitivity"
L00642,College Student,Basic,299,0.5,7.3,10,Y,No Action - Standard Monitoring,0,No strong signal in either direction - continue standard monitoring
L00643,College Student,Standard,599,0.43,3,1,N,CS Outreach Before Upsell,0,High support ticket volume (3) needs resolution first
L00644,Casual Learner,Premium,1499,0.17,0.9,65,N,High Churn Risk - Win-Back Offer,20,Inactive for 65 days and did not renew last cycle
L00645,College Student,Standard,599,0.6,8.3,19,N,No Action - Standard Monitoring,0,No strong signal in either direction - continue standard monitoring
L00646,Casual Learner,Standard,599,0.12,3.2,60,N,Renewal Reminder,0,No login in 60 days
L00647,Working Professional,Basic,299,0.71,5.1,11,Y,Recommend Upgrade to Standard,0,On Basic but logging in 14x/month with 71.0% completion
L00648,Power Learner,Premium,1499,0.8,15.3,1,Y,Recommend Annual Plan,0,Power Learner active for 9 months - strong annual-plan candidate
L00649,College Student,Pro,999,0.71,2.4,23,Y,Recommend Premium (Power Usage),15,Completed 10 courses - power usage on a non-Premium plan
L00650,Certification Seeker,Standard,599,0.92,3.3,3,Y,Recommend Premium (Power Usage),0,Completed 11 courses - power usage on a non-Premium plan
L00651,College Student,Standard,599,0.5,2.2,9,N,No Action - Standard Monitoring,0,No strong signal in either direction - continue standard monitoring
L00652,Working Professional,Pro,999,1,6,9,Y,Loyalty Reward (Free Month / 10% Off Renewal),10,Working Professional loyal for 12 months with consistent renewals
L00653,College Student,Pro,999,0.8,4.1,27,Y,Student Discount (15%),15,College Student with strong 80.0% completion - budget-sensitive segment
L00654,Working Professional,Standard,599,0.73,9.9,14,Y,Recommend Premium,10,Working Professional averaging 9.9 hrs/week with 73.0% completion
L00655,Working Professional,Standard,599,0.67,6.2,0,Y,No Action - Standard Monitoring,0,No strong signal in either direction - continue standard monitoring
L00656,Casual Learner,Basic,299,0.31,1.3,25,Y,CS Outreach Before Upsell,0,High support ticket volume (3) needs resolution first
L00657,Working Professional,Standard,599,0.67,8.4,3,Y,Recommend Premium (Power Usage),0,Completed 10 courses - power usage on a non-Premium plan
L00658,Casual Learner,Basic,299,0.5,2.9,31,N,No Action - Standard Monitoring,0,No strong signal in either direction - continue standard monitoring
L00659,Working Professional,Standard,599,0.86,6,19,Y,No Action - Standard Monitoring,0,No strong signal in either direction - continue standard monitoring
L00660,Career Switcher,Basic,299,0.62,6,2,Y,Recommend Upgrade to Standard,0,On Basic but logging in 12x/month with 62.0% completion
L00661,Career Switcher,Standard,599,0.75,6.8,8,N,Offer Loyalty Discount (10%),10,"Engaged (75.0% completion) but did not renew - likely a price objection, not a satisfaction issue"
L00662,Working Professional,Standard,599,0.64,9.5,14,Y,Loyalty Reward (Free Month / 10% Off Renewal),10,Working Professional loyal for 10 months with consistent renewals
L00663,Working Professional,Pro,999,0.57,4.3,17,Y,Loyalty Reward (Free Month / 10% Off Renewal),10,Working Professional loyal for 11 months with consistent renewals
L00664,Certification Seeker,Standard,599,0.67,7.5,3,Y,CS Outreach Before Upsell,0,High support ticket volume (3) needs resolution first
L00665,Working Professional,Standard,599,0.67,6.9,14,Y,Loyalty Reward (Free Month / 10% Off Renewal),10,Working Professional loyal for 12 months with consistent renewals
L00666,College Student,Pro,999,0.36,7.5,13,Y,CS Outreach Before Upsell,0,High support ticket volume (3) needs resolution first
L00667,College Student,Basic,299,0.55,8.1,26,Y,No Action - Standard Monitoring,0,No strong signal in either direction - continue standard monitoring
L00668,Certification Seeker,Standard,599,0.83,5.4,22,Y,Recommend Premium (Power Usage),0,Completed 10 courses - power usage on a non-Premium plan
L00669,Certification Seeker,Standard,599,0.62,6.7,0,Y,No Action - Standard Monitoring,0,No strong signal in either direction - continue standard monitoring
L00670,Power Learner,Premium,1499,0.75,16.3,0,Y,No Action - Standard Monitoring,0,No strong signal in either direction - continue standard monitoring
L00671,College Student,Basic,299,0.5,2.1,32,Y,CS Outreach Before Upsell,0,High support ticket volume (3) needs resolution first
L00672,Working Professional,Standard,599,0.67,6.8,5,N,No Action - Standard Monitoring,0,No strong signal in either direction - continue standard monitoring
L00673,Casual Learner,Premium,1499,0.17,0.8,72,N,CS Outreach Before Upsell,20,High support ticket volume (4) needs resolution first
L00674,Casual Learner,Basic,299,0.5,2.4,45,N,CS Outreach Before Upsell,0,High support ticket volume (3) needs resolution first
L00675,Career Switcher,Pro,999,0.6,7,8,Y,No Action - Standard Monitoring,0,No strong signal in either direction - continue standard monitoring
L00676,Certification Seeker,Standard,599,0.83,7.2,23,Y,Recommend Pro (Certification Value),0,Certification Seeker with 83.0% completion - values credentialing
L00677,Working Professional,Pro,999,0.67,6.6,5,Y,Loyalty Reward (Free Month / 10% Off Renewal),10,Working Professional loyal for 10 months with consistent renewals
L00678,Casual Learner,Standard,599,0.5,3.7,40,Y,Maintain Current Plan - Monitor,0,"Steady mid-range engagement (50.0% completion, 3.7 hrs/week) - no action needed yet"
L00679,Casual Learner,Basic,299,0.18,1,65,N,High Churn Risk - Win-Back Offer,20,Inactive for 65 days and did not renew last cycle
L00680,College Student,Basic,299,0.5,6.4,37,Y,No Action - Standard Monitoring,0,No strong signal in either direction - continue standard monitoring
L00681,Certification Seeker,Pro,999,0.5,5,25,N,Maintain Current Plan - Monitor,0,"Steady mid-range engagement (50.0% completion, 5 hrs/week) - no action needed yet"
L00682,Working Professional,Standard,599,0.83,9.4,3,Y,Recommend Premium,0,Working Professional averaging 9.4 hrs/week with 83.0% completion
L00683,College Student,Standard,599,0.5,5.6,13,Y,Maintain Current Plan - Monitor,0,"Steady mid-range engagement (50.0% completion, 5.6 hrs/week) - no action needed yet"
L00684,College Student,Basic,299,0.62,8.7,35,Y,CS Outreach Before Upsell,0,High support ticket volume (3) needs resolution first
L00685,Working Professional,Standard,599,0.69,5.7,3,N,Maintain Current Plan - Monitor,0,"Steady mid-range engagement (69.0% completion, 5.7 hrs/week) - no action needed yet"
L00686,Working Professional,Pro,999,0.67,4.6,13,Y,CS Outreach Before Upsell,10,High support ticket volume (3) needs resolution first
L00687,College Student,Basic,299,0.5,8.7,22,Y,No Action - Standard Monitoring,0,No strong signal in either direction - continue standard monitoring
L00688,College Student,Standard,599,0.4,2.1,21,Y,No Action - Standard Monitoring,0,No strong signal in either direction - continue standard monitoring
L00689,Career Switcher,Pro,999,0.71,5.5,13,Y,No Action - Standard Monitoring,0,No strong signal in either direction - continue standard monitoring
L00690,Casual Learner,Basic,299,0.25,2.1,61,N,High Churn Risk - Win-Back Offer,20,Inactive for 61 days and did not renew last cycle
L00691,Certification Seeker,Standard,599,0.64,3.2,16,Y,Maintain Current Plan - Monitor,0,"Steady mid-range engagement (64.0% completion, 3.2 hrs/week) - no action needed yet"
L00692,Casual Learner,Basic,299,0.27,1.9,78,N,CS Outreach Before Upsell,20,High support ticket volume (3) needs resolution first
L00693,College Student,Basic,299,0.5,8,14,N,No Action - Standard Monitoring,0,No strong signal in either direction - continue standard monitoring
L00694,Certification Seeker,Basic,299,0.77,3.4,22,Y,Recommend Premium (Power Usage),0,Completed 10 courses - power usage on a non-Premium plan
L00695,College Student,Standard,599,0.55,2.9,15,Y,No Action - Standard Monitoring,0,No strong signal in either direction - continue standard monitoring
L00696,Casual Learner,Basic,299,0.5,2.8,46,Y,Renewal Reminder,0,No login in 46 days
L00697,College Student,Basic,299,0.69,7.7,32,N,Recommend Upgrade to Standard,0,On Basic but logging in 12x/month with 69.0% completion
L00698,College Student,Basic,299,0.75,8.1,12,Y,Recommend Upgrade to Standard,15,On Basic but logging in 12x/month with 75.0% completion
L00699,Certification Seeker,Pro,999,0.83,4.3,21,Y,Recommend Pro (Certification Value),0,Certification Seeker with 83.0% completion - values credentialing
L00700,College Student,Basic,299,0.57,4.6,24,Y,Maintain Current Plan - Monitor,0,"Steady mid-range engagement (57.0% completion, 4.6 hrs/week) - no action needed yet"
L00701,Working Professional,Pro,999,0.75,5.3,1,Y,No Action - Standard Monitoring,0,No strong signal in either direction - continue standard monitoring
L00702,College Student,Basic,299,0,4.4,38,N,CS Outreach Before Upsell,0,High support ticket volume (3) needs resolution first
L00703,Casual Learner,Basic,299,0.29,3.6,21,Y,Low-Intent Discount User - No Further Discount,0,"Coupon user with low 29.0% completion - signals low intent, not price sensitivity"
L00704,Casual Learner,Pro,999,0.14,0.5,80,N,High Churn Risk - Win-Back Offer,20,Inactive for 80 days and did not renew last cycle
L00705,College Student,Basic,299,0.8,4.3,22,Y,Recommend Upgrade to Standard,15,On Basic but logging in 11x/month with 80.0% completion
L00706,Certification Seeker,Standard,599,0.93,5.6,4,Y,Recommend Premium (Power Usage),0,Completed 13 courses - power usage on a non-Premium plan
L00707,College Student,Basic,299,0.4,3.4,40,Y,Maintain Current Plan - Monitor,0,"Steady mid-range engagement (40.0% completion, 3.4 hrs/week) - no action needed yet"
L00708,Career Switcher,Premium,1499,1,7.2,10,Y,No Action - Standard Monitoring,0,No strong signal in either direction - continue standard monitoring
L00709,Power Learner,Premium,1499,0.8,19.7,1,Y,Recommend Annual Plan,0,Power Learner active for 9 months - strong annual-plan candidate
L00710,Certification Seeker,Standard,599,0.67,4.8,1,Y,Maintain Current Plan - Monitor,0,"Steady mid-range engagement (67.0% completion, 4.8 hrs/week) - no action needed yet"
L00711,College Student,Standard,599,0.75,4,30,Y,Student Discount (15%),15,College Student with strong 75.0% completion - budget-sensitive segment
L00712,Certification Seeker,Standard,599,0.82,6.4,25,Y,Recommend Pro (Certification Value),0,Certification Seeker with 82.0% completion - values credentialing
L00713,College Student,Standard,599,0.64,5.2,24,Y,Maintain Current Plan - Monitor,0,"Steady mid-range engagement (64.0% completion, 5.2 hrs/week) - no action needed yet"
L00714,Casual Learner,Basic,299,0,3.9,23,N,Engagement Nudge - Stay on Basic,0,Casual Learner with low 0.0% completion - keep expectations low-commitment
L00715,Career Switcher,Standard,599,0.71,11.3,1,N,Recommend Pro,10,Career Switcher investing 11.3 hrs/week - high intent to reskill
L00716,College Student,Standard,599,0.4,6,3,Y,Maintain Current Plan - Monitor,0,"Steady mid-range engagement (40.0% completion, 6 hrs/week) - no action needed yet"
L00717,Career Switcher,Premium,1499,0.73,11,9,Y,Recommend Pro,0,Career Switcher investing 11 hrs/week - high intent to reskill
L00718,College Student,Basic,299,0.53,2.2,28,N,No Action - Standard Monitoring,0,No strong signal in either direction - continue standard monitoring
L00719,Career Switcher,Pro,999,0.58,5.2,7,Y,CS Outreach Before Upsell,0,High support ticket volume (3) needs resolution first
L00720,Working Professional,Standard,599,0.71,6.3,14,Y,Recommend Premium,0,Working Professional averaging 6.3 hrs/week with 71.0% completion
L00721,Working Professional,Basic,299,0.67,9.8,14,N,Recommend Upgrade to Standard,0,On Basic but logging in 15x/month with 67.0% completion
L00722,Career Switcher,Pro,999,0.62,8.9,4,N,Recommend Pro,0,Career Switcher investing 8.9 hrs/week - high intent to reskill
L00723,Career Switcher,Pro,999,0.5,10.4,8,Y,CS Outreach Before Upsell,0,High support ticket volume (3) needs resolution first
L00724,College Student,Basic,299,0.5,5.5,30,N,Maintain Current Plan - Monitor,0,"Steady mid-range engagement (50.0% completion, 5.5 hrs/week) - no action needed yet"
L00725,College Student,Basic,299,0.7,2.8,28,Y,No Action - Standard Monitoring,0,No strong signal in either direction - continue standard monitoring
L00726,Casual Learner,Basic,299,0.33,2,48,N,Renewal Reminder,0,No login in 48 days
L00727,Career Switcher,Pro,999,0.64,7.5,2,N,No Action - Standard Monitoring,0,No strong signal in either direction - continue standard monitoring
L00728,Career Switcher,Pro,999,0.57,11,14,N,Recommend Pro,0,Career Switcher investing 11 hrs/week - high intent to reskill
L00729,Working Professional,Basic,299,0.8,6,9,N,Offer Loyalty Discount (10%),10,"Engaged (80.0% completion) but did not renew - likely a price objection, not a satisfaction issue"
L00730,College Student,Pro,999,0.33,5.5,39,N,CS Outreach Before Upsell,0,High support ticket volume (3) needs resolution first
L00731,College Student,Basic,299,0.73,3,21,Y,Recommend Upgrade to Standard,15,On Basic but logging in 12x/month with 73.0% completion
L00732,Casual Learner,Basic,299,0.38,3.8,30,Y,No Action - Standard Monitoring,0,No strong signal in either direction - continue standard monitoring
L00733,Working Professional,Pro,999,0.77,4.1,0,Y,Recommend Premium (Power Usage),0,Completed 10 courses - power usage on a non-Premium plan
L00734,College Student,Standard,599,0.73,3,7,Y,Recommend Premium (Power Usage),15,Completed 11 courses - power usage on a non-Premium plan
L00735,College Student,Standard,599,0.5,6,15,Y,Maintain Current Plan - Monitor,0,"Steady mid-range engagement (50.0% completion, 6 hrs/week) - no action needed yet"
L00736,Career Switcher,Pro,999,0.56,9.6,2,Y,Recommend Pro,0,Career Switcher investing 9.6 hrs/week - high intent to reskill
L00737,Working Professional,Premium,1499,0.78,7.2,10,Y,Recommend Premium,0,Working Professional averaging 7.2 hrs/week with 78.0% completion
L00738,College Student,Standard,599,0.75,2.9,2,Y,Student Discount (15%),15,College Student with strong 75.0% completion - budget-sensitive segment
L00739,College Student,Standard,599,0.57,2.4,24,Y,No Action - Standard Monitoring,0,No strong signal in either direction - continue standard monitoring
L00740,Career Switcher,Pro,999,0.8,11.6,10,Y,Recommend Premium (Power Usage),0,Completed 12 courses - power usage on a non-Premium plan
L00741,Certification Seeker,Pro,999,0.7,4.9,17,N,Maintain Current Plan - Monitor,0,"Steady mid-range engagement (70.0% completion, 4.9 hrs/week) - no action needed yet"
L00742,Working Professional,Standard,599,0.8,9.7,7,Y,Recommend Premium,10,Working Professional averaging 9.7 hrs/week with 80.0% completion
L00743,Working Professional,Standard,599,1,8,5,N,Recommend Premium,10,Working Professional averaging 8 hrs/week with 100.0% completion
L00744,Working Professional,Basic,299,0.88,5.7,10,N,Offer Loyalty Discount (10%),10,"Engaged (88.0% completion) but did not renew - likely a price objection, not a satisfaction issue"
L00745,College Student,Pro,999,0.44,2.3,2,Y,No Action - Standard Monitoring,0,No strong signal in either direction - continue standard monitoring
L00746,College Student,Basic,299,0.5,5.8,38,Y,Maintain Current Plan - Monitor,0,"Steady mid-range engagement (50.0% completion, 5.8 hrs/week) - no action needed yet"
L00747,Career Switcher,Premium,1499,0.57,5.2,11,N,CS Outreach Before Upsell,0,High support ticket volume (3) needs resolution first
L00748,Working Professional,Basic,299,0.77,9.5,3,Y,Recommend Premium (Power Usage),0,Completed 10 courses - power usage on a non-Premium plan
L00749,Career Switcher,Premium,1499,0.5,9,13,N,CS Outreach Before Upsell,0,High support ticket volume (3) needs resolution first
L00750,Career Switcher,Pro,999,0.67,11.4,7,Y,Recommend Pro,0,Career Switcher investing 11.4 hrs/week - high intent to reskill
L00751,Working Professional,Standard,599,0.75,4.5,20,Y,Loyalty Reward (Free Month / 10% Off Renewal),10,Working Professional loyal for 9 months with consistent renewals
L00752,Certification Seeker,Pro,999,0.67,3.7,25,Y,CS Outreach Before Upsell,0,High support ticket volume (3) needs resolution first
L00753,Casual Learner,Basic,299,0.33,1.4,80,N,High Churn Risk - Win-Back Offer,20,Inactive for 80 days and did not renew last cycle
L00754,Power Learner,Pro,999,0.8,17,2,N,Recommend Premium (Power Usage),10,Completed 12 courses - power usage on a non-Premium plan
L00755,College Student,Pro,999,0.67,5.1,18,N,Maintain Current Plan - Monitor,0,"Steady mid-range engagement (67.0% completion, 5.1 hrs/week) - no action needed yet"
L00756,Career Switcher,Standard,599,1,8.6,8,Y,Recommend Pro,0,Career Switcher investing 8.6 hrs/week - high intent to reskill
L00757,Working Professional,Standard,599,0.58,5.9,4,Y,CS Outreach Before Upsell,0,High support ticket volume (3) needs resolution first
L00758,Career Switcher,Standard,599,0.67,7,14,N,No Action - Standard Monitoring,0,No strong signal in either direction - continue standard monitoring
L00759,Career Switcher,Pro,999,0.78,10.3,1,Y,Recommend Pro,0,Career Switcher investing 10.3 hrs/week - high intent to reskill
L00760,Certification Seeker,Premium,1499,0.62,5.1,16,Y,Maintain Current Plan - Monitor,0,"Steady mid-range engagement (62.0% completion, 5.1 hrs/week) - no action needed yet"
L00761,Working Professional,Premium,1499,0.75,8,2,Y,Recommend Premium,10,Working Professional averaging 8 hrs/week with 75.0% completion
L00762,College Student,Pro,999,0.44,5,20,Y,Maintain Current Plan - Monitor,0,"Steady mid-range engagement (44.0% completion, 5 hrs/week) - no action needed yet"
L00763,Career Switcher,Pro,999,0.55,10.7,9,Y,Recommend Pro,0,Career Switcher investing 10.7 hrs/week - high intent to reskill
L00764,Working Professional,Basic,299,0.73,5.6,20,N,Offer Loyalty Discount (10%),10,"Engaged (73.0% completion) but did not renew - likely a price objection, not a satisfaction issue"
L00765,Certification Seeker,Pro,999,0.67,5.4,7,N,CS Outreach Before Upsell,0,High support ticket volume (3) needs resolution first
L00766,Working Professional,Standard,599,0.77,8,12,Y,Recommend Premium (Power Usage),0,Completed 10 courses - power usage on a non-Premium plan
L00767,College Student,Basic,299,0.5,3.8,26,Y,Maintain Current Plan - Monitor,0,"Steady mid-range engagement (50.0% completion, 3.8 hrs/week) - no action needed yet"
L00768,College Student,Basic,299,0.45,6,34,N,Do Not Extend Discount Next Cycle,0,Received 29% discount but only 45.0% completion - discount not driving engagement
L00769,College Student,Basic,299,0,4.3,35,N,Low-Intent Discount User - No Further Discount,0,"Coupon user with low 0.0% completion - signals low intent, not price sensitivity"
L00770,Working Professional,Pro,999,1,6,17,Y,No Action - Standard Monitoring,0,No strong signal in either direction - continue standard monitoring
L00771,College Student,Basic,299,0.71,3.7,7,N,Offer Loyalty Discount (10%),10,"Engaged (71.0% completion) but did not renew - likely a price objection, not a satisfaction issue"
L00772,College Student,Basic,299,0.62,6.2,6,Y,No Action - Standard Monitoring,0,No strong signal in either direction - continue standard monitoring
L00773,Casual Learner,Basic,299,0.29,3.9,80,N,CS Outreach Before Upsell,20,High support ticket volume (4) needs resolution first
L00774,Casual Learner,Basic,299,0.38,3,89,N,High Churn Risk - Win-Back Offer,20,Inactive for 89 days and did not renew last cycle
L00775,Working Professional,Standard,599,0.57,9.9,17,Y,Loyalty Reward (Free Month / 10% Off Renewal),10,Working Professional loyal for 11 months with consistent renewals
L00776,Career Switcher,Basic,299,1,6.8,10,Y,Recommend Upgrade to Pro,0,On Basic but completing 100.0% at 6.8 hrs/week - outgrowing current plan
L00777,College Student,Basic,299,0.57,3.7,30,Y,Maintain Current Plan - Monitor,0,"Steady mid-range engagement (57.0% completion, 3.7 hrs/week) - no action needed yet"
L00778,College Student,Standard,599,0.43,3.2,7,N,Do Not Extend Discount Next Cycle,0,Received 23% discount but only 43.0% completion - discount not driving engagement
L00779,Career Switcher,Standard,599,0.7,10,8,Y,Recommend Pro,0,Career Switcher investing 10 hrs/week - high intent to reskill
L00780,Casual Learner,Basic,299,0.42,2.2,62,N,High Churn Risk - Win-Back Offer,20,Inactive for 62 days and did not renew last cycle
L00781,Certification Seeker,Standard,599,0.75,3.3,9,Y,No Action - Standard Monitoring,0,No strong signal in either direction - continue standard monitoring
L00782,Career Switcher,Pro,999,0.57,7.4,6,Y,No Action - Standard Monitoring,0,No strong signal in either direction - continue standard monitoring
L00783,Casual Learner,Basic,299,0.2,0.9,55,N,CS Outreach Before Upsell,0,High support ticket volume (3) needs resolution first
L00784,Certification Seeker,Standard,599,0.67,7.9,25,N,No Action - Standard Monitoring,0,No strong signal in either direction - continue standard monitoring
L00785,College Student,Standard,599,0.57,4.1,15,Y,Maintain Current Plan - Monitor,0,"Steady mid-range engagement (57.0% completion, 4.1 hrs/week) - no action needed yet"
L00786,Career Switcher,Premium,1499,0.62,10.8,13,Y,Recommend Pro,0,Career Switcher investing 10.8 hrs/week - high intent to reskill
L00787,Working Professional,Premium,1499,0.67,8.6,13,Y,CS Outreach Before Upsell,0,High support ticket volume (3) needs resolution first
L00788,Certification Seeker,Standard,599,0.67,3,10,Y,Maintain Current Plan - Monitor,0,"Steady mid-range engagement (67.0% completion, 3 hrs/week) - no action needed yet"
L00789,College Student,Premium,1499,0.71,3.8,3,Y,Student Discount (15%),15,College Student with strong 71.0% completion - budget-sensitive segment
L00790,Working Professional,Basic,299,0.67,7.7,5,Y,No Action - Standard Monitoring,0,No strong signal in either direction - continue standard monitoring
L00791,Casual Learner,Premium,1499,0.18,2.8,22,N,Downgrade Review,0,Paying for Premium but completion rate is only 18.0%
L00792,Career Switcher,Premium,1499,0.5,7.9,1,Y,No Action - Standard Monitoring,0,No strong signal in either direction - continue standard monitoring
L00793,Working Professional,Pro,999,0.67,5,9,Y,CS Outreach Before Upsell,0,High support ticket volume (3) needs resolution first
L00794,Certification Seeker,Standard,599,0.64,7.8,25,Y,No Action - Standard Monitoring,0,No strong signal in either direction - continue standard monitoring
L00795,Casual Learner,Basic,299,0.17,3,55,N,Renewal Reminder,0,No login in 55 days
L00796,Working Professional,Basic,299,0.71,7.5,20,N,Recommend Premium (Power Usage),10,Completed 10 courses - power usage on a non-Premium plan
L00797,Career Switcher,Premium,1499,0.58,7.4,9,Y,No Action - Standard Monitoring,0,No strong signal in either direction - continue standard monitoring
L00798,College Student,Basic,299,0.5,5.6,11,N,CS Outreach Before Upsell,0,High support ticket volume (3) needs resolution first
L00799,Certification Seeker,Pro,999,0.73,3.8,10,Y,Recommend Premium (Power Usage),0,Completed 11 courses - power usage on a non-Premium plan
L00800,College Student,Standard,599,0.6,5,30,Y,CS Outreach Before Upsell,0,High support ticket volume (3) needs resolution first
L00801,Working Professional,Standard,599,0.56,9.7,18,Y,No Action - Standard Monitoring,0,No strong signal in either direction - continue standard monitoring
L00802,Working Professional,Pro,999,1,8.8,12,Y,Recommend Premium,0,Working Professional averaging 8.8 hrs/week with 100.0% completion
L00803,College Student,Basic,299,0.33,3.1,23,N,Low-Intent Discount User - No Further Discount,0,"Coupon user with low 33.0% completion - signals low intent, not price sensitivity"
L00804,Career Switcher,Pro,999,0.73,10.3,12,Y,Recommend Premium (Power Usage),0,Completed 11 courses - power usage on a non-Premium plan
L00805,Working Professional,Standard,599,0.67,5.1,11,Y,Loyalty Reward (Free Month / 10% Off Renewal),10,Working Professional loyal for 10 months with consistent renewals
L00806,College Student,Basic,299,0.6,4.4,11,Y,Maintain Current Plan - Monitor,0,"Steady mid-range engagement (60.0% completion, 4.4 hrs/week) - no action needed yet"
L00807,Power Learner,Premium,1499,1,14.6,2,Y,Recommend Premium,0,Power Learner with 100.0% completion rate
L00808,College Student,Basic,299,0.6,8.7,27,Y,CS Outreach Before Upsell,0,High support ticket volume (3) needs resolution first
L00809,Casual Learner,Basic,299,0.5,3.9,69,N,High Churn Risk - Win-Back Offer,20,Inactive for 69 days and did not renew last cycle
L00810,Career Switcher,Pro,999,0.6,5.9,14,Y,Maintain Current Plan - Monitor,0,"Steady mid-range engagement (60.0% completion, 5.9 hrs/week) - no action needed yet"
L00811,Career Switcher,Standard,599,1,7.9,10,Y,Recommend Upgrade to Pro,0,On Standard but completing 100.0% at 7.9 hrs/week - outgrowing current plan
L00812,Working Professional,Standard,599,0.62,7.8,8,Y,CS Outreach Before Upsell,0,High support ticket volume (3) needs resolution first
L00813,Working Professional,Standard,599,0.67,4.5,13,N,Maintain Current Plan - Monitor,0,"Steady mid-range engagement (67.0% completion, 4.5 hrs/week) - no action needed yet"
L00814,Working Professional,Premium,1499,0.62,7.1,1,Y,Loyalty Reward (Free Month / 10% Off Renewal),10,Working Professional loyal for 10 months with consistent renewals
L00815,Casual Learner,Basic,299,0,2.9,20,Y,CS Outreach Before Upsell,0,High support ticket volume (3) needs resolution first
L00816,Career Switcher,Standard,599,0.7,7.3,9,Y,No Action - Standard Monitoring,0,No strong signal in either direction - continue standard monitoring
L00817,Working Professional,Standard,599,0.75,8.9,14,Y,Recommend Premium,0,Working Professional averaging 8.9 hrs/week with 75.0% completion
L00818,College Student,Standard,599,0.46,2.6,23,N,Do Not Extend Discount Next Cycle,0,Received 23% discount but only 46.0% completion - discount not driving engagement
L00819,College Student,Premium,1499,0.75,7.3,35,Y,Student Discount (15%),15,College Student with strong 75.0% completion - budget-sensitive segment
L00820,College Student,Pro,999,0.5,8.9,26,Y,Verify Extended Student Eligibility,0,Age 18 on Pro - confirm still eligible for extended student pricing
L00821,Career Switcher,Standard,599,0.75,8.5,9,Y,Recommend Pro,0,Career Switcher investing 8.5 hrs/week - high intent to reskill
L00822,Certification Seeker,Standard,599,1,5.1,13,Y,Recommend Pro (Certification Value),0,Certification Seeker with 100.0% completion - values credentialing
L00823,Casual Learner,Basic,299,0.1,2.2,67,N,CS Outreach Before Upsell,20,High support ticket volume (5) needs resolution first
L00824,College Student,Standard,599,0.5,3.2,20,Y,CS Outreach Before Upsell,0,High support ticket volume (3) needs resolution first
L00825,Casual Learner,Pro,999,0.4,2.7,62,N,High Churn Risk - Win-Back Offer,20,Inactive for 62 days and did not renew last cycle
L00826,Casual Learner,Standard,599,0.15,3.2,88,N,CS Outreach Before Upsell,20,High support ticket volume (4) needs resolution first
L00827,Casual Learner,Basic,299,0.5,3.7,76,N,High Churn Risk - Win-Back Offer,20,Inactive for 76 days and did not renew last cycle
L00828,Career Switcher,Standard,599,0.75,7.3,14,Y,No Action - Standard Monitoring,0,No strong signal in either direction - continue standard monitoring
L00829,Working Professional,Pro,999,0.67,4.9,0,N,Maintain Current Plan - Monitor,0,"Steady mid-range engagement (67.0% completion, 4.9 hrs/week) - no action needed yet"
L00830,College Student,Standard,599,0.57,4.1,9,Y,Maintain Current Plan - Monitor,0,"Steady mid-range engagement (57.0% completion, 4.1 hrs/week) - no action needed yet"
L00831,College Student,Standard,599,0.53,8.1,25,Y,No Action - Standard Monitoring,0,No strong signal in either direction - continue standard monitoring
L00832,Working Professional,Standard,599,0.5,4.1,10,Y,Maintain Current Plan - Monitor,0,"Steady mid-range engagement (50.0% completion, 4.1 hrs/week) - no action needed yet"
L00833,Working Professional,Pro,999,0.71,9.4,11,Y,Recommend Premium,10,Working Professional averaging 9.4 hrs/week with 71.0% completion
L00834,Power Learner,Premium,1499,0.91,12.5,1,Y,Recommend Premium,0,Power Learner with 91.0% completion rate
L00835,Power Learner,Premium,1499,1,18.3,1,Y,Recommend Premium,0,Power Learner with 100.0% completion rate
L00836,Career Switcher,Standard,599,0.5,8.1,6,Y,Recommend Pro,0,Career Switcher investing 8.1 hrs/week - high intent to reskill
L00837,Career Switcher,Pro,999,0.57,9.3,0,Y,Recommend Pro,0,Career Switcher investing 9.3 hrs/week - high intent to reskill
L00838,Working Professional,Premium,1499,0.62,6,16,Y,CS Outreach Before Upsell,0,High support ticket volume (3) needs resolution first
L00839,Certification Seeker,Standard,599,0.88,6.8,3,N,Recommend Pro (Certification Value),10,Certification Seeker with 88.0% completion - values credentialing
L00840,Casual Learner,Basic,299,0.5,2.2,58,Y,Renewal Reminder,0,No login in 58 days
L00841,Casual Learner,Basic,299,0.31,1.6,80,N,CS Outreach Before Upsell,20,High support ticket volume (3) needs resolution first
L00842,Certification Seeker,Standard,599,0.7,4.8,14,Y,Maintain Current Plan - Monitor,0,"Steady mid-range engagement (70.0% completion, 4.8 hrs/week) - no action needed yet"
L00843,Working Professional,Premium,1499,0.8,4.1,6,Y,No Action - Standard Monitoring,0,No strong signal in either direction - continue standard monitoring
L00844,Casual Learner,Standard,599,0,2.3,33,N,Low-Intent Discount User - No Further Discount,0,"Coupon user with low 0.0% completion - signals low intent, not price sensitivity"
L00845,Working Professional,Standard,599,0.5,7.5,3,N,CS Outreach Before Upsell,0,High support ticket volume (3) needs resolution first
L00846,College Student,Premium,1499,0.6,4.9,9,Y,Verify Extended Student Eligibility,0,Age 19 on Premium - confirm still eligible for extended student pricing
L00847,Casual Learner,Standard,599,0.5,3.2,60,N,Renewal Reminder,0,No login in 60 days
L00848,Working Professional,Standard,599,0.57,5.6,4,N,Maintain Current Plan - Monitor,0,"Steady mid-range engagement (57.0% completion, 5.6 hrs/week) - no action needed yet"
L00849,College Student,Standard,599,0.5,8.7,34,N,No Action - Standard Monitoring,0,No strong signal in either direction - continue standard monitoring
L00850,Casual Learner,Basic,299,0.43,2.6,29,N,CS Outreach Before Upsell,0,High support ticket volume (3) needs resolution first
L00851,Power Learner,Pro,999,1,13.4,3,Y,Recommend Premium,0,Power Learner with 100.0% completion rate
L00852,College Student,Pro,999,0.55,6.7,34,Y,No Action - Standard Monitoring,0,No strong signal in either direction - continue standard monitoring
L00853,College Student,Basic,299,0.5,8.6,8,Y,No Action - Standard Monitoring,0,No strong signal in either direction - continue standard monitoring
L00854,College Student,Standard,599,0.71,3,7,Y,Student Discount (15%),15,College Student with strong 71.0% completion - budget-sensitive segment
L00855,Working Professional,Pro,999,0.83,4.6,16,Y,Recommend Premium (Power Usage),0,Completed 10 courses - power usage on a non-Premium plan
L00856,Working Professional,Standard,599,0.67,9.9,11,N,CS Outreach Before Upsell,0,High support ticket volume (3) needs resolution first
L00857,Working Professional,Premium,1499,1,6.6,7,Y,Recommend Premium,0,Working Professional averaging 6.6 hrs/week with 100.0% completion
L00858,Power Learner,Pro,999,1,11.8,1,Y,Recommend Premium,0,Power Learner with 100.0% completion rate
L00859,College Student,Standard,599,0.75,4.9,33,N,Offer Loyalty Discount (10%),10,"Engaged (75.0% completion) but did not renew - likely a price objection, not a satisfaction issue"
L00860,College Student,Basic,299,0.46,6.4,39,N,No Action - Standard Monitoring,0,No strong signal in either direction - continue standard monitoring
L00861,College Student,Standard,599,0.33,5.7,6,N,Low-Intent Discount User - No Further Discount,0,"Coupon user with low 33.0% completion - signals low intent, not price sensitivity"
L00862,Working Professional,Standard,599,0.67,8.9,9,Y,Recommend Premium (Power Usage),10,Completed 10 courses - power usage on a non-Premium plan
L00863,Working Professional,Pro,999,0.67,5.2,16,Y,Loyalty Reward (Free Month / 10% Off Renewal),10,Working Professional loyal for 10 months with consistent renewals
L00864,Working Professional,Standard,599,0.75,8.4,10,Y,Recommend Premium,0,Working Professional averaging 8.4 hrs/week with 75.0% completion
L00865,Working Professional,Pro,999,0.55,7.8,5,Y,CS Outreach Before Upsell,0,High support ticket volume (3) needs resolution first
L00866,Career Switcher,Pro,999,0.67,7.8,14,Y,No Action - Standard Monitoring,0,No strong signal in either direction - continue standard monitoring
L00867,Certification Seeker,Pro,999,1,6.3,24,N,Recommend Pro (Certification Value),10,Certification Seeker with 100.0% completion - values credentialing
L00868,College Student,Basic,299,0.56,4.1,19,Y,Maintain Current Plan - Monitor,0,"Steady mid-range engagement (56.0% completion, 4.1 hrs/week) - no action needed yet"
L00869,Power Learner,Premium,1499,0.85,17.8,2,Y,Recommend Premium,0,Power Learner with 85.0% completion rate
L00870,Casual Learner,Basic,299,0.38,1.1,48,N,Renewal Reminder,0,No login in 48 days
L00871,Power Learner,Premium,1499,0.8,18.9,2,N,Recommend Annual Plan,10,Power Learner active for 7 months - strong annual-plan candidate
L00872,Career Switcher,Standard,599,0.73,10.8,12,N,Recommend Pro,10,Career Switcher investing 10.8 hrs/week - high intent to reskill
L00873,College Student,Basic,299,0.33,6.1,9,Y,No Action - Standard Monitoring,0,No strong signal in either direction - continue standard monitoring
L00874,Career Switcher,Standard,599,0.53,7.1,14,N,No Action - Standard Monitoring,0,No strong signal in either direction - continue standard monitoring
L00875,College Student,Basic,299,0.5,8.1,18,N,No Action - Standard Monitoring,0,No strong signal in either direction - continue standard monitoring
L00876,Career Switcher,Pro,999,0.67,10.9,8,Y,Recommend Pro,0,Career Switcher investing 10.9 hrs/week - high intent to reskill
L00877,College Student,Basic,299,0.57,6.7,31,Y,No Action - Standard Monitoring,0,No strong signal in either direction - continue standard monitoring
L00878,Career Switcher,Standard,599,0.75,7.5,13,N,Offer Loyalty Discount (10%),10,"Engaged (75.0% completion) but did not renew - likely a price objection, not a satisfaction issue"
L00879,Career Switcher,Pro,999,0.67,6.5,0,N,CS Outreach Before Upsell,0,High support ticket volume (3) needs resolution first
L00880,College Student,Premium,1499,0.55,3.9,20,N,Maintain Current Plan - Monitor,0,"Steady mid-range engagement (55.0% completion, 3.9 hrs/week) - no action needed yet"
L00881,Casual Learner,Standard,599,0.2,1.7,49,N,CS Outreach Before Upsell,0,High support ticket volume (3) needs resolution first
L00882,Career Switcher,Premium,1499,0.67,7.5,11,Y,No Action - Standard Monitoring,0,No strong signal in either direction - continue standard monitoring
L00883,Certification Seeker,Standard,599,0.8,3.4,2,Y,Recommend Premium (Power Usage),0,Completed 12 courses - power usage on a non-Premium plan
L00884,Working Professional,Premium,1499,0.5,9.1,19,N,CS Outreach Before Upsell,0,High support ticket volume (3) needs resolution first
L00885,College Student,Standard,599,0.54,8.9,14,N,No Action - Standard Monitoring,0,No strong signal in either direction - continue standard monitoring
L00886,Working Professional,Standard,599,0.83,7.5,8,Y,Recommend Premium,10,Working Professional averaging 7.5 hrs/week with 83.0% completion
L00887,Certification Seeker,Basic,299,0.67,3.7,25,Y,Maintain Current Plan - Monitor,0,"Steady mid-range engagement (67.0% completion, 3.7 hrs/week) - no action needed yet"
L00888,Certification Seeker,Standard,599,0.7,7.2,19,Y,No Action - Standard Monitoring,0,No strong signal in either direction - continue standard monitoring
L00889,Career Switcher,Premium,1499,0.8,5.4,2,Y,No Action - Standard Monitoring,0,No strong signal in either direction - continue standard monitoring
L00890,Casual Learner,Standard,599,0.2,2.4,58,N,Renewal Reminder,0,No login in 58 days
L00891,Power Learner,Premium,1499,1,17.1,0,Y,Recommend Premium,0,Power Learner with 100.0% completion rate
L00892,College Student,Basic,299,0.43,7.1,5,Y,CS Outreach Before Upsell,0,High support ticket volume (3) needs resolution first
L00893,Working Professional,Standard,599,0.6,8.2,15,N,No Action - Standard Monitoring,0,No strong signal in either direction - continue standard monitoring
L00894,Career Switcher,Pro,999,0.5,11.2,1,Y,Recommend Pro,0,Career Switcher investing 11.2 hrs/week - high intent to reskill
L00895,Working Professional,Premium,1499,0.67,5.1,5,Y,Maintain Current Plan - Monitor,0,"Steady mid-range engagement (67.0% completion, 5.1 hrs/week) - no action needed yet"
L00896,Certification Seeker,Basic,299,0.87,7.7,25,Y,Recommend Premium (Power Usage),0,Completed 13 courses - power usage on a non-Premium plan
L00897,College Student,Standard,599,0.69,8.4,35,Y,No Action - Standard Monitoring,0,No strong signal in either direction - continue standard monitoring
L00898,College Student,Basic,299,0.44,8.4,37,Y,Do Not Extend Discount Next Cycle,0,Received 23% discount but only 44.0% completion - discount not driving engagement
L00899,College Student,Basic,299,0.44,2.6,31,N,No Action - Standard Monitoring,0,No strong signal in either direction - continue standard monitoring
L00900,Casual Learner,Pro,999,0.17,3.6,89,N,High Churn Risk - Win-Back Offer,20,Inactive for 89 days and did not renew last cycle
L00901,Working Professional,Pro,999,0.78,9.2,16,Y,Recommend Premium,10,Working Professional averaging 9.2 hrs/week with 78.0% completion
L00902,Power Learner,Premium,1499,0.71,12.1,0,Y,Recommend Annual Plan,0,Power Learner active for 8 months - strong annual-plan candidate
L00903,College Student,Standard,599,0.4,8.4,2,Y,Do Not Extend Discount Next Cycle,0,Received 23% discount but only 40.0% completion - discount not driving engagement
L00904,Certification Seeker,Standard,599,0.7,4.9,24,Y,Maintain Current Plan - Monitor,0,"Steady mid-range engagement (70.0% completion, 4.9 hrs/week) - no action needed yet"
L00905,Casual Learner,Basic,299,0.17,0.7,61,N,CS Outreach Before Upsell,20,High support ticket volume (3) needs resolution first
L00906,Working Professional,Pro,999,0.75,8.9,2,Y,Recommend Premium,0,Working Professional averaging 8.9 hrs/week with 75.0% completion
L00907,College Student,Basic,299,0.62,7.6,27,Y,No Action - Standard Monitoring,0,No strong signal in either direction - continue standard monitoring
L00908,Working Professional,Basic,299,0.83,9.7,8,Y,Recommend Premium,0,Working Professional averaging 9.7 hrs/week with 83.0% completion
L00909,Power Learner,Pro,999,1,13.4,0,Y,Recommend Premium,0,Power Learner with 100.0% completion rate
L00910,Power Learner,Premium,1499,1,10.2,2,Y,Recommend Premium,0,Power Learner with 100.0% completion rate
L00911,Career Switcher,Premium,1499,0.5,5.2,2,Y,Maintain Current Plan - Monitor,0,"Steady mid-range engagement (50.0% completion, 5.2 hrs/week) - no action needed yet"
L00912,Working Professional,Pro,999,0.67,9.9,15,Y,No Action - Standard Monitoring,0,No strong signal in either direction - continue standard monitoring
L00913,Career Switcher,Premium,1499,0.5,10.2,9,Y,CS Outreach Before Upsell,0,High support ticket volume (3) needs resolution first
L00914,Career Switcher,Premium,1499,0.67,10.1,12,Y,Recommend Pro,0,Career Switcher investing 10.1 hrs/week - high intent to reskill
L00915,College Student,Pro,999,0.67,6.6,23,Y,Verify Extended Student Eligibility,0,Age 19 on Pro - confirm still eligible for extended student pricing
L00916,College Student,Standard,599,0.25,4.1,26,Y,CS Outreach Before Upsell,0,High support ticket volume (5) needs resolution first
L00917,Power Learner,Premium,1499,0.9,12.7,1,Y,Recommend Premium,0,Power Learner with 90.0% completion rate
L00918,Working Professional,Standard,599,1,7.2,3,Y,Recommend Premium,10,Working Professional averaging 7.2 hrs/week with 100.0% completion
L00919,Working Professional,Premium,1499,0.8,9,19,Y,Recommend Premium,0,Working Professional averaging 9 hrs/week with 80.0% completion
L00920,College Student,Pro,999,0.71,3.1,34,N,Offer Loyalty Discount (10%),10,"Engaged (71.0% completion) but did not renew - likely a price objection, not a satisfaction issue"
L00921,Certification Seeker,Basic,299,0.67,3.7,15,Y,CS Outreach Before Upsell,0,High support ticket volume (3) needs resolution first
L00922,College Student,Pro,999,0.4,8.2,11,N,Verify Extended Student Eligibility,0,Age 18 on Pro - confirm still eligible for extended student pricing
L00923,Casual Learner,Basic,299,0.3,1.7,22,N,Low-Intent Discount User - No Further Discount,0,"Coupon user with low 30.0% completion - signals low intent, not price sensitivity"
L00924,Power Learner,Premium,1499,0.86,16.5,2,Y,Recommend Premium,0,Power Learner with 86.0% completion rate
L00925,Working Professional,Pro,999,1,5.8,15,Y,No Action - Standard Monitoring,0,No strong signal in either direction - continue standard monitoring
L00926,Casual Learner,Standard,599,0.25,3.8,53,N,Renewal Reminder,0,No login in 53 days
L00927,Certification Seeker,Pro,999,0.6,4.2,11,Y,Maintain Current Plan - Monitor,0,"Steady mid-range engagement (60.0% completion, 4.2 hrs/week) - no action needed yet"
L00928,College Student,Standard,599,1,6.4,6,Y,Recommend Upgrade to Pro,15,On Standard but completing 100.0% at 6.4 hrs/week - outgrowing current plan
L00929,Casual Learner,Standard,599,0.27,1.2,30,N,CS Outreach Before Upsell,0,High support ticket volume (4) needs resolution first
L00930,College Student,Basic,299,0.44,2.6,16,N,No Action - Standard Monitoring,0,No strong signal in either direction - continue standard monitoring
L00931,College Student,Basic,299,0.55,7.9,38,Y,No Action - Standard Monitoring,0,No strong signal in either direction - continue standard monitoring
L00932,Career Switcher,Basic,299,0.54,8.5,13,N,Recommend Pro,0,Career Switcher investing 8.5 hrs/week - high intent to reskill
L00933,Career Switcher,Pro,999,0.67,9.7,8,Y,Recommend Pro,0,Career Switcher investing 9.7 hrs/week - high intent to reskill
L00934,Casual Learner,Basic,299,0.25,0.6,72,N,CS Outreach Before Upsell,20,High support ticket volume (4) needs resolution first
L00935,Working Professional,Standard,599,0.82,9.2,12,Y,Recommend Premium,0,Working Professional averaging 9.2 hrs/week with 82.0% completion
L00936,Power Learner,Pro,999,1,12.7,0,Y,Recommend Premium,0,Power Learner with 100.0% completion rate
L00937,Career Switcher,Premium,1499,0.5,8.4,1,Y,Recommend Pro,0,Career Switcher investing 8.4 hrs/week - high intent to reskill
L00938,Working Professional,Pro,999,0.6,7.8,20,Y,No Action - Standard Monitoring,0,No strong signal in either direction - continue standard monitoring
L00939,Working Professional,Pro,999,0.75,4.4,11,Y,No Action - Standard Monitoring,0,No strong signal in either direction - continue standard monitoring
L00940,Certification Seeker,Pro,999,0.8,6.5,10,N,Offer Loyalty Discount (10%),10,"Engaged (80.0% completion) but did not renew - likely a price objection, not a satisfaction issue"
L00941,College Student,Basic,299,0.44,4.7,39,N,Do Not Extend Discount Next Cycle,0,Received 22% discount but only 44.0% completion - discount not driving engagement
L00942,Casual Learner,Basic,299,0.21,2.2,20,N,CS Outreach Before Upsell,0,High support ticket volume (3) needs resolution first
L00943,Working Professional,Pro,999,0.75,5.1,9,Y,Loyalty Reward (Free Month / 10% Off Renewal),10,Working Professional loyal for 11 months with consistent renewals
L00944,Working Professional,Standard,599,0.69,4.2,2,Y,CS Outreach Before Upsell,0,High support ticket volume (3) needs resolution first
L00945,Career Switcher,Premium,1499,0.6,6.9,14,N,No Action - Standard Monitoring,0,No strong signal in either direction - continue standard monitoring
L00946,Career Switcher,Pro,999,0.71,8.9,13,Y,Recommend Pro,0,Career Switcher investing 8.9 hrs/week - high intent to reskill
L00947,Casual Learner,Standard,599,0,1,28,N,Do Not Extend Discount Next Cycle,0,Received 29% discount but only 0.0% completion - discount not driving engagement
L00948,Power Learner,Pro,999,0.91,14.9,0,N,Recommend Premium,10,Power Learner with 91.0% completion rate
L00949,Working Professional,Standard,599,0.75,8.1,1,Y,Recommend Premium,10,Working Professional averaging 8.1 hrs/week with 75.0% completion
L00950,College Student,Basic,299,0.62,6.7,32,Y,No Action - Standard Monitoring,0,No strong signal in either direction - continue standard monitoring
L00951,Career Switcher,Basic,299,0.67,5.6,5,Y,Recommend Upgrade to Standard,0,On Basic but logging in 13x/month with 67.0% completion
L00952,Working Professional,Standard,599,0.75,9.4,3,Y,Recommend Premium,0,Working Professional averaging 9.4 hrs/week with 75.0% completion
L00953,College Student,Standard,599,0.71,7.2,13,Y,Recommend Premium (Power Usage),15,Completed 10 courses - power usage on a non-Premium plan
L00954,College Student,Pro,999,0.57,5.5,20,Y,CS Outreach Before Upsell,0,High support ticket volume (3) needs resolution first
L00955,Career Switcher,Premium,1499,0.8,9.3,8,Y,Recommend Pro,0,Career Switcher investing 9.3 hrs/week - high intent to reskill
L00956,College Student,Basic,299,0.8,6.6,2,N,Recommend Upgrade to Pro,10,On Basic but completing 80.0% at 6.6 hrs/week - outgrowing current plan
L00957,Casual Learner,Basic,299,0.4,0.8,78,Y,Renewal Reminder,0,No login in 78 days
L00958,Career Switcher,Basic,299,0.62,7.6,15,Y,No Action - Standard Monitoring,0,No strong signal in either direction - continue standard monitoring
L00959,Power Learner,Pro,999,0.75,10.2,1,Y,No Action - Standard Monitoring,0,No strong signal in either direction - continue standard monitoring
L00960,Casual Learner,Basic,299,0.33,2.6,80,N,CS Outreach Before Upsell,20,High support ticket volume (5) needs resolution first
L00961,Working Professional,Standard,599,0.64,6.2,9,Y,CS Outreach Before Upsell,0,High support ticket volume (3) needs resolution first
L00962,Working Professional,Standard,599,0.67,7.9,17,Y,No Action - Standard Monitoring,0,No strong signal in either direction - continue standard monitoring
L00963,Career Switcher,Premium,1499,0.73,10.8,2,Y,Recommend Pro,0,Career Switcher investing 10.8 hrs/week - high intent to reskill
L00964,College Student,Standard,599,0.57,5.4,23,N,Maintain Current Plan - Monitor,0,"Steady mid-range engagement (57.0% completion, 5.4 hrs/week) - no action needed yet"
L00965,Casual Learner,Basic,299,0.44,3.6,20,N,Maintain Current Plan - Monitor,0,"Steady mid-range engagement (44.0% completion, 3.6 hrs/week) - no action needed yet"
L00966,Casual Learner,Basic,299,0,2.4,44,Y,Low-Intent Discount User - No Further Discount,0,"Coupon user with low 0.0% completion - signals low intent, not price sensitivity"
L00967,Power Learner,Basic,299,0.86,13,2,Y,Recommend Premium,0,Power Learner with 86.0% completion rate
L00968,Power Learner,Standard,599,0.8,14.7,0,N,Recommend Annual Plan,10,Power Learner active for 12 months - strong annual-plan candidate
L00969,Working Professional,Standard,599,0.67,4.5,14,Y,Maintain Current Plan - Monitor,0,"Steady mid-range engagement (67.0% completion, 4.5 hrs/week) - no action needed yet"
L00970,Career Switcher,Basic,299,0.75,5.9,0,Y,Recommend Upgrade to Standard,0,On Basic but logging in 18x/month with 75.0% completion
L00971,Career Switcher,Pro,999,1,6.2,9,Y,No Action - Standard Monitoring,0,No strong signal in either direction - continue standard monitoring
L00972,College Student,Standard,599,1,4.7,11,Y,Student Discount (15%),15,College Student with strong 100.0% completion - budget-sensitive segment
L00973,Casual Learner,Basic,299,0.33,3.9,23,N,No Action - Standard Monitoring,0,No strong signal in either direction - continue standard monitoring
L00974,Certification Seeker,Standard,599,0.6,5.2,2,Y,CS Outreach Before Upsell,0,High support ticket volume (3) needs resolution first
L00975,Certification Seeker,Standard,599,0.78,3.9,14,Y,No Action - Standard Monitoring,0,No strong signal in either direction - continue standard monitoring
L00976,Casual Learner,Basic,299,0.17,1.3,58,N,Renewal Reminder,0,No login in 58 days
L00977,College Student,Pro,999,0.75,4.2,30,Y,Student Discount (15%),15,College Student with strong 75.0% completion - budget-sensitive segment
L00978,College Student,Standard,599,0.5,3,30,N,CS Outreach Before Upsell,0,High support ticket volume (3) needs resolution first
L00979,Working Professional,Basic,299,0.55,4.3,12,Y,CS Outreach Before Upsell,0,High support ticket volume (3) needs resolution first
L00980,Certification Seeker,Pro,999,0.8,7.4,7,Y,No Action - Standard Monitoring,0,No strong signal in either direction - continue standard monitoring
L00981,Working Professional,Pro,999,0.69,6.2,8,N,No Action - Standard Monitoring,0,No strong signal in either direction - continue standard monitoring
L00982,Career Switcher,Pro,999,0.5,9.1,4,Y,Recommend Pro,0,Career Switcher investing 9.1 hrs/week - high intent to reskill
L00983,College Student,Basic,299,0.4,8.4,12,Y,No Action - Standard Monitoring,0,No strong signal in either direction - continue standard monitoring
L00984,Working Professional,Pro,999,0.75,5.8,17,Y,Loyalty Reward (Free Month / 10% Off Renewal),10,Working Professional loyal for 12 months with consistent renewals
L00985,Certification Seeker,Standard,599,0.75,7,7,Y,No Action - Standard Monitoring,0,No strong signal in either direction - continue standard monitoring
L00986,Career Switcher,Pro,999,0.75,5,8,Y,No Action - Standard Monitoring,0,No strong signal in either direction - continue standard monitoring
L00987,College Student,Standard,599,0.38,4.2,11,N,No Action - Standard Monitoring,0,No strong signal in either direction - continue standard monitoring
L00988,College Student,Standard,599,0.7,6.8,2,Y,No Action - Standard Monitoring,0,No strong signal in either direction - continue standard monitoring
L00989,College Student,Standard,599,0.67,2.2,20,Y,No Action - Standard Monitoring,0,No strong signal in either direction - continue standard monitoring
L00990,College Student,Standard,599,0.4,2.7,14,Y,No Action - Standard Monitoring,0,No strong signal in either direction - continue standard monitoring
L00991,College Student,Basic,299,0.62,2.7,26,Y,No Action - Standard Monitoring,0,No strong signal in either direction - continue standard monitoring
L00992,College Student,Standard,599,0.57,4.4,31,Y,Maintain Current Plan - Monitor,0,"Steady mid-range engagement (57.0% completion, 4.4 hrs/week) - no action needed yet"
L00993,College Student,Standard,599,0.5,3.5,25,N,Maintain Current Plan - Monitor,0,"Steady mid-range engagement (50.0% completion, 3.5 hrs/week) - no action needed yet"
L00994,Career Switcher,Pro,999,0.62,7.5,15,Y,CS Outreach Before Upsell,0,High support ticket volume (3) needs resolution first
L00995,College Student,Basic,299,0.62,8,33,Y,Recommend Upgrade to Standard,0,On Basic but logging in 14x/month with 62.0% completion
L00996,College Student,Standard,599,0.75,2.4,33,N,Offer Loyalty Discount (10%),10,"Engaged (75.0% completion) but did not renew - likely a price objection, not a satisfaction issue"
L00997,College Student,Standard,599,0.62,8.1,3,Y,No Action - Standard Monitoring,0,No strong signal in either direction - continue standard monitoring
L00998,Power Learner,Premium,1499,1,16,0,Y,Recommend Premium,0,Power Learner with 100.0% completion rate
L00999,Career Switcher,Pro,999,0.77,6.7,10,Y,Recommend Premium (Power Usage),0,Completed 10 courses - power usage on a non-Premium plan
L01000,College Student,Basic,299,0.5,7.8,17,Y,No Action - Standard Monitoring,0,No strong signal in either direction - continue standard monitoring
L01001,Casual Learner,Basic,299,0.33,2.4,70,N,CS Outreach Before Upsell,20,High support ticket volume (5) needs resolution first
L01002,Certification Seeker,Standard,599,0.67,3.6,6,Y,CS Outreach Before Upsell,0,High support ticket volume (3) needs resolution first
L01003,Working Professional,Standard,599,0.85,5.3,14,Y,Recommend Premium (Power Usage),0,Completed 11 courses - power usage on a non-Premium plan
L01004,College Student,Standard,599,0.57,7,13,N,No Action - Standard Monitoring,0,No strong signal in either direction - continue standard monitoring
L01005,Certification Seeker,Standard,599,0.83,7.4,2,N,Recommend Pro (Certification Value),10,Certification Seeker with 83.0% completion - values credentialing
L01006,Certification Seeker,Standard,599,1,7.6,0,Y,Recommend Pro (Certification Value),0,Certification Seeker with 100.0% completion - values credentialing
L01007,College Student,Basic,299,0.6,7.6,22,N,CS Outreach Before Upsell,0,High support ticket volume (3) needs resolution first
L01008,Working Professional,Premium,1499,0.75,9.6,10,Y,Recommend Premium,0,Working Professional averaging 9.6 hrs/week with 75.0% completion
L01009,Certification Seeker,Standard,599,0.7,3.2,4,Y,Maintain Current Plan - Monitor,0,"Steady mid-range engagement (70.0% completion, 3.2 hrs/week) - no action needed yet"
L01010,College Student,Basic,299,0.47,3.9,4,Y,Maintain Current Plan - Monitor,0,"Steady mid-range engagement (47.0% completion, 3.9 hrs/week) - no action needed yet"
L01011,Working Professional,Premium,1499,0.67,7.5,10,Y,No Action - Standard Monitoring,0,No strong signal in either direction - continue standard monitoring
L01012,College Student,Pro,999,0.8,5.5,3,N,Offer Loyalty Discount (10%),10,"Engaged (80.0% completion) but did not renew - likely a price objection, not a satisfaction issue"
L01013,Career Switcher,Premium,1499,0.57,9.9,11,Y,Recommend Pro,0,Career Switcher investing 9.9 hrs/week - high intent to reskill
L01014,College Student,Pro,999,1,5,9,Y,Student Discount (15%),15,College Student with strong 100.0% completion - budget-sensitive segment
L01015,Power Learner,Premium,1499,0.8,12.9,1,Y,No Action - Standard Monitoring,0,No strong signal in either direction - continue standard monitoring
L01016,College Student,Standard,599,1,8.3,9,Y,Recommend Upgrade to Pro,15,On Standard but completing 100.0% at 8.3 hrs/week - outgrowing current plan
L01017,Certification Seeker,Standard,599,1,4.7,18,N,Recommend Pro (Certification Value),10,Certification Seeker with 100.0% completion - values credentialing
L01018,Certification Seeker,Pro,999,0.5,7.2,19,Y,No Action - Standard Monitoring,0,No strong signal in either direction - continue standard monitoring
L01019,Casual Learner,Standard,599,0.31,1.9,40,N,CS Outreach Before Upsell,0,High support ticket volume (3) needs resolution first
L01020,Casual Learner,Standard,599,0,1.3,39,Y,Engagement Nudge - Stay on Basic,0,Casual Learner with low 0.0% completion - keep expectations low-commitment
L01021,Working Professional,Pro,999,0.5,5.9,15,N,Maintain Current Plan - Monitor,0,"Steady mid-range engagement (50.0% completion, 5.9 hrs/week) - no action needed yet"
L01022,Career Switcher,Standard,599,0.5,5.3,12,Y,Maintain Current Plan - Monitor,0,"Steady mid-range engagement (50.0% completion, 5.3 hrs/week) - no action needed yet"
L01023,Casual Learner,Pro,999,0.33,3.5,20,Y,No Action - Standard Monitoring,0,No strong signal in either direction - continue standard monitoring
L01024,Power Learner,Pro,999,0.86,15,1,Y,Recommend Premium,0,Power Learner with 86.0% completion rate
L01025,Working Professional,Pro,999,0.79,5.2,10,N,Recommend Premium (Power Usage),10,Completed 11 courses - power usage on a non-Premium plan
L01026,Power Learner,Premium,1499,0.85,18,2,Y,Recommend Premium,0,Power Learner with 85.0% completion rate
L01027,Career Switcher,Premium,1499,0.6,9,7,Y,Recommend Pro,0,Career Switcher investing 9 hrs/week - high intent to reskill
L01028,Career Switcher,Pro,999,0.57,6.6,7,Y,CS Outreach Before Upsell,0,High support ticket volume (3) needs resolution first
L01029,Certification Seeker,Premium,1499,0.86,5.7,9,Y,Recommend Pro (Certification Value),0,Certification Seeker with 86.0% completion - values credentialing
L01030,Career Switcher,Standard,599,0.5,11.6,3,N,Recommend Pro,0,Career Switcher investing 11.6 hrs/week - high intent to reskill
L01031,Working Professional,Standard,599,0.5,5.9,17,N,Maintain Current Plan - Monitor,0,"Steady mid-range engagement (50.0% completion, 5.9 hrs/week) - no action needed yet"
L01032,College Student,Standard,599,0.5,2.9,29,Y,No Action - Standard Monitoring,0,No strong signal in either direction - continue standard monitoring
L01033,College Student,Standard,599,0.67,7.1,5,N,CS Outreach Before Upsell,0,High support ticket volume (3) needs resolution first
L01034,Casual Learner,Standard,599,0.25,0.9,71,N,CS Outreach Before Upsell,20,High support ticket volume (5) needs resolution first
L01035,College Student,Standard,599,0,4.7,23,N,Low-Intent Discount User - No Further Discount,0,"Coupon user with low 0.0% completion - signals low intent, not price sensitivity"
L01036,Certification Seeker,Premium,1499,0.77,3.4,19,Y,No Action - Standard Monitoring,0,No strong signal in either direction - continue standard monitoring
L01037,Casual Learner,Basic,299,0.45,1.5,27,N,No Action - Standard Monitoring,0,No strong signal in either direction - continue standard monitoring
L01038,Power Learner,Premium,1499,0.86,13.6,2,Y,Recommend Premium,0,Power Learner with 86.0% completion rate
L01039,Certification Seeker,Standard,599,0.75,6.8,3,Y,No Action - Standard Monitoring,0,No strong signal in either direction - continue standard monitoring
L01040,Working Professional,Pro,999,0.82,9.6,9,Y,Recommend Premium,10,Working Professional averaging 9.6 hrs/week with 82.0% completion
L01041,Certification Seeker,Pro,999,1,3.3,3,Y,Recommend Pro (Certification Value),0,Certification Seeker with 100.0% completion - values credentialing
L01042,College Student,Basic,299,1,6.5,6,Y,Recommend Upgrade to Pro,15,On Basic but completing 100.0% at 6.5 hrs/week - outgrowing current plan
L01043,Certification Seeker,Basic,299,1,7.4,15,Y,Recommend Pro (Certification Value),0,Certification Seeker with 100.0% completion - values credentialing
L01044,Working Professional,Premium,1499,0.6,5.6,13,Y,CS Outreach Before Upsell,0,High support ticket volume (3) needs resolution first
L01045,Casual Learner,Standard,599,0,0.9,51,N,Renewal Reminder,0,No login in 51 days
L01046,College Student,Standard,599,0.5,3.5,0,Y,Maintain Current Plan - Monitor,0,"Steady mid-range engagement (50.0% completion, 3.5 hrs/week) - no action needed yet"
L01047,Working Professional,Standard,599,0.75,9.1,6,Y,Recommend Premium,0,Working Professional averaging 9.1 hrs/week with 75.0% completion
L01048,College Student,Basic,299,0.5,2.4,29,Y,No Action - Standard Monitoring,0,No strong signal in either direction - continue standard monitoring
L01049,Working Professional,Pro,999,0.64,5.8,14,Y,CS Outreach Before Upsell,0,High support ticket volume (3) needs resolution first
L01050,Working Professional,Pro,999,0.73,6.9,17,Y,Recommend Premium (Power Usage),10,Completed 11 courses - power usage on a non-Premium plan
L01051,College Student,Basic,299,0.8,8.7,15,N,Recommend Upgrade to Pro,10,On Basic but completing 80.0% at 8.7 hrs/week - outgrowing current plan
L01052,College Student,Standard,599,0.67,5.4,6,Y,Maintain Current Plan - Monitor,0,"Steady mid-range engagement (67.0% completion, 5.4 hrs/week) - no action needed yet"
L01053,Career Switcher,Pro,999,0.83,11.2,1,Y,Recommend Pro,0,Career Switcher investing 11.2 hrs/week - high intent to reskill
L01054,Working Professional,Standard,599,0.67,5.4,6,Y,Maintain Current Plan - Monitor,0,"Steady mid-range engagement (67.0% completion, 5.4 hrs/week) - no action needed yet"
L01055,Power Learner,Premium,1499,0.8,13.7,2,N,Offer Loyalty Discount (10%),10,"Engaged (80.0% completion) but did not renew - likely a price objection, not a satisfaction issue"
L01056,College Student,Standard,599,0.33,5.8,15,N,CS Outreach Before Upsell,0,High support ticket volume (4) needs resolution first
L01057,College Student,Basic,299,0.33,3.6,17,N,CS Outreach Before Upsell,0,High support ticket volume (5) needs resolution first
L01058,College Student,Basic,299,0.5,3.6,11,Y,CS Outreach Before Upsell,0,High support ticket volume (3) needs resolution first
L01059,College Student,Standard,599,0.64,7.8,9,Y,CS Outreach Before Upsell,0,High support ticket volume (3) needs resolution first
L01060,Working Professional,Standard,599,0.5,5.3,13,N,Maintain Current Plan - Monitor,0,"Steady mid-range engagement (50.0% completion, 5.3 hrs/week) - no action needed yet"
L01061,Casual Learner,Standard,599,0.25,3.4,88,N,High Churn Risk - Win-Back Offer,20,Inactive for 88 days and did not renew last cycle
L01062,Casual Learner,Basic,299,0.29,3.3,45,N,Engagement Nudge - Stay on Basic,0,Casual Learner with low 29.0% completion - keep expectations low-commitment
L01063,College Student,Basic,299,0.53,5.7,35,Y,Maintain Current Plan - Monitor,0,"Steady mid-range engagement (53.0% completion, 5.7 hrs/week) - no action needed yet"
L01064,Career Switcher,Premium,1499,0.56,11,2,Y,Recommend Pro,0,Career Switcher investing 11 hrs/week - high intent to reskill
L01065,Career Switcher,Pro,999,0.7,6,2,Y,Maintain Current Plan - Monitor,0,"Steady mid-range engagement (70.0% completion, 6 hrs/week) - no action needed yet"
L01066,Working Professional,Basic,299,0.67,8.7,0,N,No Action - Standard Monitoring,0,No strong signal in either direction - continue standard monitoring
L01067,Working Professional,Basic,299,0.83,8.5,4,Y,Recommend Premium,10,Working Professional averaging 8.5 hrs/week with 83.0% completion
L01068,College Student,Basic,299,0.38,8.4,9,Y,CS Outreach Before Upsell,0,High support ticket volume (3) needs resolution first
L01069,College Student,Basic,299,0.55,2,15,Y,No Action - Standard Monitoring,0,No strong signal in either direction - continue standard monitoring
L01070,Career Switcher,Pro,999,0.67,6.6,11,Y,CS Outreach Before Upsell,0,High support ticket volume (3) needs resolution first
L01071,Career Switcher,Pro,999,0.69,7.9,14,Y,No Action - Standard Monitoring,0,No strong signal in either direction - continue standard monitoring
L01072,College Student,Basic,299,0.6,2.9,33,Y,No Action - Standard Monitoring,0,No strong signal in either direction - continue standard monitoring
L01073,Working Professional,Standard,599,0.67,7.2,12,Y,CS Outreach Before Upsell,0,High support ticket volume (3) needs resolution first
L01074,Working Professional,Standard,599,0.67,4.1,4,Y,Maintain Current Plan - Monitor,0,"Steady mid-range engagement (67.0% completion, 4.1 hrs/week) - no action needed yet"
L01075,Power Learner,Premium,1499,0.77,12.9,3,Y,Recommend Annual Plan,0,Power Learner active for 7 months - strong annual-plan candidate
L01076,Casual Learner,Basic,299,0.38,1.5,22,N,CS Outreach Before Upsell,0,High support ticket volume (3) needs resolution first
L01077,Power Learner,Premium,1499,1,12.4,1,Y,Recommend Premium,0,Power Learner with 100.0% completion rate
L01078,Casual Learner,Basic,299,0.25,0.7,50,N,Renewal Reminder,0,No login in 50 days
L01079,College Student,Standard,599,0.62,7.6,6,Y,No Action - Standard Monitoring,0,No strong signal in either direction - continue standard monitoring
L01080,College Student,Standard,599,0.43,4.8,14,N,Maintain Current Plan - Monitor,0,"Steady mid-range engagement (43.0% completion, 4.8 hrs/week) - no action needed yet"
L01081,Career Switcher,Basic,299,0.67,11,0,Y,Recommend Pro,0,Career Switcher investing 11 hrs/week - high intent to reskill
L01082,Working Professional,Pro,999,0.64,9.5,12,N,No Action - Standard Monitoring,0,No strong signal in either direction - continue standard monitoring
L01083,Career Switcher,Pro,999,0.5,10.5,1,Y,Recommend Pro,0,Career Switcher investing 10.5 hrs/week - high intent to reskill
L01084,College Student,Standard,599,0.42,3,12,Y,Maintain Current Plan - Monitor,0,"Steady mid-range engagement (42.0% completion, 3 hrs/week) - no action needed yet"
L01085,College Student,Basic,299,0.57,6.9,8,N,No Action - Standard Monitoring,0,No strong signal in either direction - continue standard monitoring
L01086,Casual Learner,Pro,999,0.5,2,25,N,No Action - Standard Monitoring,0,No strong signal in either direction - continue standard monitoring
L01087,Certification Seeker,Standard,599,0.62,3.4,12,N,Maintain Current Plan - Monitor,0,"Steady mid-range engagement (62.0% completion, 3.4 hrs/week) - no action needed yet"
L01088,Casual Learner,Basic,299,0.25,2.3,75,N,CS Outreach Before Upsell,20,High support ticket volume (4) needs resolution first
L01089,Career Switcher,Premium,1499,0.6,7,3,Y,No Action - Standard Monitoring,0,No strong signal in either direction - continue standard monitoring
L01090,College Student,Basic,299,0.36,6.5,7,N,CS Outreach Before Upsell,0,High support ticket volume (5) needs resolution first
L01091,Working Professional,Pro,999,0.8,7.4,14,N,Recommend Premium,10,Working Professional averaging 7.4 hrs/week with 80.0% completion
L01092,Career Switcher,Basic,299,0.64,7.1,11,Y,Recommend Upgrade to Standard,0,On Basic but logging in 16x/month with 64.0% completion
L01093,College Student,Pro,999,0.69,2.8,18,Y,Verify Extended Student Eligibility,0,Age 18 on Pro - confirm still eligible for extended student pricing
L01094,Casual Learner,Basic,299,0.33,2.1,23,N,CS Outreach Before Upsell,0,High support ticket volume (5) needs resolution first
L01095,Casual Learner,Basic,299,0.44,2.6,51,N,Renewal Reminder,0,No login in 51 days
L01096,Certification Seeker,Premium,1499,0.79,6.1,0,Y,No Action - Standard Monitoring,0,No strong signal in either direction - continue standard monitoring
L01097,College Student,Standard,599,0.6,6,26,N,CS Outreach Before Upsell,0,High support ticket volume (3) needs resolution first
L01098,College Student,Standard,599,0.69,6,16,N,Maintain Current Plan - Monitor,0,"Steady mid-range engagement (69.0% completion, 6 hrs/week) - no action needed yet"
L01099,College Student,Standard,599,0.57,2,32,N,No Action - Standard Monitoring,0,No strong signal in either direction - continue standard monitoring
L01100,College Student,Basic,299,0.5,7.7,1,Y,No Action - Standard Monitoring,0,No strong signal in either direction - continue standard monitoring
L01101,Career Switcher,Pro,999,0.75,11,6,N,Recommend Pro,10,Career Switcher investing 11 hrs/week - high intent to reskill
L01102,College Student,Pro,999,0.42,5.1,25,N,CS Outreach Before Upsell,0,High support ticket volume (3) needs resolution first
L01103,Working Professional,Standard,599,0.8,8.8,20,Y,Recommend Premium (Power Usage),10,Completed 12 courses - power usage on a non-Premium plan
L01104,Certification Seeker,Standard,599,1,6.4,2,Y,Recommend Pro (Certification Value),0,Certification Seeker with 100.0% completion - values credentialing
L01105,Power Learner,Pro,999,0.75,11.1,0,Y,Recommend Annual Plan,0,Power Learner active for 7 months - strong annual-plan candidate
L01106,College Student,Standard,599,0.38,7.8,20,Y,Do Not Extend Discount Next Cycle,0,Received 30% discount but only 38.0% completion - discount not driving engagement
L01107,Working Professional,Standard,599,0.67,4.3,18,N,Maintain Current Plan - Monitor,0,"Steady mid-range engagement (67.0% completion, 4.3 hrs/week) - no action needed yet"
L01108,College Student,Basic,299,0.5,6.8,25,N,CS Outreach Before Upsell,0,High support ticket volume (3) needs resolution first
L01109,College Student,Standard,599,0.67,2.6,37,Y,No Action - Standard Monitoring,0,No strong signal in either direction - continue standard monitoring
L01110,Working Professional,Standard,599,0.5,9.2,17,Y,No Action - Standard Monitoring,0,No strong signal in either direction - continue standard monitoring
L01111,Working Professional,Pro,999,1,7.5,12,Y,Recommend Premium,10,Working Professional averaging 7.5 hrs/week with 100.0% completion
L01112,Working Professional,Premium,1499,0.5,6.2,12,Y,No Action - Standard Monitoring,0,No strong signal in either direction - continue standard monitoring
L01113,Working Professional,Premium,1499,0.78,9.2,0,Y,Recommend Premium,10,Working Professional averaging 9.2 hrs/week with 78.0% completion
L01114,College Student,Premium,1499,1,4.3,29,Y,Student Discount (15%),15,College Student with strong 100.0% completion - budget-sensitive segment
L01115,Career Switcher,Premium,1499,0.7,11.2,10,N,Recommend Pro,0,Career Switcher investing 11.2 hrs/week - high intent to reskill
L01116,Career Switcher,Pro,999,0.6,11.2,2,Y,Recommend Pro,0,Career Switcher investing 11.2 hrs/week - high intent to reskill
L01117,Working Professional,Premium,1499,0.73,6.7,6,Y,Recommend Premium,0,Working Professional averaging 6.7 hrs/week with 73.0% completion
L01118,College Student,Standard,599,0.7,5.4,9,N,Maintain Current Plan - Monitor,0,"Steady mid-range engagement (70.0% completion, 5.4 hrs/week) - no action needed yet"
L01119,College Student,Premium,1499,1,7.5,20,Y,Student Discount (15%),15,College Student with strong 100.0% completion - budget-sensitive segment
L01120,College Student,Basic,299,0.36,4.3,36,N,CS Outreach Before Upsell,0,High support ticket volume (3) needs resolution first
L01121,College Student,Standard,599,0.5,3,18,N,Maintain Current Plan - Monitor,0,"Steady mid-range engagement (50.0% completion, 3 hrs/week) - no action needed yet"
L01122,Certification Seeker,Standard,599,0.83,4.3,5,N,Recommend Pro (Certification Value),10,Certification Seeker with 83.0% completion - values credentialing
L01123,Working Professional,Standard,599,0.69,5.3,10,N,Maintain Current Plan - Monitor,0,"Steady mid-range engagement (69.0% completion, 5.3 hrs/week) - no action needed yet"
L01124,Certification Seeker,Standard,599,0.89,5.4,12,Y,Recommend Pro (Certification Value),0,Certification Seeker with 89.0% completion - values credentialing
L01125,Working Professional,Standard,599,0.57,7.7,18,Y,Loyalty Reward (Free Month / 10% Off Renewal),10,Working Professional loyal for 11 months with consistent renewals
L01126,Career Switcher,Standard,599,0.5,5.6,6,Y,Maintain Current Plan - Monitor,0,"Steady mid-range engagement (50.0% completion, 5.6 hrs/week) - no action needed yet"
L01127,Working Professional,Standard,599,0.62,8.9,16,Y,No Action - Standard Monitoring,0,No strong signal in either direction - continue standard monitoring
L01128,Career Switcher,Premium,1499,0.6,5.2,5,Y,CS Outreach Before Upsell,0,High support ticket volume (3) needs resolution first
L01129,Career Switcher,Standard,599,0.6,6.6,11,Y,CS Outreach Before Upsell,0,High support ticket volume (3) needs resolution first
L01130,Working Professional,Pro,999,0.67,7.2,9,N,No Action - Standard Monitoring,0,No strong signal in either direction - continue standard monitoring
L01131,Certification Seeker,Premium,1499,0.8,6.9,5,N,Offer Loyalty Discount (10%),10,"Engaged (80.0% completion) but did not renew - likely a price objection, not a satisfaction issue"
L01132,Working Professional,Premium,1499,0.83,9.3,4,N,Recommend Premium,10,Working Professional averaging 9.3 hrs/week with 83.0% completion
L01133,College Student,Basic,299,0.55,4.3,2,Y,Maintain Current Plan - Monitor,0,"Steady mid-range engagement (55.0% completion, 4.3 hrs/week) - no action needed yet"
L01134,Working Professional,Standard,599,0.71,10,4,Y,Recommend Premium (Power Usage),10,Completed 10 courses - power usage on a non-Premium plan
L01135,Career Switcher,Standard,599,0.8,5.9,5,N,Offer Loyalty Discount (10%),10,"Engaged (80.0% completion) but did not renew - likely a price objection, not a satisfaction issue"
L01136,College Student,Basic,299,0.73,2.9,9,Y,Recommend Upgrade to Standard,15,On Basic but logging in 13x/month with 73.0% completion
L01137,College Student,Basic,299,0.44,3.4,29,Y,CS Outreach Before Upsell,0,High support ticket volume (3) needs resolution first
L01138,College Student,Basic,299,0.33,8.8,40,Y,CS Outreach Before Upsell,0,High support ticket volume (3) needs resolution first
L01139,College Student,Pro,999,0.36,3.7,25,Y,CS Outreach Before Upsell,0,High support ticket volume (4) needs resolution first
L01140,Working Professional,Pro,999,0.67,5.3,0,N,CS Outreach Before Upsell,0,High support ticket volume (3) needs resolution first
L01141,Power Learner,Premium,1499,1,10.8,1,Y,Recommend Premium,0,Power Learner with 100.0% completion rate
L01142,Casual Learner,Basic,299,0.38,1.4,82,N,High Churn Risk - Win-Back Offer,20,Inactive for 82 days and did not renew last cycle
L01143,Working Professional,Standard,599,1,7.5,19,Y,Recommend Premium,0,Working Professional averaging 7.5 hrs/week with 100.0% completion
L01144,College Student,Basic,299,0.75,8.3,33,Y,Recommend Upgrade to Standard,15,On Basic but logging in 11x/month with 75.0% completion
L01145,Career Switcher,Basic,299,0.71,10.3,4,Y,Recommend Pro,0,Career Switcher investing 10.3 hrs/week - high intent to reskill
L01146,Certification Seeker,Standard,599,0.83,7.3,11,Y,Recommend Premium (Power Usage),0,Completed 10 courses - power usage on a non-Premium plan
L01147,Career Switcher,Standard,599,0.71,11.8,12,Y,Recommend Premium (Power Usage),0,Completed 10 courses - power usage on a non-Premium plan
L01148,Working Professional,Basic,299,0.82,7.9,18,Y,Recommend Premium,0,Working Professional averaging 7.9 hrs/week with 82.0% completion
L01149,Casual Learner,Pro,999,0.2,2,30,Y,Do Not Extend Discount Next Cycle,0,Received 22% discount but only 20.0% completion - discount not driving engagement
L01150,Career Switcher,Standard,599,0.64,11.5,13,Y,Recommend Pro,0,Career Switcher investing 11.5 hrs/week - high intent to reskill
L01151,Working Professional,Standard,599,0.73,4.2,10,Y,Recommend Premium (Power Usage),10,Completed 11 courses - power usage on a non-Premium plan
L01152,Career Switcher,Pro,999,0.75,7.7,0,Y,No Action - Standard Monitoring,0,No strong signal in either direction - continue standard monitoring
L01153,Casual Learner,Basic,299,0.17,2.9,87,N,High Churn Risk - Win-Back Offer,20,Inactive for 87 days and did not renew last cycle
L01154,Working Professional,Pro,999,1,10,12,Y,Recommend Premium,0,Working Professional averaging 10 hrs/week with 100.0% completion
L01155,Career Switcher,Pro,999,0.5,6.6,3,Y,No Action - Standard Monitoring,0,No strong signal in either direction - continue standard monitoring
L01156,Working Professional,Standard,599,0.62,9.3,0,Y,No Action - Standard Monitoring,0,No strong signal in either direction - continue standard monitoring
L01157,College Student,Basic,299,0.5,6.3,5,Y,No Action - Standard Monitoring,0,No strong signal in either direction - continue standard monitoring
L01158,Certification Seeker,Standard,599,0.79,7.1,7,Y,Recommend Premium (Power Usage),0,Completed 11 courses - power usage on a non-Premium plan
L01159,Career Switcher,Pro,999,0.69,9.4,14,Y,Recommend Pro,0,Career Switcher investing 9.4 hrs/week - high intent to reskill
L01160,College Student,Standard,599,0.5,7.9,29,Y,No Action - Standard Monitoring,0,No strong signal in either direction - continue standard monitoring
L01161,College Student,Basic,299,0.44,3.9,31,Y,Maintain Current Plan - Monitor,0,"Steady mid-range engagement (44.0% completion, 3.9 hrs/week) - no action needed yet"
L01162,College Student,Standard,599,0.5,2.6,2,Y,No Action - Standard Monitoring,0,No strong signal in either direction - continue standard monitoring
L01163,College Student,Standard,599,1,7.6,7,Y,Recommend Upgrade to Pro,15,On Standard but completing 100.0% at 7.6 hrs/week - outgrowing current plan
L01164,Casual Learner,Basic,299,0.46,2.5,45,Y,CS Outreach Before Upsell,0,High support ticket volume (3) needs resolution first
L01165,Casual Learner,Standard,599,0.33,3.4,65,Y,Renewal Reminder,0,No login in 65 days
L01166,Power Learner,Pro,999,1,16.3,0,Y,Recommend Premium,0,Power Learner with 100.0% completion rate
L01167,College Student,Standard,599,0.6,2.5,40,N,No Action - Standard Monitoring,0,No strong signal in either direction - continue standard monitoring
L01168,College Student,Standard,599,0.5,7.8,38,Y,No Action - Standard Monitoring,0,No strong signal in either direction - continue standard monitoring
L01169,Working Professional,Pro,999,1,5.8,12,Y,Loyalty Reward (Free Month / 10% Off Renewal),10,Working Professional loyal for 12 months with consistent renewals
L01170,Career Switcher,Pro,999,0.67,6.3,9,Y,Recommend Premium (Power Usage),0,Completed 10 courses - power usage on a non-Premium plan
L01171,Certification Seeker,Basic,299,1,3.3,17,Y,Recommend Pro (Certification Value),0,Certification Seeker with 100.0% completion - values credentialing
L01172,Career Switcher,Standard,599,0.8,9.9,14,N,Recommend Premium (Power Usage),10,Completed 12 courses - power usage on a non-Premium plan
L01173,Working Professional,Premium,1499,0.67,7.2,3,N,CS Outreach Before Upsell,0,High support ticket volume (3) needs resolution first
L01174,Working Professional,Basic,299,0.75,5.6,13,Y,No Action - Standard Monitoring,0,No strong signal in either direction - continue standard monitoring
L01175,College Student,Standard,599,0.73,2.6,32,Y,Student Discount (15%),15,College Student with strong 73.0% completion - budget-sensitive segment
L01176,Working Professional,Pro,999,1,7.5,20,Y,Recommend Premium,0,Working Professional averaging 7.5 hrs/week with 100.0% completion
L01177,Casual Learner,Basic,299,0.2,0.7,51,N,CS Outreach Before Upsell,0,High support ticket volume (3) needs resolution first
L01178,Working Professional,Standard,599,0.6,4.3,20,N,Maintain Current Plan - Monitor,0,"Steady mid-range engagement (60.0% completion, 4.3 hrs/week) - no action needed yet"
L01179,Working Professional,Standard,599,0.67,4.1,10,Y,CS Outreach Before Upsell,0,High support ticket volume (3) needs resolution first
L01180,Career Switcher,Standard,599,0.67,8.7,7,Y,CS Outreach Before Upsell,0,High support ticket volume (3) needs resolution first
L01181,Power Learner,Premium,1499,0.79,18.3,2,Y,Recommend Annual Plan,0,Power Learner active for 10 months - strong annual-plan candidate
L01182,Power Learner,Premium,1499,1,12.3,3,Y,Recommend Premium,0,Power Learner with 100.0% completion rate
L01183,College Student,Basic,299,0.5,7.3,9,N,No Action - Standard Monitoring,0,No strong signal in either direction - continue standard monitoring
L01184,College Student,Standard,599,0.67,7.3,4,N,No Action - Standard Monitoring,0,No strong signal in either direction - continue standard monitoring
L01185,Working Professional,Standard,599,0.79,5.6,3,Y,Recommend Premium (Power Usage),0,Completed 11 courses - power usage on a non-Premium plan
L01186,Power Learner,Premium,1499,0.78,14,3,Y,Recommend Annual Plan,0,Power Learner active for 10 months - strong annual-plan candidate
L01187,Career Switcher,Standard,599,0.55,10.1,5,N,Recommend Pro,0,Career Switcher investing 10.1 hrs/week - high intent to reskill
L01188,Working Professional,Standard,599,0.78,4.5,7,Y,No Action - Standard Monitoring,0,No strong signal in either direction - continue standard monitoring
L01189,College Student,Standard,599,1,4.3,3,Y,Student Discount (15%),15,College Student with strong 100.0% completion - budget-sensitive segment
L01190,Power Learner,Pro,999,0.92,20,2,Y,Recommend Premium,0,Power Learner with 92.0% completion rate
L01191,College Student,Basic,299,0.67,4.2,31,N,Maintain Current Plan - Monitor,0,"Steady mid-range engagement (67.0% completion, 4.2 hrs/week) - no action needed yet"
L01192,Power Learner,Pro,999,0.93,12.6,3,Y,Recommend Premium,0,Power Learner with 93.0% completion rate
L01193,College Student,Basic,299,0.33,2.1,27,Y,CS Outreach Before Upsell,0,High support ticket volume (4) needs resolution first
L01194,Certification Seeker,Standard,599,0.67,6.1,0,Y,No Action - Standard Monitoring,0,No strong signal in either direction - continue standard monitoring
L01195,Power Learner,Premium,1499,0.8,17.6,0,Y,No Action - Standard Monitoring,0,No strong signal in either direction - continue standard monitoring
L01196,Power Learner,Pro,999,0.93,18.8,3,N,Recommend Premium,10,Power Learner with 93.0% completion rate
L01197,Working Professional,Basic,299,0.6,4.7,1,Y,Loyalty Reward (Free Month / 10% Off Renewal),10,Working Professional loyal for 12 months with consistent renewals
L01198,Working Professional,Pro,999,0.89,9.8,11,N,Recommend Premium,10,Working Professional averaging 9.8 hrs/week with 89.0% completion
L01199,Working Professional,Pro,999,0.67,5.5,9,Y,Maintain Current Plan - Monitor,0,"Steady mid-range engagement (67.0% completion, 5.5 hrs/week) - no action needed yet"
L01200,Power Learner,Premium,1499,0.87,17.7,0,Y,Recommend Premium,0,Power Learner with 87.0% completion rate
L01201,Career Switcher,Basic,299,0.73,8.8,5,Y,Recommend Premium (Power Usage),0,Completed 11 courses - power usage on a non-Premium plan
L01202,College Student,Basic,299,0.62,6.4,24,Y,No Action - Standard Monitoring,0,No strong signal in either direction - continue standard monitoring
L01203,Certification Seeker,Basic,299,0.64,6.9,16,Y,No Action - Standard Monitoring,0,No strong signal in either direction - continue standard monitoring
L01204,College Student,Basic,299,0,8.4,16,N,CS Outreach Before Upsell,0,High support ticket volume (5) needs resolution first
L01205,Casual Learner,Basic,299,0.2,0.9,61,N,CS Outreach Before Upsell,20,High support ticket volume (5) needs resolution first
L01206,Casual Learner,Premium,1499,0.17,2.3,27,Y,Downgrade Review,0,Paying for Premium but completion rate is only 17.0%
L01207,Working Professional,Standard,599,0.67,9.2,12,Y,No Action - Standard Monitoring,0,No strong signal in either direction - continue standard monitoring
L01208,College Student,Basic,299,0.57,8.9,35,N,No Action - Standard Monitoring,0,No strong signal in either direction - continue standard monitoring
L01209,Working Professional,Standard,599,0.67,4.3,0,Y,Maintain Current Plan - Monitor,0,"Steady mid-range engagement (67.0% completion, 4.3 hrs/week) - no action needed yet"
L01210,Working Professional,Basic,299,1,7,15,Y,Recommend Premium,0,Working Professional averaging 7 hrs/week with 100.0% completion
L01211,Casual Learner,Standard,599,0.5,3.7,51,N,CS Outreach Before Upsell,0,High support ticket volume (3) needs resolution first
L01212,Casual Learner,Basic,299,0.38,1.9,60,N,CS Outreach Before Upsell,0,High support ticket volume (4) needs resolution first
L01213,Working Professional,Pro,999,0.83,9.7,14,N,Recommend Premium,10,Working Professional averaging 9.7 hrs/week with 83.0% completion
L01214,Career Switcher,Basic,299,0.75,7.8,9,Y,Recommend Upgrade to Standard,0,On Basic but logging in 13x/month with 75.0% completion
L01215,Working Professional,Pro,999,1,5.6,1,Y,Loyalty Reward (Free Month / 10% Off Renewal),10,Working Professional loyal for 10 months with consistent renewals
L01216,College Student,Standard,599,0.5,6,10,Y,CS Outreach Before Upsell,0,High support ticket volume (3) needs resolution first
L01217,Career Switcher,Pro,999,0.5,7.5,13,Y,CS Outreach Before Upsell,0,High support ticket volume (3) needs resolution first
L01218,Career Switcher,Standard,599,0.73,10.3,14,Y,Recommend Pro,0,Career Switcher investing 10.3 hrs/week - high intent to reskill
L01219,Power Learner,Premium,1499,1,17.8,2,Y,Recommend Premium,0,Power Learner with 100.0% completion rate
L01220,Career Switcher,Pro,999,0.6,10.5,4,Y,Recommend Pro,0,Career Switcher investing 10.5 hrs/week - high intent to reskill
L01221,College Student,Standard,599,0.33,5.1,23,N,CS Outreach Before Upsell,0,High support ticket volume (3) needs resolution first
L01222,Certification Seeker,Basic,299,0.83,3.7,15,Y,Recommend Premium (Power Usage),0,Completed 10 courses - power usage on a non-Premium plan
L01223,College Student,Basic,299,0.43,5.2,8,N,Maintain Current Plan - Monitor,0,"Steady mid-range engagement (43.0% completion, 5.2 hrs/week) - no action needed yet"
L01224,Certification Seeker,Basic,299,0.6,6.3,5,Y,No Action - Standard Monitoring,0,No strong signal in either direction - continue standard monitoring
L01225,Working Professional,Basic,299,0.77,4.4,17,Y,Recommend Premium (Power Usage),0,Completed 10 courses - power usage on a non-Premium plan
L01226,Power Learner,Premium,1499,0.86,19.8,0,N,Recommend Premium,10,Power Learner with 86.0% completion rate
L01227,Certification Seeker,Standard,599,1,5.3,18,Y,Recommend Pro (Certification Value),0,Certification Seeker with 100.0% completion - values credentialing
L01228,Working Professional,Pro,999,0.64,6.8,18,Y,Loyalty Reward (Free Month / 10% Off Renewal),10,Working Professional loyal for 9 months with consistent renewals
L01229,Working Professional,Premium,1499,0.6,7.1,15,N,No Action - Standard Monitoring,0,No strong signal in either direction - continue standard monitoring
L01230,Casual Learner,Basic,299,0.33,1.7,71,N,CS Outreach Before Upsell,20,High support ticket volume (3) needs resolution first
L01231,Career Switcher,Pro,999,0.57,7.8,13,N,No Action - Standard Monitoring,0,No strong signal in either direction - continue standard monitoring
L01232,Certification Seeker,Premium,1499,0.86,7,25,Y,Recommend Pro (Certification Value),0,Certification Seeker with 86.0% completion - values credentialing
L01233,College Student,Basic,299,0.43,6.3,5,Y,Do Not Extend Discount Next Cycle,0,Received 21% discount but only 43.0% completion - discount not driving engagement
L01234,Working Professional,Pro,999,0.5,5.9,19,N,CS Outreach Before Upsell,0,High support ticket volume (3) needs resolution first
L01235,Power Learner,Pro,999,0.75,17,3,N,Offer Loyalty Discount (10%),10,"Engaged (75.0% completion) but did not renew - likely a price objection, not a satisfaction issue"
L01236,Working Professional,Premium,1499,0.85,8,14,Y,Recommend Premium,0,Working Professional averaging 8 hrs/week with 85.0% completion
L01237,Certification Seeker,Standard,599,0.91,7.3,11,Y,Recommend Premium (Power Usage),0,Completed 10 courses - power usage on a non-Premium plan
L01238,Career Switcher,Basic,299,0.75,5.7,6,Y,Recommend Upgrade to Standard,0,On Basic but logging in 15x/month with 75.0% completion
L01239,Career Switcher,Pro,999,0.8,5.3,9,Y,No Action - Standard Monitoring,0,No strong signal in either direction - continue standard monitoring
L01240,Certification Seeker,Standard,599,0.75,7.4,1,Y,No Action - Standard Monitoring,0,No strong signal in either direction - continue standard monitoring
L01241,Working Professional,Premium,1499,0.69,9.3,17,Y,No Action - Standard Monitoring,0,No strong signal in either direction - continue standard monitoring
L01242,Working Professional,Standard,599,0.6,7.4,20,Y,No Action - Standard Monitoring,0,No strong signal in either direction - continue standard monitoring
L01243,Casual Learner,Standard,599,0.33,4,54,N,Renewal Reminder,0,No login in 54 days
L01244,Working Professional,Basic,299,1,6.9,5,Y,Recommend Premium,0,Working Professional averaging 6.9 hrs/week with 100.0% completion
L01245,College Student,Basic,299,0.67,3.3,29,Y,Maintain Current Plan - Monitor,0,"Steady mid-range engagement (67.0% completion, 3.3 hrs/week) - no action needed yet"
L01246,College Student,Basic,299,1,6,26,Y,Recommend Upgrade to Standard,15,On Basic but logging in 14x/month with 100.0% completion
L01247,College Student,Basic,299,0.45,7.6,0,N,Do Not Extend Discount Next Cycle,0,Received 30% discount but only 45.0% completion - discount not driving engagement
L01248,Power Learner,Premium,1499,0.86,10.9,3,Y,Recommend Premium,0,Power Learner with 86.0% completion rate
L01249,Certification Seeker,Standard,599,0.87,3.9,14,Y,Recommend Premium (Power Usage),0,Completed 13 courses - power usage on a non-Premium plan
L01250,Casual Learner,Standard,599,0.33,0.5,75,N,High Churn Risk - Win-Back Offer,20,Inactive for 75 days and did not renew last cycle
L01251,Certification Seeker,Pro,999,0.57,3.5,24,Y,Maintain Current Plan - Monitor,0,"Steady mid-range engagement (57.0% completion, 3.5 hrs/week) - no action needed yet"
L01252,College Student,Standard,599,1,3.2,24,Y,Student Discount (15%),15,College Student with strong 100.0% completion - budget-sensitive segment
L01253,Casual Learner,Basic,299,0.38,2.6,85,N,CS Outreach Before Upsell,20,High support ticket volume (3) needs resolution first
L01254,Working Professional,Standard,599,0.7,5,5,Y,Maintain Current Plan - Monitor,0,"Steady mid-range engagement (70.0% completion, 5 hrs/week) - no action needed yet"
L01255,Power Learner,Pro,999,0.93,19.9,1,Y,Recommend Premium,0,Power Learner with 93.0% completion rate
L01256,Power Learner,Premium,1499,0.75,16.3,1,Y,Recommend Annual Plan,0,Power Learner active for 12 months - strong annual-plan candidate
L01257,College Student,Basic,299,0.5,6.9,15,Y,No Action - Standard Monitoring,0,No strong signal in either direction - continue standard monitoring
L01258,Certification Seeker,Standard,599,0.8,7.9,11,Y,Recommend Upgrade to Pro,0,On Standard but completing 80.0% at 7.9 hrs/week - outgrowing current plan
L01259,Working Professional,Standard,599,0.55,8.1,19,Y,CS Outreach Before Upsell,0,High support ticket volume (3) needs resolution first
L01260,Certification Seeker,Standard,599,0.57,4.3,8,N,Maintain Current Plan - Monitor,0,"Steady mid-range engagement (57.0% completion, 4.3 hrs/week) - no action needed yet"
L01261,College Student,Basic,299,0.71,4.6,23,N,Offer Loyalty Discount (10%),10,"Engaged (71.0% completion) but did not renew - likely a price objection, not a satisfaction issue"
L01262,Certification Seeker,Pro,999,0.67,3.4,25,N,Maintain Current Plan - Monitor,0,"Steady mid-range engagement (67.0% completion, 3.4 hrs/week) - no action needed yet"
L01263,Working Professional,Pro,999,1,8.6,18,Y,Recommend Premium,10,Working Professional averaging 8.6 hrs/week with 100.0% completion
L01264,College Student,Basic,299,0.43,2.6,16,Y,No Action - Standard Monitoring,0,No strong signal in either direction - continue standard monitoring
L01265,College Student,Pro,999,0.67,8.7,6,Y,Recommend Premium (Power Usage),0,Completed 10 courses - power usage on a non-Premium plan
L01266,Career Switcher,Standard,599,0.67,10.6,9,Y,Recommend Pro,0,Career Switcher investing 10.6 hrs/week - high intent to reskill
L01267,College Student,Standard,599,1,2.5,33,N,Offer Loyalty Discount (10%),10,"Engaged (100.0% completion) but did not renew - likely a price objection, not a satisfaction issue"
L01268,Working Professional,Pro,999,0.75,6.4,20,Y,Recommend Premium,0,Working Professional averaging 6.4 hrs/week with 75.0% completion
L01269,Working Professional,Premium,1499,0.67,8.7,2,Y,Loyalty Reward (Free Month / 10% Off Renewal),10,Working Professional loyal for 10 months with consistent renewals
L01270,Working Professional,Premium,1499,0.5,9.5,16,N,No Action - Standard Monitoring,0,No strong signal in either direction - continue standard monitoring
L01271,Working Professional,Pro,999,0.6,4.7,0,Y,Maintain Current Plan - Monitor,0,"Steady mid-range engagement (60.0% completion, 4.7 hrs/week) - no action needed yet"
L01272,College Student,Standard,599,0.6,3.4,26,N,Maintain Current Plan - Monitor,0,"Steady mid-range engagement (60.0% completion, 3.4 hrs/week) - no action needed yet"
L01273,College Student,Standard,599,0.36,3.6,1,N,CS Outreach Before Upsell,0,High support ticket volume (4) needs resolution first
L01274,Certification Seeker,Basic,299,0.67,5.7,17,Y,Maintain Current Plan - Monitor,0,"Steady mid-range engagement (67.0% completion, 5.7 hrs/week) - no action needed yet"
L01275,Certification Seeker,Pro,999,0.75,7.5,1,Y,No Action - Standard Monitoring,0,No strong signal in either direction - continue standard monitoring
L01276,Working Professional,Premium,1499,0.71,6.7,12,N,Recommend Premium,10,Working Professional averaging 6.7 hrs/week with 71.0% completion
L01277,Career Switcher,Pro,999,0.73,5.4,10,N,Offer Loyalty Discount (10%),10,"Engaged (73.0% completion) but did not renew - likely a price objection, not a satisfaction issue"
L01278,Working Professional,Basic,299,0.7,5.9,3,N,Recommend Upgrade to Standard,0,On Basic but logging in 11x/month with 70.0% completion
L01279,Career Switcher,Premium,1499,0.67,5.9,11,N,Maintain Current Plan - Monitor,0,"Steady mid-range engagement (67.0% completion, 5.9 hrs/week) - no action needed yet"
L01280,College Student,Standard,599,0.47,2.9,39,Y,No Action - Standard Monitoring,0,No strong signal in either direction - continue standard monitoring
L01281,College Student,Standard,599,0.4,8.3,38,Y,No Action - Standard Monitoring,0,No strong signal in either direction - continue standard monitoring
L01282,College Student,Premium,1499,1,4.8,35,Y,Student Discount (15%),15,College Student with strong 100.0% completion - budget-sensitive segment
L01283,Casual Learner,Basic,299,0.09,2.2,70,N,CS Outreach Before Upsell,20,High support ticket volume (5) needs resolution first
L01284,Career Switcher,Pro,999,0.75,8,8,Y,No Action - Standard Monitoring,0,No strong signal in either direction - continue standard monitoring
L01285,College Student,Pro,999,0.6,5.6,6,Y,Verify Extended Student Eligibility,0,Age 19 on Pro - confirm still eligible for extended student pricing
L01286,Power Learner,Pro,999,1,19.9,1,Y,Recommend Premium,0,Power Learner with 100.0% completion rate
L01287,College Student,Basic,299,1,7.6,6,Y,Recommend Upgrade to Pro,15,On Basic but completing 100.0% at 7.6 hrs/week - outgrowing current plan
L01288,Working Professional,Pro,999,0.82,6.4,16,Y,Recommend Premium,0,Working Professional averaging 6.4 hrs/week with 82.0% completion
L01289,Working Professional,Standard,599,0.67,7.4,20,Y,No Action - Standard Monitoring,0,No strong signal in either direction - continue standard monitoring
L01290,Casual Learner,Basic,299,0.29,2.5,31,Y,CS Outreach Before Upsell,0,High support ticket volume (5) needs resolution first
L01291,Career Switcher,Pro,999,0.67,10.7,8,Y,CS Outreach Before Upsell,0,High support ticket volume (3) needs resolution first
L01292,Casual Learner,Basic,299,0.4,2.5,75,N,CS Outreach Before Upsell,20,High support ticket volume (3) needs resolution first
L01293,Power Learner,Pro,999,0.92,18.9,0,Y,Recommend Premium,0,Power Learner with 92.0% completion rate
L01294,Working Professional,Pro,999,0.73,6.1,20,Y,Recommend Premium (Power Usage),0,Completed 11 courses - power usage on a non-Premium plan
L01295,College Student,Basic,299,0.5,6.7,40,Y,No Action - Standard Monitoring,0,No strong signal in either direction - continue standard monitoring
L01296,College Student,Basic,299,0.58,5.9,18,Y,CS Outreach Before Upsell,0,High support ticket volume (3) needs resolution first
L01297,Career Switcher,Standard,599,0.75,9.2,2,Y,Recommend Pro,0,Career Switcher investing 9.2 hrs/week - high intent to reskill
L01298,College Student,Basic,299,0.4,4.2,30,N,CS Outreach Before Upsell,0,High support ticket volume (3) needs resolution first
L01299,Power Learner,Premium,1499,0.75,16.5,3,Y,Recommend Annual Plan,0,Power Learner active for 10 months - strong annual-plan candidate
L01300,Working Professional,Pro,999,0.86,5.2,7,Y,Recommend Premium (Power Usage),10,Completed 12 courses - power usage on a non-Premium plan
L01301,Working Professional,Standard,599,0.6,8.5,7,Y,No Action - Standard Monitoring,0,No strong signal in either direction - continue standard monitoring
L01302,Certification Seeker,Pro,999,0.67,4.4,9,Y,Recommend Premium (Power Usage),0,Completed 10 courses - power usage on a non-Premium plan
L01303,Casual Learner,Basic,299,0.17,2.6,73,N,High Churn Risk - Win-Back Offer,20,Inactive for 73 days and did not renew last cycle
L01304,College Student,Basic,299,0.6,2.8,2,Y,No Action - Standard Monitoring,0,No strong signal in either direction - continue standard monitoring
L01305,Casual Learner,Basic,299,0,1,24,N,CS Outreach Before Upsell,0,High support ticket volume (4) needs resolution first
L01306,College Student,Standard,599,0.5,8.3,6,N,CS Outreach Before Upsell,0,High support ticket volume (3) needs resolution first
L01307,Career Switcher,Pro,999,0.71,9.7,0,N,Recommend Pro,10,Career Switcher investing 9.7 hrs/week - high intent to reskill
L01308,College Student,Basic,299,0.4,4.8,5,N,Maintain Current Plan - Monitor,0,"Steady mid-range engagement (40.0% completion, 4.8 hrs/week) - no action needed yet"
L01309,College Student,Basic,299,0.43,3.4,18,N,Maintain Current Plan - Monitor,0,"Steady mid-range engagement (43.0% completion, 3.4 hrs/week) - no action needed yet"
L01310,Casual Learner,Standard,599,0.36,3.4,90,N,CS Outreach Before Upsell,20,High support ticket volume (5) needs resolution first
L01311,Working Professional,Premium,1499,1,4.5,14,Y,Loyalty Reward (Free Month / 10% Off Renewal),10,Working Professional loyal for 11 months with consistent renewals
L01312,Certification Seeker,Standard,599,0.8,7.7,5,Y,Recommend Upgrade to Pro,0,On Standard but completing 80.0% at 7.7 hrs/week - outgrowing current plan
L01313,Working Professional,Standard,599,0.67,10,0,Y,Loyalty Reward (Free Month / 10% Off Renewal),10,Working Professional loyal for 9 months with consistent renewals
L01314,College Student,Basic,299,0.67,5.1,27,N,CS Outreach Before Upsell,0,High support ticket volume (3) needs resolution first
L01315,College Student,Basic,299,0.5,2.4,23,N,No Action - Standard Monitoring,0,No strong signal in either direction - continue standard monitoring
L01316,Career Switcher,Standard,599,0.6,6.9,1,Y,No Action - Standard Monitoring,0,No strong signal in either direction - continue standard monitoring
L01317,College Student,Basic,299,0.67,2.4,16,Y,CS Outreach Before Upsell,0,High support ticket volume (3) needs resolution first
L01318,Casual Learner,Basic,299,0.17,3.8,53,N,CS Outreach Before Upsell,0,High support ticket volume (5) needs resolution first
L01319,Working Professional,Standard,599,0.6,5.1,19,Y,CS Outreach Before Upsell,0,High support ticket volume (3) needs resolution first
L01320,Career Switcher,Premium,1499,0.5,6.7,14,Y,No Action - Standard Monitoring,0,No strong signal in either direction - continue standard monitoring
L01321,Power Learner,Pro,999,0.92,19.8,3,N,Recommend Premium,10,Power Learner with 92.0% completion rate
L01322,Certification Seeker,Pro,999,0.8,6,3,Y,No Action - Standard Monitoring,0,No strong signal in either direction - continue standard monitoring
L01323,Casual Learner,Basic,299,0.25,1,69,N,High Churn Risk - Win-Back Offer,20,Inactive for 69 days and did not renew last cycle
L01324,Working Professional,Standard,599,0.86,5.9,18,Y,Loyalty Reward (Free Month / 10% Off Renewal),10,Working Professional loyal for 11 months with consistent renewals
L01325,College Student,Premium,1499,0.56,4.1,19,Y,Maintain Current Plan - Monitor,0,"Steady mid-range engagement (56.0% completion, 4.1 hrs/week) - no action needed yet"
L01326,College Student,Standard,599,0.38,7.4,22,Y,CS Outreach Before Upsell,0,High support ticket volume (4) needs resolution first
L01327,Career Switcher,Pro,999,0.6,6.1,10,N,No Action - Standard Monitoring,0,No strong signal in either direction - continue standard monitoring
L01328,College Student,Basic,299,0.67,4.4,9,Y,Maintain Current Plan - Monitor,0,"Steady mid-range engagement (67.0% completion, 4.4 hrs/week) - no action needed yet"
L01329,College Student,Basic,299,0.57,4.2,37,Y,CS Outreach Before Upsell,0,High support ticket volume (3) needs resolution first
L01330,Career Switcher,Pro,999,0.67,7.3,0,N,No Action - Standard Monitoring,0,No strong signal in either direction - continue standard monitoring
L01331,College Student,Basic,299,0.36,8,10,N,Do Not Extend Discount Next Cycle,0,Received 27% discount but only 36.0% completion - discount not driving engagement
L01332,Working Professional,Pro,999,0.62,4.9,17,Y,Loyalty Reward (Free Month / 10% Off Renewal),10,Working Professional loyal for 9 months with consistent renewals
L01333,Career Switcher,Pro,999,0.57,10.3,0,Y,CS Outreach Before Upsell,0,High support ticket volume (3) needs resolution first
L01334,Working Professional,Pro,999,0.77,7.8,12,Y,Recommend Premium (Power Usage),0,Completed 10 courses - power usage on a non-Premium plan
L01335,Career Switcher,Pro,999,1,10.7,2,Y,Recommend Pro,0,Career Switcher investing 10.7 hrs/week - high intent to reskill
L01336,Career Switcher,Pro,999,0.5,11.4,3,Y,CS Outreach Before Upsell,0,High support ticket volume (3) needs resolution first
L01337,Career Switcher,Pro,999,0.53,9.9,0,Y,Recommend Pro,0,Career Switcher investing 9.9 hrs/week - high intent to reskill
L01338,Casual Learner,Basic,299,0.14,3.1,63,N,High Churn Risk - Win-Back Offer,20,Inactive for 63 days and did not renew last cycle
L01339,College Student,Pro,999,0.38,6.8,39,Y,Verify Extended Student Eligibility,0,Age 19 on Pro - confirm still eligible for extended student pricing
L01340,Career Switcher,Pro,999,0.78,11,6,Y,Recommend Pro,0,Career Switcher investing 11 hrs/week - high intent to reskill
L01341,Working Professional,Pro,999,0.5,9.8,5,Y,Loyalty Reward (Free Month / 10% Off Renewal),10,Working Professional loyal for 11 months with consistent renewals
L01342,College Student,Pro,999,0.67,6.3,34,Y,Verify Extended Student Eligibility,0,Age 19 on Pro - confirm still eligible for extended student pricing
L01343,Career Switcher,Standard,599,0.75,11.6,12,Y,Recommend Pro,0,Career Switcher investing 11.6 hrs/week - high intent to reskill
L01344,Career Switcher,Basic,299,0.5,8.7,8,N,CS Outreach Before Upsell,0,High support ticket volume (3) needs resolution first
L01345,College Student,Pro,999,0.6,6.1,15,N,No Action - Standard Monitoring,0,No strong signal in either direction - continue standard monitoring
L01346,Working Professional,Pro,999,0.75,9.2,4,Y,Recommend Premium,10,Working Professional averaging 9.2 hrs/week with 75.0% completion
L01347,Career Switcher,Pro,999,0.64,9.1,0,Y,CS Outreach Before Upsell,0,High support ticket volume (3) needs resolution first
L01348,Power Learner,Premium,1499,0.82,10,3,Y,Recommend Premium,0,Power Learner with 82.0% completion rate
L01349,College Student,Basic,299,0.67,3.7,33,Y,CS Outreach Before Upsell,0,High support ticket volume (3) needs resolution first
L01350,Career Switcher,Standard,599,0.83,6.2,12,Y,Recommend Upgrade to Pro,0,On Standard but completing 83.0% at 6.2 hrs/week - outgrowing current plan
L01351,College Student,Basic,299,0.67,6.2,1,Y,No Action - Standard Monitoring,0,No strong signal in either direction - continue standard monitoring
L01352,College Student,Basic,299,0.4,6.7,35,N,No Action - Standard Monitoring,0,No strong signal in either direction - continue standard monitoring
L01353,Working Professional,Premium,1499,1,8.7,1,Y,Recommend Premium,0,Working Professional averaging 8.7 hrs/week with 100.0% completion
L01354,Certification Seeker,Premium,1499,0.7,4.9,17,Y,Maintain Current Plan - Monitor,0,"Steady mid-range engagement (70.0% completion, 4.9 hrs/week) - no action needed yet"
L01355,College Student,Standard,599,0.36,4.9,2,N,CS Outreach Before Upsell,0,High support ticket volume (3) needs resolution first
L01356,College Student,Basic,299,0.6,2.9,2,N,CS Outreach Before Upsell,0,High support ticket volume (3) needs resolution first
L01357,Working Professional,Standard,599,0.71,4.7,19,N,Recommend Premium (Power Usage),10,Completed 10 courses - power usage on a non-Premium plan
L01358,College Student,Basic,299,1,8.5,18,Y,Recommend Upgrade to Pro,15,On Basic but completing 100.0% at 8.5 hrs/week - outgrowing current plan
L01359,Casual Learner,Basic,299,0,1.1,88,N,CS Outreach Before Upsell,20,High support ticket volume (3) needs resolution first
L01360,Working Professional,Basic,299,1,6.4,2,N,Recommend Premium,10,Working Professional averaging 6.4 hrs/week with 100.0% completion
L01361,Career Switcher,Pro,999,0.67,8.8,7,Y,Recommend Pro,0,Career Switcher investing 8.8 hrs/week - high intent to reskill
L01362,Career Switcher,Standard,599,0.6,5.7,10,Y,Maintain Current Plan - Monitor,0,"Steady mid-range engagement (60.0% completion, 5.7 hrs/week) - no action needed yet"
L01363,Career Switcher,Standard,599,0.73,7.2,7,Y,No Action - Standard Monitoring,0,No strong signal in either direction - continue standard monitoring
L01364,Career Switcher,Standard,599,0.6,7.1,14,Y,No Action - Standard Monitoring,0,No strong signal in either direction - continue standard monitoring
L01365,Working Professional,Standard,599,0.75,5.3,2,N,Offer Loyalty Discount (10%),10,"Engaged (75.0% completion) but did not renew - likely a price objection, not a satisfaction issue"
L01366,Working Professional,Pro,999,0.75,4.4,15,Y,Loyalty Reward (Free Month / 10% Off Renewal),10,Working Professional loyal for 9 months with consistent renewals
L01367,College Student,Standard,599,0.75,4.3,13,Y,Student Discount (15%),15,College Student with strong 75.0% completion - budget-sensitive segment
L01368,Certification Seeker,Standard,599,0.88,7.3,2,Y,Recommend Pro (Certification Value),0,Certification Seeker with 88.0% completion - values credentialing
L01369,College Student,Standard,599,0.73,6.1,16,Y,Student Discount (15%),15,College Student with strong 73.0% completion - budget-sensitive segment
L01370,Career Switcher,Basic,299,0.67,8.9,7,Y,Recommend Pro,0,Career Switcher investing 8.9 hrs/week - high intent to reskill
L01371,College Student,Pro,999,0.67,6.6,17,Y,CS Outreach Before Upsell,0,High support ticket volume (3) needs resolution first
L01372,Working Professional,Standard,599,0.83,7.4,4,Y,Recommend Premium (Power Usage),10,Completed 10 courses - power usage on a non-Premium plan
L01373,Casual Learner,Standard,599,0.38,2.4,77,N,CS Outreach Before Upsell,20,High support ticket volume (3) needs resolution first
L01374,Casual Learner,Basic,299,0,2.3,86,N,High Churn Risk - Win-Back Offer,20,Inactive for 86 days and did not renew last cycle
L01375,Working Professional,Pro,999,0.6,5.5,17,N,Maintain Current Plan - Monitor,0,"Steady mid-range engagement (60.0% completion, 5.5 hrs/week) - no action needed yet"
L01376,Career Switcher,Pro,999,0.8,7.6,13,Y,No Action - Standard Monitoring,0,No strong signal in either direction - continue standard monitoring
L01377,Career Switcher,Pro,999,0.5,7.2,12,Y,No Action - Standard Monitoring,0,No strong signal in either direction - continue standard monitoring
L01378,Certification Seeker,Standard,599,0.7,4.7,23,Y,Maintain Current Plan - Monitor,0,"Steady mid-range engagement (70.0% completion, 4.7 hrs/week) - no action needed yet"
L01379,Working Professional,Pro,999,0.71,6.4,16,Y,Recommend Premium,0,Working Professional averaging 6.4 hrs/week with 71.0% completion
L01380,Casual Learner,Basic,299,0.36,1.7,27,Y,Low-Intent Discount User - No Further Discount,0,"Coupon user with low 36.0% completion - signals low intent, not price sensitivity"
L01381,Power Learner,Premium,1499,0.83,18.2,3,Y,Recommend Premium,0,Power Learner with 83.0% completion rate
L01382,College Student,Standard,599,0.33,5.3,29,Y,CS Outreach Before Upsell,0,High support ticket volume (4) needs resolution first
L01383,Certification Seeker,Standard,599,0.5,4.3,2,Y,Maintain Current Plan - Monitor,0,"Steady mid-range engagement (50.0% completion, 4.3 hrs/week) - no action needed yet"
L01384,College Student,Standard,599,0.44,8.8,2,Y,No Action - Standard Monitoring,0,No strong signal in either direction - continue standard monitoring
L01385,Working Professional,Premium,1499,0.6,9.2,20,N,No Action - Standard Monitoring,0,No strong signal in either direction - continue standard monitoring
L01386,Certification Seeker,Standard,599,0.67,4.3,18,N,CS Outreach Before Upsell,0,High support ticket volume (3) needs resolution first
L01387,Certification Seeker,Pro,999,1,5.7,4,Y,Recommend Pro (Certification Value),0,Certification Seeker with 100.0% completion - values credentialing
L01388,Working Professional,Pro,999,0.5,9,1,Y,CS Outreach Before Upsell,0,High support ticket volume (3) needs resolution first
L01389,Working Professional,Pro,999,0.6,6.4,14,N,No Action - Standard Monitoring,0,No strong signal in either direction - continue standard monitoring
L01390,Working Professional,Standard,599,1,6.4,8,N,Recommend Premium,10,Working Professional averaging 6.4 hrs/week with 100.0% completion
L01391,College Student,Standard,599,0.33,2.1,4,N,No Action - Standard Monitoring,0,No strong signal in either direction - continue standard monitoring
L01392,College Student,Basic,299,0.73,7,6,Y,Recommend Premium (Power Usage),15,Completed 11 courses - power usage on a non-Premium plan
L01393,Casual Learner,Premium,1499,0.25,1.9,42,Y,Downgrade Review,0,Paying for Premium but completion rate is only 25.0%
L01394,College Student,Basic,299,0.4,5.7,3,Y,Maintain Current Plan - Monitor,0,"Steady mid-range engagement (40.0% completion, 5.7 hrs/week) - no action needed yet"
L01395,College Student,Standard,599,0.33,2.4,2,N,CS Outreach Before Upsell,0,High support ticket volume (4) needs resolution first
L01396,Working Professional,Standard,599,0.7,7.5,10,Y,Loyalty Reward (Free Month / 10% Off Renewal),10,Working Professional loyal for 9 months with consistent renewals
L01397,College Student,Standard,599,1,6.3,12,Y,Recommend Upgrade to Pro,15,On Standard but completing 100.0% at 6.3 hrs/week - outgrowing current plan
L01398,College Student,Pro,999,0.38,4.7,11,N,CS Outreach Before Upsell,0,High support ticket volume (3) needs resolution first
L01399,Casual Learner,Basic,299,0.25,2.2,78,N,High Churn Risk - Win-Back Offer,20,Inactive for 78 days and did not renew last cycle
L01400,Working Professional,Standard,599,0.6,6.4,10,N,No Action - Standard Monitoring,0,No strong signal in either direction - continue standard monitoring
L01401,Certification Seeker,Pro,999,1,7,5,Y,Recommend Pro (Certification Value),0,Certification Seeker with 100.0% completion - values credentialing
L01402,Working Professional,Pro,999,0.55,7.9,17,Y,No Action - Standard Monitoring,0,No strong signal in either direction - continue standard monitoring
L01403,College Student,Basic,299,0.67,6.1,10,Y,CS Outreach Before Upsell,0,High support ticket volume (3) needs resolution first
L01404,Career Switcher,Pro,999,0.6,11.4,8,N,Recommend Pro,0,Career Switcher investing 11.4 hrs/week - high intent to reskill
L01405,College Student,Standard,599,0.43,2.9,19,Y,CS Outreach Before Upsell,0,High support ticket volume (3) needs resolution first
L01406,Casual Learner,Pro,999,0,2.4,75,N,CS Outreach Before Upsell,20,High support ticket volume (3) needs resolution first
L01407,College Student,Basic,299,0.67,3.4,9,N,Recommend Upgrade to Standard,0,On Basic but logging in 11x/month with 67.0% completion
L01408,College Student,Basic,299,0.5,7.2,29,Y,No Action - Standard Monitoring,0,No strong signal in either direction - continue standard monitoring
L01409,College Student,Basic,299,0.5,6.4,8,Y,No Action - Standard Monitoring,0,No strong signal in either direction - continue standard monitoring
L01410,Career Switcher,Premium,1499,1,8,12,Y,No Action - Standard Monitoring,0,No strong signal in either direction - continue standard monitoring
L01411,College Student,Basic,299,0.4,5.7,20,Y,Maintain Current Plan - Monitor,0,"Steady mid-range engagement (40.0% completion, 5.7 hrs/week) - no action needed yet"
L01412,College Student,Premium,1499,0.5,6.5,0,Y,CS Outreach Before Upsell,0,High support ticket volume (3) needs resolution first
L01413,Working Professional,Standard,599,0.67,5.6,13,N,Maintain Current Plan - Monitor,0,"Steady mid-range engagement (67.0% completion, 5.6 hrs/week) - no action needed yet"
L01414,Casual Learner,Standard,599,0.3,3.7,48,N,Renewal Reminder,0,No login in 48 days
L01415,Certification Seeker,Standard,599,0.77,5.5,4,Y,Recommend Premium (Power Usage),0,Completed 10 courses - power usage on a non-Premium plan
L01416,Power Learner,Basic,299,1,10.9,0,Y,Recommend Premium,0,Power Learner with 100.0% completion rate
L01417,Casual Learner,Basic,299,0,1.5,34,N,CS Outreach Before Upsell,0,High support ticket volume (3) needs resolution first
L01418,College Student,Standard,599,0.4,2.6,11,Y,Do Not Extend Discount Next Cycle,0,Received 25% discount but only 40.0% completion - discount not driving engagement
L01419,College Student,Basic,299,0.77,5,14,Y,Recommend Premium (Power Usage),15,Completed 10 courses - power usage on a non-Premium plan
L01420,College Student,Premium,1499,1,8.9,19,Y,Student Discount (15%),15,College Student with strong 100.0% completion - budget-sensitive segment
L01421,Casual Learner,Basic,299,0.14,1.4,73,N,High Churn Risk - Win-Back Offer,20,Inactive for 73 days and did not renew last cycle
L01422,College Student,Standard,599,0.73,5.6,24,N,Recommend Premium (Power Usage),10,Completed 11 courses - power usage on a non-Premium plan
L01423,College Student,Pro,999,0.5,5.6,39,N,Verify Extended Student Eligibility,0,Age 18 on Pro - confirm still eligible for extended student pricing
L01424,Working Professional,Pro,999,1,7,9,Y,Recommend Premium,0,Working Professional averaging 7 hrs/week with 100.0% completion
L01425,Working Professional,Premium,1499,0.77,4.5,8,Y,No Action - Standard Monitoring,0,No strong signal in either direction - continue standard monitoring
L01426,College Student,Standard,599,0.5,7.4,39,Y,CS Outreach Before Upsell,0,High support ticket volume (3) needs resolution first
L01427,Certification Seeker,Standard,599,0.89,5.9,16,Y,Recommend Pro (Certification Value),0,Certification Seeker with 89.0% completion - values credentialing
L01428,Working Professional,Standard,599,1,6.1,3,Y,Recommend Premium,0,Working Professional averaging 6.1 hrs/week with 100.0% completion
L01429,Casual Learner,Standard,599,0.33,3,59,N,CS Outreach Before Upsell,0,High support ticket volume (4) needs resolution first
L01430,Casual Learner,Basic,299,0.12,1.2,45,Y,Onboarding Nudge - No Discount,0,"New learner (1 month(s)) with only 1 logins/month - needs onboarding, not a discount"
L01431,College Student,Pro,999,0.62,7.7,6,Y,CS Outreach Before Upsell,0,High support ticket volume (3) needs resolution first
L01432,Casual Learner,Standard,599,0.4,2.9,26,N,Do Not Extend Discount Next Cycle,0,Received 23% discount but only 40.0% completion - discount not driving engagement
L01433,Certification Seeker,Premium,1499,1,4.1,5,Y,Recommend Pro (Certification Value),0,Certification Seeker with 100.0% completion - values credentialing
L01434,College Student,Standard,599,0.56,2.8,6,N,CS Outreach Before Upsell,0,High support ticket volume (3) needs resolution first
L01435,College Student,Standard,599,1,5.7,21,Y,Student Discount (15%),15,College Student with strong 100.0% completion - budget-sensitive segment
L01436,Working Professional,Pro,999,0.55,9.2,1,N,No Action - Standard Monitoring,0,No strong signal in either direction - continue standard monitoring
L01437,College Student,Premium,1499,0.62,4.7,24,Y,Maintain Current Plan - Monitor,0,"Steady mid-range engagement (62.0% completion, 4.7 hrs/week) - no action needed yet"
L01438,Working Professional,Basic,299,0.8,8.1,18,Y,Recommend Premium (Power Usage),10,Completed 12 courses - power usage on a non-Premium plan
L01439,Casual Learner,Standard,599,0.17,0.8,21,Y,Do Not Extend Discount Next Cycle,0,Received 29% discount but only 17.0% completion - discount not driving engagement
L01440,College Student,Standard,599,0,5.8,32,N,CS Outreach Before Upsell,0,High support ticket volume (5) needs resolution first
L01441,College Student,Basic,299,0.5,4.6,24,Y,Maintain Current Plan - Monitor,0,"Steady mid-range engagement (50.0% completion, 4.6 hrs/week) - no action needed yet"
L01442,Casual Learner,Basic,299,0,0.8,61,N,CS Outreach Before Upsell,20,High support ticket volume (4) needs resolution first
L01443,Casual Learner,Standard,599,0.25,1.6,90,N,High Churn Risk - Win-Back Offer,20,Inactive for 90 days and did not renew last cycle
L01444,College Student,Standard,599,0.5,3.6,36,N,Maintain Current Plan - Monitor,0,"Steady mid-range engagement (50.0% completion, 3.6 hrs/week) - no action needed yet"
L01445,Casual Learner,Standard,599,0.36,1,75,N,CS Outreach Before Upsell,20,High support ticket volume (4) needs resolution first
L01446,Working Professional,Standard,599,0.67,6.8,16,Y,CS Outreach Before Upsell,0,High support ticket volume (3) needs resolution first
L01447,Career Switcher,Standard,599,0.73,7.2,0,Y,Recommend Premium (Power Usage),0,Completed 11 courses - power usage on a non-Premium plan
L01448,Working Professional,Basic,299,0.71,5,12,Y,Recommend Upgrade to Standard,10,On Basic but logging in 12x/month with 71.0% completion
L01449,Certification Seeker,Standard,599,0.62,3.1,21,Y,Maintain Current Plan - Monitor,0,"Steady mid-range engagement (62.0% completion, 3.1 hrs/week) - no action needed yet"
L01450,Career Switcher,Pro,999,0.71,9.2,13,N,Recommend Premium (Power Usage),10,Completed 10 courses - power usage on a non-Premium plan
L01451,Casual Learner,Basic,299,0.38,1.1,62,N,CS Outreach Before Upsell,20,High support ticket volume (5) needs resolution first
L01452,Career Switcher,Pro,999,0.6,5.6,14,Y,Maintain Current Plan - Monitor,0,"Steady mid-range engagement (60.0% completion, 5.6 hrs/week) - no action needed yet"
L01453,Casual Learner,Standard,599,0.33,2.6,83,N,CS Outreach Before Upsell,20,High support ticket volume (5) needs resolution first
L01454,College Student,Standard,599,0.5,3.5,8,Y,Maintain Current Plan - Monitor,0,"Steady mid-range engagement (50.0% completion, 3.5 hrs/week) - no action needed yet"
L01455,College Student,Standard,599,0.33,5,31,Y,Low-Intent Discount User - No Further Discount,0,"Coupon user with low 33.0% completion - signals low intent, not price sensitivity"
L01456,Certification Seeker,Standard,599,0.77,7.2,6,N,Recommend Premium (Power Usage),10,Completed 10 courses - power usage on a non-Premium plan
L01457,Power Learner,Premium,1499,1,11.8,2,Y,Recommend Premium,0,Power Learner with 100.0% completion rate
L01458,Certification Seeker,Standard,599,1,5.2,10,Y,Recommend Pro (Certification Value),0,Certification Seeker with 100.0% completion - values credentialing
L01459,Certification Seeker,Standard,599,0.77,7.3,5,Y,Recommend Premium (Power Usage),0,Completed 10 courses - power usage on a non-Premium plan
L01460,Power Learner,Pro,999,0.8,18.8,2,Y,No Action - Standard Monitoring,0,No strong signal in either direction - continue standard monitoring
L01461,College Student,Basic,299,0,2.8,14,Y,Do Not Extend Discount Next Cycle,0,Received 25% discount but only 0.0% completion - discount not driving engagement
L01462,Working Professional,Pro,999,0.67,6.7,17,Y,No Action - Standard Monitoring,0,No strong signal in either direction - continue standard monitoring
L01463,Career Switcher,Pro,999,0.71,11,9,N,Recommend Pro,10,Career Switcher investing 11 hrs/week - high intent to reskill
L01464,College Student,Standard,599,0.67,6.2,11,Y,Recommend Premium (Power Usage),0,Completed 10 courses - power usage on a non-Premium plan
L01465,College Student,Basic,299,0,4.4,15,Y,CS Outreach Before Upsell,0,High support ticket volume (3) needs resolution first
L01466,College Student,Pro,999,0.46,2.8,21,N,Verify Extended Student Eligibility,0,Age 20 on Pro - confirm still eligible for extended student pricing
L01467,Career Switcher,Pro,999,0.71,6.3,9,Y,No Action - Standard Monitoring,0,No strong signal in either direction - continue standard monitoring
L01468,Career Switcher,Standard,599,1,10.3,5,Y,Recommend Pro,0,Career Switcher investing 10.3 hrs/week - high intent to reskill
L01469,Certification Seeker,Standard,599,0.7,5,15,N,Maintain Current Plan - Monitor,0,"Steady mid-range engagement (70.0% completion, 5 hrs/week) - no action needed yet"
L01470,Working Professional,Pro,999,0.57,6.1,18,Y,No Action - Standard Monitoring,0,No strong signal in either direction - continue standard monitoring
L01471,College Student,Pro,999,0.57,5.3,32,N,Maintain Current Plan - Monitor,0,"Steady mid-range engagement (57.0% completion, 5.3 hrs/week) - no action needed yet"
L01472,Working Professional,Basic,299,0.67,5,8,Y,Recommend Upgrade to Standard,10,On Basic but logging in 16x/month with 67.0% completion
L01473,College Student,Basic,299,0.36,2.7,8,N,CS Outreach Before Upsell,0,High support ticket volume (5) needs resolution first
L01474,Working Professional,Standard,599,0.67,9.8,8,Y,Loyalty Reward (Free Month / 10% Off Renewal),10,Working Professional loyal for 10 months with consistent renewals
L01475,Career Switcher,Pro,999,0.71,7.1,15,N,Offer Loyalty Discount (10%),10,"Engaged (71.0% completion) but did not renew - likely a price objection, not a satisfaction issue"
L01476,Certification Seeker,Basic,299,0.78,7.7,10,Y,Recommend Upgrade to Pro,0,On Basic but completing 78.0% at 7.7 hrs/week - outgrowing current plan
L01477,Working Professional,Pro,999,0.83,5.2,5,Y,Loyalty Reward (Free Month / 10% Off Renewal),10,Working Professional loyal for 9 months with consistent renewals
L01478,College Student,Standard,599,0.5,6.1,23,Y,No Action - Standard Monitoring,0,No strong signal in either direction - continue standard monitoring
L01479,Career Switcher,Standard,599,0.62,5.1,5,N,Maintain Current Plan - Monitor,0,"Steady mid-range engagement (62.0% completion, 5.1 hrs/week) - no action needed yet"
L01480,Power Learner,Pro,999,0.67,18.8,0,Y,No Action - Standard Monitoring,0,No strong signal in either direction - continue standard monitoring
L01481,Career Switcher,Pro,999,0.58,9.9,12,Y,CS Outreach Before Upsell,0,High support ticket volume (3) needs resolution first
L01482,College Student,Basic,299,0.25,2.5,2,N,No Action - Standard Monitoring,0,No strong signal in either direction - continue standard monitoring
L01483,College Student,Basic,299,1,2.7,14,N,Offer Loyalty Discount (10%),10,"Engaged (100.0% completion) but did not renew - likely a price objection, not a satisfaction issue"
L01484,College Student,Basic,299,1,2.8,26,Y,Recommend Upgrade to Standard,15,On Basic but logging in 14x/month with 100.0% completion
L01485,Casual Learner,Basic,299,0,1.3,45,N,Low-Intent Discount User - No Further Discount,0,"Coupon user with low 0.0% completion - signals low intent, not price sensitivity"
L01486,College Student,Basic,299,0.5,3.8,27,Y,Maintain Current Plan - Monitor,0,"Steady mid-range engagement (50.0% completion, 3.8 hrs/week) - no action needed yet"
L01487,Casual Learner,Basic,299,0.29,2.8,86,N,CS Outreach Before Upsell,20,High support ticket volume (4) needs resolution first
L01488,College Student,Standard,599,0.57,7.7,4,N,No Action - Standard Monitoring,0,No strong signal in either direction - continue standard monitoring
L01489,Certification Seeker,Standard,599,0.75,3.2,9,N,Offer Loyalty Discount (10%),10,"Engaged (75.0% completion) but did not renew - likely a price objection, not a satisfaction issue"
L01490,College Student,Standard,599,0.5,5.5,36,Y,Maintain Current Plan - Monitor,0,"Steady mid-range engagement (50.0% completion, 5.5 hrs/week) - no action needed yet"
L01491,Working Professional,Standard,599,0.67,6.5,8,Y,No Action - Standard Monitoring,0,No strong signal in either direction - continue standard monitoring
L01492,Power Learner,Premium,1499,1,16.3,3,Y,Recommend Premium,0,Power Learner with 100.0% completion rate
L01493,Career Switcher,Pro,999,0.57,6.8,1,Y,No Action - Standard Monitoring,0,No strong signal in either direction - continue standard monitoring
L01494,Working Professional,Standard,599,0.75,6.4,2,Y,Recommend Premium,0,Working Professional averaging 6.4 hrs/week with 75.0% completion
L01495,Working Professional,Pro,999,0.73,7.3,11,N,Recommend Premium (Power Usage),10,Completed 11 courses - power usage on a non-Premium plan
L01496,College Student,Basic,299,0.64,4.2,29,N,Maintain Current Plan - Monitor,0,"Steady mid-range engagement (64.0% completion, 4.2 hrs/week) - no action needed yet"
L01497,Working Professional,Premium,1499,0.8,8.2,8,Y,Recommend Premium,0,Working Professional averaging 8.2 hrs/week with 80.0% completion
L01498,Career Switcher,Pro,999,0.71,8.8,5,N,Recommend Pro,10,Career Switcher investing 8.8 hrs/week - high intent to reskill
L01499,Career Switcher,Standard,599,0.62,10.3,1,Y,Recommend Pro,0,Career Switcher investing 10.3 hrs/week - high intent to reskill
L01500,Casual Learner,Premium,1499,0.43,3.1,61,N,High Churn Risk - Win-Back Offer,20,Inactive for 61 days and did not renew last cycle
L01501,College Student,Standard,599,0.73,5,34,Y,Student Discount (15%),15,College Student with strong 73.0% completion - budget-sensitive segment
L01502,College Student,Standard,599,0.54,8.5,0,Y,No Action - Standard Monitoring,0,No strong signal in either direction - continue standard monitoring
L01503,Career Switcher,Pro,999,0.62,9.9,7,N,CS Outreach Before Upsell,0,High support ticket volume (3) needs resolution first
L01504,Working Professional,Pro,999,1,4.2,7,Y,Referral Program Candidate,0,Highly active (logged in 7 day(s) ago) with 100.0% completion - strong advocate potential
L01505,Power Learner,Pro,999,0.71,16.1,3,Y,Recommend Annual Plan,0,Power Learner active for 10 months - strong annual-plan candidate
L01506,Working Professional,Premium,1499,0.67,5,7,N,Maintain Current Plan - Monitor,0,"Steady mid-range engagement (67.0% completion, 5 hrs/week) - no action needed yet"
L01507,Casual Learner,Standard,599,0.29,1.9,20,N,Engagement Nudge - Stay on Basic,0,Casual Learner with low 29.0% completion - keep expectations low-commitment
L01508,Working Professional,Standard,599,0.67,9.1,20,Y,Loyalty Reward (Free Month / 10% Off Renewal),10,Working Professional loyal for 11 months with consistent renewals
L01509,Certification Seeker,Basic,299,0.78,4,20,Y,Recommend Upgrade to Standard,0,On Basic but logging in 14x/month with 78.0% completion
L01510,College Student,Standard,599,1,7.8,20,Y,Recommend Upgrade to Pro,15,On Standard but completing 100.0% at 7.8 hrs/week - outgrowing current plan
L01511,Working Professional,Pro,999,1,7.8,2,Y,Recommend Premium,0,Working Professional averaging 7.8 hrs/week with 100.0% completion
L01512,College Student,Basic,299,0.5,2.2,1,Y,CS Outreach Before Upsell,0,High support ticket volume (3) needs resolution first
L01513,Certification Seeker,Standard,599,0.67,4.9,20,Y,Maintain Current Plan - Monitor,0,"Steady mid-range engagement (67.0% completion, 4.9 hrs/week) - no action needed yet"
L01514,College Student,Basic,299,0.6,8.1,26,Y,CS Outreach Before Upsell,0,High support ticket volume (3) needs resolution first
L01515,College Student,Basic,299,0.62,2.4,24,Y,Recommend Upgrade to Standard,0,On Basic but logging in 13x/month with 62.0% completion
L01516,College Student,Basic,299,0.5,6.9,16,N,No Action - Standard Monitoring,0,No strong signal in either direction - continue standard monitoring
L01517,College Student,Standard,599,0.33,7.9,34,Y,CS Outreach Before Upsell,0,High support ticket volume (4) needs resolution first
L01518,Working Professional,Standard,599,0.57,9.8,13,Y,No Action - Standard Monitoring,0,No strong signal in either direction - continue standard monitoring
L01519,College Student,Pro,999,0.67,8.3,3,Y,No Action - Standard Monitoring,0,No strong signal in either direction - continue standard monitoring
L01520,Working Professional,Standard,599,0.67,4.4,18,Y,Maintain Current Plan - Monitor,0,"Steady mid-range engagement (67.0% completion, 4.4 hrs/week) - no action needed yet"
L01521,Casual Learner,Basic,299,0.23,3,43,N,CS Outreach Before Upsell,0,High support ticket volume (3) needs resolution first
L01522,College Student,Basic,299,0.33,5.7,38,Y,CS Outreach Before Upsell,0,High support ticket volume (3) needs resolution first
L01523,Career Switcher,Pro,999,0.73,10.2,9,Y,Recommend Pro,0,Career Switcher investing 10.2 hrs/week - high intent to reskill
L01524,Career Switcher,Basic,299,0.55,10.7,10,Y,Recommend Pro,0,Career Switcher investing 10.7 hrs/week - high intent to reskill
L01525,Career Switcher,Standard,599,0.83,10.5,9,Y,Recommend Pro,0,Career Switcher investing 10.5 hrs/week - high intent to reskill
L01526,College Student,Premium,1499,0.78,6.3,39,N,Offer Loyalty Discount (10%),10,"Engaged (78.0% completion) but did not renew - likely a price objection, not a satisfaction issue"
L01527,Career Switcher,Pro,999,0.6,5.6,11,N,Maintain Current Plan - Monitor,0,"Steady mid-range engagement (60.0% completion, 5.6 hrs/week) - no action needed yet"
L01528,Working Professional,Pro,999,0.62,9.5,0,Y,Loyalty Reward (Free Month / 10% Off Renewal),10,Working Professional loyal for 11 months with consistent renewals
L01529,College Student,Standard,599,0.38,4.2,6,Y,Low-Intent Discount User - No Further Discount,0,"Coupon user with low 38.0% completion - signals low intent, not price sensitivity"
L01530,Power Learner,Standard,599,0.83,17.6,0,Y,Recommend Premium,0,Power Learner with 83.0% completion rate
L01531,College Student,Basic,299,0.6,7.7,17,Y,CS Outreach Before Upsell,0,High support ticket volume (3) needs resolution first
L01532,Working Professional,Pro,999,0.5,9.9,15,Y,CS Outreach Before Upsell,0,High support ticket volume (3) needs resolution first
L01533,Power Learner,Premium,1499,0.83,19.6,2,Y,Recommend Premium,0,Power Learner with 83.0% completion rate
L01534,College Student,Basic,299,0.75,2.6,20,Y,Student Discount (15%),15,College Student with strong 75.0% completion - budget-sensitive segment
L01535,Career Switcher,Pro,999,0.77,5.4,7,Y,Recommend Premium (Power Usage),0,Completed 10 courses - power usage on a non-Premium plan
L01536,Power Learner,Pro,999,1,10.2,3,Y,Recommend Premium,0,Power Learner with 100.0% completion rate
L01537,Certification Seeker,Pro,999,0.67,6.7,17,Y,No Action - Standard Monitoring,0,No strong signal in either direction - continue standard monitoring
L01538,Certification Seeker,Pro,999,0.67,4.2,4,Y,Recommend Premium (Power Usage),0,Completed 10 courses - power usage on a non-Premium plan
L01539,Working Professional,Pro,999,1,8.3,15,Y,Recommend Premium,10,Working Professional averaging 8.3 hrs/week with 100.0% completion
L01540,Career Switcher,Basic,299,0.5,11,12,Y,Recommend Pro,0,Career Switcher investing 11 hrs/week - high intent to reskill
L01541,Working Professional,Pro,999,0.62,7.6,1,Y,No Action - Standard Monitoring,0,No strong signal in either direction - continue standard monitoring
L01542,College Student,Standard,599,0.58,4.5,18,N,Maintain Current Plan - Monitor,0,"Steady mid-range engagement (58.0% completion, 4.5 hrs/week) - no action needed yet"
L01543,Certification Seeker,Standard,599,0.6,3.4,23,N,CS Outreach Before Upsell,0,High support ticket volume (3) needs resolution first
L01544,College Student,Basic,299,0,4.6,23,Y,Low-Intent Discount User - No Further Discount,0,"Coupon user with low 0.0% completion - signals low intent, not price sensitivity"
L01545,Working Professional,Standard,599,1,7.1,10,Y,Recommend Premium,0,Working Professional averaging 7.1 hrs/week with 100.0% completion
L01546,Working Professional,Standard,599,0.8,9.3,20,N,Recommend Premium,10,Working Professional averaging 9.3 hrs/week with 80.0% completion
L01547,Career Switcher,Pro,999,0.5,9.5,11,N,Recommend Pro,0,Career Switcher investing 9.5 hrs/week - high intent to reskill
L01548,Working Professional,Pro,999,0.67,5.4,18,Y,Maintain Current Plan - Monitor,0,"Steady mid-range engagement (67.0% completion, 5.4 hrs/week) - no action needed yet"
L01549,Career Switcher,Standard,599,0.6,11.5,10,Y,Recommend Pro,0,Career Switcher investing 11.5 hrs/week - high intent to reskill
L01550,Casual Learner,Pro,999,0.5,2.3,22,N,No Action - Standard Monitoring,0,No strong signal in either direction - continue standard monitoring
L01551,Career Switcher,Pro,999,0.5,6.1,11,N,No Action - Standard Monitoring,0,No strong signal in either direction - continue standard monitoring
L01552,Working Professional,Pro,999,0.6,5.9,0,N,CS Outreach Before Upsell,0,High support ticket volume (3) needs resolution first
L01553,Working Professional,Pro,999,0.5,6.2,0,Y,CS Outreach Before Upsell,0,High support ticket volume (3) needs resolution first
L01554,Casual Learner,Standard,599,0,2,87,N,High Churn Risk - Win-Back Offer,20,Inactive for 87 days and did not renew last cycle
L01555,Career Switcher,Basic,299,0.54,11.8,6,Y,Recommend Pro,0,Career Switcher investing 11.8 hrs/week - high intent to reskill
L01556,Working Professional,Standard,599,0.67,9.6,18,Y,Loyalty Reward (Free Month / 10% Off Renewal),10,Working Professional loyal for 12 months with consistent renewals
L01557,Working Professional,Pro,999,0.62,6.8,0,N,CS Outreach Before Upsell,0,High support ticket volume (3) needs resolution first
L01558,Casual Learner,Basic,299,0.2,3.3,43,N,Low-Intent Discount User - No Further Discount,0,"Coupon user with low 20.0% completion - signals low intent, not price sensitivity"
L01559,College Student,Standard,599,0.33,3.5,18,Y,CS Outreach Before Upsell,0,High support ticket volume (3) needs resolution first
L01560,College Student,Standard,599,0.53,6.6,10,Y,No Action - Standard Monitoring,0,No strong signal in either direction - continue standard monitoring
L01561,Certification Seeker,Standard,599,1,3.1,8,Y,Recommend Pro (Certification Value),0,Certification Seeker with 100.0% completion - values credentialing
L01562,Working Professional,Pro,999,0.55,7.5,19,Y,Loyalty Reward (Free Month / 10% Off Renewal),10,Working Professional loyal for 10 months with consistent renewals
L01563,College Student,Basic,299,0.5,4.3,38,Y,Maintain Current Plan - Monitor,0,"Steady mid-range engagement (50.0% completion, 4.3 hrs/week) - no action needed yet"
L01564,Casual Learner,Basic,299,0.38,1.1,39,Y,Low-Intent Discount User - No Further Discount,0,"Coupon user with low 38.0% completion - signals low intent, not price sensitivity"
L01565,Casual Learner,Basic,299,0.11,3.1,76,N,CS Outreach Before Upsell,20,High support ticket volume (3) needs resolution first
L01566,College Student,Standard,599,0.5,7.1,40,Y,No Action - Standard Monitoring,0,No strong signal in either direction - continue standard monitoring
L01567,Career Switcher,Pro,999,1,8.2,11,Y,Recommend Pro,0,Career Switcher investing 8.2 hrs/week - high intent to reskill
L01568,College Student,Standard,599,0.69,8.9,25,Y,No Action - Standard Monitoring,0,No strong signal in either direction - continue standard monitoring
L01569,College Student,Basic,299,0.64,8.9,31,N,Recommend Upgrade to Standard,0,On Basic but logging in 13x/month with 64.0% completion
L01570,Casual Learner,Standard,599,0.14,3.5,46,N,CS Outreach Before Upsell,0,High support ticket volume (3) needs resolution first
L01571,College Student,Basic,299,0.6,3.1,37,N,Maintain Current Plan - Monitor,0,"Steady mid-range engagement (60.0% completion, 3.1 hrs/week) - no action needed yet"
L01572,Career Switcher,Basic,299,0.67,5.5,14,N,Recommend Upgrade to Standard,0,On Basic but logging in 18x/month with 67.0% completion
L01573,Casual Learner,Basic,299,0.33,1.1,79,N,High Churn Risk - Win-Back Offer,20,Inactive for 79 days and did not renew last cycle
L01574,Career Switcher,Pro,999,0.5,5.5,1,Y,Maintain Current Plan - Monitor,0,"Steady mid-range engagement (50.0% completion, 5.5 hrs/week) - no action needed yet"
L01575,Working Professional,Standard,599,0.7,5.9,14,N,Maintain Current Plan - Monitor,0,"Steady mid-range engagement (70.0% completion, 5.9 hrs/week) - no action needed yet"
L01576,Career Switcher,Standard,599,0.67,10.6,1,Y,CS Outreach Before Upsell,0,High support ticket volume (3) needs resolution first
L01577,College Student,Standard,599,0.53,5.5,21,N,Maintain Current Plan - Monitor,0,"Steady mid-range engagement (53.0% completion, 5.5 hrs/week) - no action needed yet"
L01578,Working Professional,Standard,599,0.67,4,16,Y,Maintain Current Plan - Monitor,0,"Steady mid-range engagement (67.0% completion, 4 hrs/week) - no action needed yet"
L01579,College Student,Basic,299,0.6,2.7,16,Y,No Action - Standard Monitoring,0,No strong signal in either direction - continue standard monitoring
L01580,Casual Learner,Basic,299,0.36,4,85,N,High Churn Risk - Win-Back Offer,20,Inactive for 85 days and did not renew last cycle
L01581,Power Learner,Premium,1499,1,18.1,1,Y,Recommend Premium,0,Power Learner with 100.0% completion rate
L01582,Casual Learner,Basic,299,0.18,3.2,28,N,Engagement Nudge - Stay on Basic,0,Casual Learner with low 18.0% completion - keep expectations low-commitment
L01583,Working Professional,Standard,599,0.75,6,17,Y,No Action - Standard Monitoring,0,No strong signal in either direction - continue standard monitoring
L01584,Certification Seeker,Pro,999,1,6.8,9,Y,Recommend Pro (Certification Value),0,Certification Seeker with 100.0% completion - values credentialing
L01585,Career Switcher,Standard,599,0.55,5,8,N,Maintain Current Plan - Monitor,0,"Steady mid-range engagement (55.0% completion, 5 hrs/week) - no action needed yet"
L01586,Working Professional,Standard,599,0.6,7.7,14,Y,CS Outreach Before Upsell,0,High support ticket volume (3) needs resolution first
L01587,Career Switcher,Premium,1499,0.73,9.6,13,Y,Recommend Pro,0,Career Switcher investing 9.6 hrs/week - high intent to reskill
L01588,Career Switcher,Pro,999,0.57,11.1,8,N,Recommend Pro,0,Career Switcher investing 11.1 hrs/week - high intent to reskill
L01589,Working Professional,Pro,999,0.67,5,15,N,Maintain Current Plan - Monitor,0,"Steady mid-range engagement (67.0% completion, 5 hrs/week) - no action needed yet"
L01590,Working Professional,Pro,999,0.62,9.5,11,Y,CS Outreach Before Upsell,10,High support ticket volume (3) needs resolution first
L01591,College Student,Standard,599,1,4.2,35,Y,Student Discount (15%),15,College Student with strong 100.0% completion - budget-sensitive segment
L01592,Casual Learner,Basic,299,0.5,3.8,39,N,Maintain Current Plan - Monitor,0,"Steady mid-range engagement (50.0% completion, 3.8 hrs/week) - no action needed yet"
L01593,Casual Learner,Standard,599,0.13,2.4,77,N,CS Outreach Before Upsell,20,High support ticket volume (4) needs resolution first
L01594,Casual Learner,Basic,299,0.47,1.2,29,N,CS Outreach Before Upsell,0,High support ticket volume (3) needs resolution first
L01595,Working Professional,Standard,599,0.7,4.3,11,Y,Loyalty Reward (Free Month / 10% Off Renewal),10,Working Professional loyal for 10 months with consistent renewals
L01596,Career Switcher,Pro,999,0.71,5.2,0,Y,No Action - Standard Monitoring,0,No strong signal in either direction - continue standard monitoring
L01597,Certification Seeker,Standard,599,0.79,3.5,16,N,Recommend Premium (Power Usage),10,Completed 11 courses - power usage on a non-Premium plan
L01598,College Student,Basic,299,0.67,2.3,3,Y,CS Outreach Before Upsell,0,High support ticket volume (3) needs resolution first
L01599,Certification Seeker,Pro,999,1,7.5,7,Y,Recommend Pro (Certification Value),0,Certification Seeker with 100.0% completion - values credentialing
L01600,Working Professional,Standard,599,0.5,6.7,14,Y,Loyalty Reward (Free Month / 10% Off Renewal),10,Working Professional loyal for 12 months with consistent renewals
